{"type":"FeatureCollection","features":[{"type":"Feature","geometry":{"type":"Polygon","coordinates":[[[139.5477583921362,35.934202305891745],[139.54619111572742,35.921913171755534],[139.55491243875815,35.90368489234396],[139.54946652396097,35.88723105446962],[139.559567612955,35.880549667233424],[139.55890620026105,35.87410441408747],[139.57647263350532,35.87145997289946],[139.5727337479642,35.88035417170772],[139.597803722364,35.88061453263464],[139.6036774716381,35.88755058629056],[139.59731055843554,35.891019667124],[139.59724177738622,35.91501402717569],[139.59727077872355,35.93663286491483],[139.5863966414919,35.94577644122984],[139.57494075261366,35.94412394596338],[139.55667455328808,35.935380360215504],[139.5477583921362,35.934202305891745]]]},"properties":{"N03_001":"埼玉県","N03_002":null,"N03_003":"さいたま市","N03_004":"西区","N03_007":"11101"}},{"type":"Feature","geometry":{"type":"Polygon","coordinates":[[[139.59724177738622,35.91501402717569],[139.61178649844817,35.91631433353973],[139.61850435858935,35.921995359898006],[139.6416317775845,35.92424689268],[139.6424360574781,35.93924961327906],[139.6257003891617,35.95241425271564],[139.61361627796896,35.96602422563757],[139.60006953368213,35.95948005426112],[139.58822197116706,35.96030113528923],[139.59896000050367,35.94412230649931],[139.59727077872355,35.93663286491483],[139.59724177738622,35.91501402717569]]]},"properties":{"N03_001":"埼玉県","N03_002":null,"N03_003":"さいたま市","N03_004":"北区","N03_007":"11102"}},{"type":"Feature","geometry":{"type":"Polygon","coordinates":[[[139.6036774716381,35.88755058629056],[139.6042746169801,35.88860835988794],[139.6074157726199,35.8960126131916],[139.635923555102,35.8891892522158],[139.6472577563873,35.88983227963604],[139.64830808005388,35.9014811351463],[139.6478153576927,35.91225269390674],[139.6416317775845,35.92424689268],[139.61850435858935,35.921995359898006],[139.61178649844817,35.91631433353973],[139.59724177738622,35.91501402717569],[139.59731055843554,35.891019667124],[139.6036774716381,35.88755058629056]]]},"properties":{"N03_001":"埼玉県","N03_002":null,"N03_003":"さいたま市","N03_004":"大宮区","N03_007":"11103"}},{"type":"Feature","geometry":{"type":"Polygon","coordinates":[[[139.6416317775845,35.92424689268],[139.6478153576927,35.91225269390674],[139.64830808005388,35.9014811351463],[139.66089625226027,35.893827108634184],[139.6696603893156,35.896892946052674],[139.68896766542548,35.89561072145767],[139.70087102547745,35.89889386565943],[139.69266949440168,35.911781919500015],[139.70042080417682,35.915710532315245],[139.69079719853198,35.930382694505795],[139.6846019200426,35.93303546791259],[139.68208919625943,35.94950044119247],[139.66952644608864,35.96358153206211],[139.65787975434728,35.96394150549611],[139.64887608376432,35.96222261328302],[139.6452896117263,35.95136261339394],[139.6369940601278,35.95518313489379],[139.6257003891617,35.95241425271564],[139.6424360574781,35.93924961327906],[139.6416317775845,35.92424689268]]]},"properties":{"N03_001":"埼玉県","N03_002":null,"N03_003":"さいたま市","N03_004":"見沼区","N03_007":"11104"}},{"type":"Feature","geometry":{"type":"Polygon","coordinates":[[[139.6042746169801,35.88860835988794],[139.6098603376845,35.884916387481326],[139.61883119380457,35.86913717154329],[139.6362904674312,35.86037527919581],[139.6401962778961,35.8581054145322],[139.635923555102,35.8891892522158],[139.6074157726199,35.8960126131916],[139.6042746169801,35.88860835988794]]]},"properties":{"N03_001":"埼玉県","N03_002":null,"N03_003":"さいたま市","N03_004":"中央区","N03_007":"11105"}},{"type":"Feature","geometry":{"type":"Polygon","coordinates":[[[139.57647263350532,35.87145997289946],[139.5851390016636,35.86050194600807],[139.60739922239623,35.834763387720216],[139.61656852112037,35.83399472097966],[139.63591869039533,35.8410123602323],[139.63316600500718,35.85138489249886],[139.6362904674312,35.86037527919581],[139.61883119380457,35.86913717154329],[139.6098603376845,35.884916387481326],[139.6042746169801,35.88860835988794],[139.6036774716381,35.88755058629056],[139.597803722364,35.88061453263464],[139.5727337479642,35.88035417170772],[139.57647263350532,35.87145997289946]]]},"properties":{"N03_001":"埼玉県","N03_002":null,"N03_003":"さいたま市","N03_004":"桜区","N03_007":"11106"}},{"type":"Feature","geometry":{"type":"Polygon","coordinates":[[[139.635923555102,35.8891892522158],[139.6401962778961,35.8581054145322],[139.65898749697544,35.8470401354939],[139.66696963663946,35.852563224713094],[139.6663446689713,35.861316279422795],[139.66840350221992,35.88343136036906],[139.66089625226027,35.893827108634184],[139.64830808005388,35.9014811351463],[139.6472577563873,35.88983227963604],[139.635923555102,35.8891892522158]]]},"properties":{"N03_001":"埼玉県","N03_002":null,"N03_003":"さいたま市","N03_004":"浦和区","N03_007":"11107"}},{"type":"Feature","geometry":{"type":"Polygon","coordinates":[[[139.6362904674312,35.86037527919581],[139.63316600500718,35.85138489249886],[139.63591869039533,35.8410123602323],[139.61656852112037,35.83399472097966],[139.61870338575272,35.829091440917296],[139.6500024387616,35.83280533339945],[139.66328944265376,35.82901119800846],[139.67710477306684,35.832694802223386],[139.67522930079167,35.85050477547509],[139.6957146438158,35.84857538704455],[139.69805719878082,35.85740317091967],[139.69462416367423,35.863396000325224],[139.67850046782235,35.866778586162866],[139.6663446689713,35.861316279422795],[139.66696963663946,35.852563224713094],[139.65898749697544,35.8470401354939],[139.6401962778961,35.8581054145322],[139.6362904674312,35.86037527919581]]]},"properties":{"N03_001":"埼玉県","N03_002":null,"N03_003":"さいたま市","N03_004":"南区","N03_007":"11108"}},{"type":"Feature","geometry":{"type":"Polygon","coordinates":[[[139.66089625226027,35.893827108634184],[139.66840350221992,35.88343136036906],[139.6663446689713,35.861316279422795],[139.67850046782235,35.866778586162866],[139.69462416367423,35.863396000325224],[139.69805719878082,35.85740317091967],[139.70410863880272,35.86231566723433],[139.7178625554127,35.86229289190351],[139.7202145532591,35.87031591924432],[139.71354428074403,35.87671369448145],[139.7408082753817,35.87630283830538],[139.74336055854303,35.88593669442298],[139.73102224408137,35.89895917172845],[139.7176702722653,35.90888441448419],[139.70042080417682,35.915710532315245],[139.69266949440168,35.911781919500015],[139.70087102547745,35.89889386565943],[139.68896766542548,35.89561072145767],[139.6696603893156,35.896892946052674],[139.66089625226027,35.893827108634184]]]},"properties":{"N03_001":"埼玉県","N03_002":null,"N03_003":"さいたま市","N03_004":"緑区","N03_007":"11109"}},{"type":"Feature","geometry":{"type":"Polygon","coordinates":[[[139.70042080417682,35.915710532315245],[139.7176702722653,35.90888441448419],[139.73102224408137,35.89895917172845],[139.74336055854303,35.88593669442298],[139.7522888857236,35.88029280197128],[139.74523810645348,35.89372250488975],[139.7534767444563,35.895784135029885],[139.75450905374987,35.910482171615],[139.7451226721737,35.91749300030176],[139.754275305561,35.93545769471689],[139.75194586361079,35.94052853196621],[139.74576116744402,35.95225713575826],[139.7205683015859,35.95837850526385],[139.71338108976556,35.965575171656894],[139.72464727655063,35.972719892309215],[139.72448678353828,35.98572625196499],[139.70785730267244,35.99530541401367],[139.69196810684275,35.99903372172895],[139.69560141467366,35.991082613172125],[139.68434380022632,35.97560958671312],[139.66607900114502,35.975600108758044],[139.65787975434728,35.96394150549611],[139.66952644608864,35.96358153206211],[139.68208919625943,35.94950044119247],[139.6846019200426,35.93303546791259],[139.69079719853198,35.930382694505795],[139.70042080417682,35.915710532315245]]]},"properties":{"N03_001":"埼玉県","N03_002":null,"N03_003":"さいたま市","N03_004":"岩槻区","N03_007":"11110"}},{"type":"Feature","geometry":{"type":"Polygon","coordinates":[[[139.54354313930446,35.937769252748865],[139.53658511071433,35.94813391954483],[139.50281810667036,35.95552253273877],[139.47947000034026,35.95637591921337],[139.46769830103585,35.96007397373495],[139.45067658895346,35.94833877521438],[139.43474625273745,35.94511825260531],[139.4311457206985,35.9588921080844],[139.42146041526598,35.95577127892142],[139.42882066114464,35.940242999914574],[139.41193083014377,35.92399969423053],[139.3891896375918,35.91423305411223],[139.37948185540336,35.919925559417095],[139.38443766576574,35.908515865115135],[139.392586835614,35.908246135051115],[139.40155097379852,35.89566974846019],[139.41170600502812,35.90091058635454],[139.44130072674716,35.884886171159906],[139.45397763955646,35.876157000645094],[139.46200072625254,35.87786144165227],[139.46578900166116,35.86707672131371],[139.45878061013707,35.85904480237576],[139.4760541377883,35.8399256671359],[139.47789885954478,35.8375840007011],[139.48709752383172,35.8420336941997],[139.48500727636474,35.849547305963426],[139.4746292222609,35.85517646841936],[139.4955779517611,35.864391973410875],[139.51095749729075,35.87977972165686],[139.51442005264335,35.888068585896576],[139.5280586644758,35.88122886492022],[139.5471100780677,35.881090532102405],[139.54946652396097,35.88723105446962],[139.55491243875815,35.90368489234396],[139.54619111572742,35.921913171755534],[139.5477583921362,35.934202305891745],[139.54354313930446,35.937769252748865]]]},"properties":{"N03_001":"埼玉県","N03_002":null,"N03_003":null,"N03_004":"川越市","N03_007":"11201"}},{"type":"Feature","geometry":{"type":"Polygon","coordinates":[[[139.44420464302993,36.19678969428901],[139.4190718941527,36.21644525264634],[139.3934315823018,36.22762413504586],[139.37667299656164,36.24450494674596],[139.35823299605602,36.25332800018714],[139.3278803374077,36.239876387085644],[139.33550391737197,36.232744720992116],[139.33645050598614,36.21762638714807],[139.3321900523291,36.18532394614323],[139.31785771696013,36.17421227907346],[139.31251442380164,36.17787977553127],[139.29606600524198,36.16682561291174],[139.29327763925176,36.16174786527182],[139.31481175096155,36.146553134919316],[139.3121166932309,36.13836841397119],[139.31133438467418,36.11696344130979],[139.30122433213728,36.110350666949785],[139.30923294424508,36.10522594592072],[139.32091260783068,36.09055680275429],[139.34222961150738,36.08998538701604],[139.34388883370275,36.10361705428369],[139.37586306173102,36.099253973592056],[139.387150052533,36.101768108411534],[139.39484814582534,36.10122977513407],[139.41279869030734,36.09023697325779],[139.40845805399601,36.076115306776046],[139.42159335934616,36.06964335995315],[139.44543655055645,36.08054164038447],[139.4466198830013,36.083588027265705],[139.43294766530255,36.092625837912124],[139.4317783011278,36.11069083821167],[139.43114007835197,36.13161336056817],[139.42268119368225,36.13872974807947],[139.4223837483114,36.147613081278735],[139.433580441784,36.14720725231291],[139.43205438400264,36.15863364072999],[139.4350275238013,36.17038610803252],[139.42149416322513,36.171470000640056],[139.41890063625544,36.18944138691052],[139.42306958569293,36.19763472156518],[139.44420464302993,36.19678969428901]]]},"properties":{"N03_001":"埼玉県","N03_002":null,"N03_003":null,"N03_004":"熊谷市","N03_007":"11202"}},{"type":"Feature","geometry":{"type":"Polygon","coordinates":[[[139.67710477306684,35.832694802223386],[139.709848755116,35.82630902753965],[139.6995183920602,35.81532177537969],[139.697671920223,35.79844455916913],[139.70919552535327,35.7920173329336],[139.73387163446841,35.79004708110796],[139.73783297001557,35.78052791912819],[139.7550008300243,35.786895694780526],[139.76076924800248,35.797410414359206],[139.7506556683245,35.80666874866387],[139.76761494227583,35.81768400031643],[139.78828725075607,35.82467369403582],[139.7790742539737,35.83306480219892],[139.77866542217157,35.84216310844073],[139.77133708244048,35.84848422546668],[139.76360577268838,35.863375613593746],[139.76985108945632,35.86631419874135],[139.7522888857236,35.88029280197128],[139.74336055854303,35.88593669442298],[139.7408082753817,35.87630283830538],[139.71354428074403,35.87671369448145],[139.7202145532591,35.87031591924432],[139.7178625554127,35.86229289190351],[139.70410863880272,35.86231566723433],[139.69805719878082,35.85740317091967],[139.6957146438158,35.84857538704455],[139.67522930079167,35.85050477547509],[139.67710477306684,35.832694802223386]]]},"properties":{"N03_001":"埼玉県","N03_002":null,"N03_003":null,"N03_004":"川口市","N03_007":"11203"}},{"type":"Feature","geometry":{"type":"Polygon","coordinates":[[[139.4317783011278,36.11069083821167],[139.44121228381994,36.11742222505569],[139.4585203634241,36.11161944128423],[139.4659815051424,36.11279441453064],[139.47918511040461,36.10349830600205],[139.48770286649415,36.09152161343178],[139.4934890011166,36.09191633307239],[139.50250522713463,36.10382080198849],[139.49678108907608,36.11168580225802],[139.5061133593441,36.115275000141196],[139.51043007818566,36.12467527894103],[139.5309412452424,36.11767138762451],[139.535539663225,36.12662030658191],[139.52442522714261,36.13821617133931],[139.51632297042886,36.138119468138996],[139.5118155251664,36.15420838720735],[139.49819883340945,36.1556547479683],[139.4976430227074,36.162272279741956],[139.48803747095258,36.17293836061691],[139.5016762005962,36.18274617169851],[139.4955167834728,36.192578640392014],[139.47442500600926,36.189457505459586],[139.45434856043778,36.19141027896126],[139.44420464302993,36.19678969428901],[139.42306958569293,36.19763472156518],[139.41890063625544,36.18944138691052],[139.42149416322513,36.171470000640056],[139.4350275238013,36.17038610803252],[139.43205438400264,36.15863364072999],[139.433580441784,36.14720725231291],[139.4223837483114,36.147613081278735],[139.42268119368225,36.13872974807947],[139.43114007835197,36.13161336056817],[139.4317783011278,36.11069083821167]]]},"properties":{"N03_001":"埼玉県","N03_002":null,"N03_003":null,"N03_004":"行田市","N03_007":"11206"}},{"type":"Feature","geometry":{"type":"Polygon","coordinates":[[[138.97649289283277,36.11721058669929],[138.97001204901687,36.1242389737497],[138.95845228304654,36.124090359882246],[138.95655335915023,36.10570200024716],[138.9447952530985,36.09448866751802],[138.93107632910937,36.088119532090786],[138.93341019572404,36.078825054033075],[138.95485494270156,36.0597530270806],[138.97250469543542,36.05316322500289],[138.96932518820688,36.043281558896865],[138.98405272435377,36.03434397319586],[139.0093474977889,36.027867170933234],[139.02413858632679,36.01599313507518],[139.0380600007685,36.02051825201579],[139.05022693952174,36.01929419826871],[139.05099050620697,36.00931674806952],[139.04078267218267,36.001718946272376],[139.05048985722124,35.991997973727564],[139.04355199772658,35.979238558912414],[139.02887413743156,35.969048559343605],[139.0126179777376,35.96661266734077],[139.00840472140078,35.979683135168614],[138.9929874457141,35.97617955903945],[138.9815921666452,35.982910918903826],[138.97392269877355,35.979100667661726],[138.95814847047563,35.97964905446037],[138.95081172568064,35.969878865617204],[138.93972639435765,35.966805586308794],[138.9270205584521,35.97013144111315],[138.91832858659507,35.96810397351959],[138.89869552567802,35.97542146832615],[138.87879632928718,35.97505677525004],[138.85686941619065,35.98677564028361],[138.84107477328223,36.00056255931469],[138.83821608300593,36.018537532081496],[138.84179280279568,36.03047583798957],[138.828394721839,36.037302532286105],[138.80219063668858,36.0334022795916],[138.79097552510052,36.029399802758746],[138.78063219202215,36.03685066702474],[138.76914131052308,36.0388126136113],[138.75441119332197,36.03452597349491],[138.74376983121283,36.01009989209638],[138.73216802913134,35.99833213541979],[138.71680902771448,35.99290438692799],[138.71191138820006,35.97916830657215],[138.7141837483814,35.96551525252693],[138.7255997802058,35.957611108365995],[138.7311354995038,35.945145279031465],[138.73925433252145,35.93910805459308],[138.7385070039951,35.929019198177514],[138.72910683581188,35.91722810859039],[138.72888878169204,35.90972700010104],[138.74910697840437,35.901607532161904],[138.777155253812,35.90041917160755],[138.78911505801364,35.89324166706933],[138.79697033751108,35.87213000019938],[138.80840488997376,35.87001953237558],[138.81360486447295,35.86236777575232],[138.84544869080446,35.86739086529627],[138.85662841856674,35.86461638753633],[138.8588111676014,35.857574441407394],[138.86943150535978,35.857249171012484],[138.8797026336697,35.84692246819742],[138.89203849568014,35.839845252456485],[138.91094608339506,35.852727467898376],[138.92637613575016,35.848918279654924],[138.94393341119803,35.854818802645696],[138.94286758866838,35.86016213537431],[138.95439461751766,35.87417853261326],[138.97892778209155,35.88501069398836],[138.9852588851894,35.88118486558915],[139.0007628024614,35.884000414487616],[139.0105478867756,35.89709983868664],[139.02356044096166,35.897358441438996],[139.04984208814187,35.87883291900408],[139.0725529447626,35.87172380251155],[139.08253938998098,35.87487299988908],[139.1002819203744,35.86718874806235],[139.10811594079814,35.87273269435843],[139.11057671973992,35.88206666704309],[139.1208090530954,35.895363639920106],[139.11196325669903,35.90783638773917],[139.11249719858688,35.919775000316065],[139.10276163454182,35.927224694564075],[139.09547885896222,35.93592689261203],[139.09706367125148,35.95253717115355],[139.08854703032125,35.965653279575236],[139.08710316517897,35.975504360637785],[139.09453163452736,35.997597333550175],[139.1063722830545,36.00890619856227],[139.11503919620202,35.99906986548194],[139.12602033746862,36.00113541396826],[139.1587187166955,35.99480846843613],[139.17460871651906,35.98904572158284],[139.1762007260827,35.997730414327236],[139.16710572035277,36.00575900037762],[139.15274466963092,36.026891198769874],[139.12447297025142,36.03535253229359],[139.118517717219,36.04269944122626],[139.11529333382032,36.0557291086115],[139.1078474976639,36.05987046864726],[139.09566635501835,36.057724333711064],[139.08441192057376,36.06607122490715],[139.05767878135077,36.059862225461416],[139.05524411242595,36.072732225411926],[139.04412880759844,36.0744232791111],[139.0352029445603,36.07001741407248],[139.01990961163938,36.07801544115972],[139.01427461708,36.08510491915672],[139.00390014317713,36.087936865394056],[139.00776072677616,36.0974605050983],[138.99324289274534,36.09529522539441],[138.97649289283277,36.11721058669929]]]},"properties":{"N03_001":"埼玉県","N03_002":null,"N03_003":null,"N03_004":"秩父市","N03_007":"11207"}},{"type":"Feature","geometry":{"type":"Polygon","coordinates":[[[139.4760541377883,35.8399256671359],[139.46337330753215,35.843601225116515],[139.4497940347669,35.83057069438212],[139.43264450114293,35.821527081309796],[139.4194633591468,35.817828468309244],[139.4010141127112,35.80919766743847],[139.38605907956298,35.805611000247495],[139.38925403444625,35.799776559440716],[139.3858633331264,35.78827355957719],[139.39527997419157,35.78230855969235],[139.3936757464386,35.77518164022058],[139.3814793000297,35.774270802355716],[139.3802231395863,35.766374973326435],[139.39845041535443,35.764404973310945],[139.40488491620602,35.769159694364475],[139.41956075212704,35.76590497323599],[139.44496834011682,35.766659972979426],[139.47115511061997,35.77340383791682],[139.47949933982272,35.77993744135989],[139.50670302232663,35.78277019788635],[139.5292637227427,35.79412877562254],[139.54169522752602,35.80730680226478],[139.54554136274373,35.81256844158037],[139.53454472129116,35.81917955996786],[139.53226642055893,35.8250126134414],[139.50316321700893,35.81430930602971],[139.48244666728,35.83872983861119],[139.47789885954478,35.8375840007011],[139.4760541377883,35.8399256671359]]]},"properties":{"N03_001":"埼玉県","N03_002":null,"N03_003":null,"N03_004":"所沢市","N03_007":"11208"}},{"type":"Feature","geometry":{"type":"Polygon","coordinates":[[[139.1002819203744,35.86718874806235],[139.11173416340102,35.864680278971775],[139.13536063598463,35.86538700040978],[139.1594006618111,35.85706510856795],[139.1632470568063,35.8509703877732],[139.19244150557108,35.84027153200566],[139.21264936457658,35.846611279387105],[139.2325348903729,35.836636000151316],[139.2522554733115,35.83824905475012],[139.26050435818968,35.83600127933562],[139.28184577216473,35.83951961333952],[139.3011685606806,35.83495989228527],[139.30259182954933,35.82405017157822],[139.31610600578756,35.81876600075037],[139.3263391053655,35.82643069412131],[139.34547888544228,35.82765791977721],[139.34472345042695,35.8499889998925],[139.35016849557962,35.858982613357],[139.3608888073726,35.8593795327393],[139.3747152534063,35.86836119871043],[139.3461827506335,35.88059119792547],[139.33471522722607,35.878372306037136],[139.327597173271,35.882545640568935],[139.296069830958,35.868490666910816],[139.2823484446251,35.86992791933807],[139.27544649865706,35.87470402716917],[139.27918569446433,35.88256205409556],[139.27718939017825,35.900558721208085],[139.27310525310497,35.91289702757581],[139.2632691700362,35.924201198126866],[139.25335972836888,35.92210313555131],[139.23686666746278,35.93024255944664],[139.22812280202572,35.94565280243495],[139.2129270041779,35.956444171461385],[139.20153119360975,35.9657708020809],[139.17861477355302,35.969734667420994],[139.16805747107549,35.949636108419725],[139.14380763971087,35.94206833318708],[139.11674474697259,35.9308133330689],[139.10276163454182,35.927224694564075],[139.11249719858688,35.919775000316065],[139.11196325669903,35.90783638773917],[139.1208090530954,35.895363639920106],[139.11057671973992,35.88206666704309],[139.10811594079814,35.87273269435843],[139.1002819203744,35.86718874806235]]]},"properties":{"N03_001":"埼玉県","N03_002":null,"N03_003":null,"N03_004":"飯能市","N03_007":"11209"}},{"type":"Feature","geometry":{"type":"Polygon","coordinates":[[[139.5309412452424,36.11767138762451],[139.53782233503284,36.105756107958086],[139.55116791266914,36.10067500045096],[139.54001000066103,36.08187097326686],[139.55303819765481,36.07920100032595],[139.55957089548053,36.07177297344401],[139.5761653576452,36.07135719797634],[139.58626849529492,36.0777005597331],[139.59325489030095,36.07280277542782],[139.60363252981745,36.08713253244048],[139.62808927450044,36.07982061343063],[139.63965272409405,36.08711200001886],[139.64575000076195,36.09765450505142],[139.66834036351702,36.107027000195956],[139.66425538377905,36.11663089270161],[139.68540880707087,36.12659586570669],[139.6846205324117,36.13684780248417],[139.7030308957593,36.14510108144981],[139.6961173026715,36.15639638738344],[139.69088791224738,36.17525525252796],[139.69364686141364,36.1916752255313],[139.6865729965466,36.20330910822884],[139.6749110514039,36.20828802757046],[139.6626210251403,36.2071224684272],[139.6493984954443,36.21119110838299],[139.65150430657854,36.19837417113115],[139.63724535768722,36.19720891955603],[139.61862083068684,36.18980286491035],[139.6098836067431,36.19680813488759],[139.6030366156474,36.18617122532186],[139.61310325611043,36.171464838531506],[139.60709871663255,36.15927233295184],[139.58961481237372,36.16411569388424],[139.58630389171128,36.1504551080169],[139.57262403427183,36.15016044155118],[139.57281686150907,36.14299289250806],[139.5631534500717,36.136773694750275],[139.52442522714261,36.13821617133931],[139.535539663225,36.12662030658191],[139.5309412452424,36.11767138762451]]]},"properties":{"N03_001":"埼玉県","N03_002":null,"N03_003":null,"N03_004":"加須市","N03_007":"11210"}},{"type":"Feature","geometry":{"type":"Polygon","coordinates":[[[139.24374871682983,36.24451113498094],[139.22400403475842,36.25830169446766],[139.21214535752233,36.25633644107393],[139.16947005240104,36.27475283797315],[139.16583861246204,36.259718108703794],[139.15558577276522,36.25000866726623],[139.16799744582556,36.23918141439083],[139.14937038903224,36.226896414438045],[139.13594369614475,36.221254748707736],[139.12787221872793,36.20685919819351],[139.10920661519322,36.20722808121104],[139.11037466905577,36.199226107898596],[139.09650377403,36.19357777549402],[139.07541533125254,36.17686077530459],[139.07632194680048,36.16162686508778],[139.06759608309278,36.16207130644568],[139.0668896377466,36.1431123602473],[139.05684372216012,36.12619677536094],[139.07124291852597,36.11891066689384],[139.08254878160108,36.121630414612014],[139.0880268876308,36.13148294628098],[139.10597116743554,36.143707170949256],[139.11525425468017,36.14312550563761],[139.1265323349993,36.14834886520799],[139.1366615305053,36.145659694439416],[139.14650516248332,36.15298610872202],[139.14288380034714,36.16416638776866],[139.15448496840668,36.176280279111666],[139.15242555149803,36.18236610830928],[139.16064978056295,36.19510253195631],[139.1630062003759,36.20522113524726],[139.17189289254304,36.21054753194312],[139.19409766557487,36.20824308125327],[139.19672547380162,36.216026135297966],[139.2189077826681,36.228265865177605],[139.24163503213106,36.22419613524352],[139.24760481281191,36.23251058609475],[139.24374871682983,36.24451113498094]]]},"properties":{"N03_001":"埼玉県","N03_002":null,"N03_003":null,"N03_004":"本庄市","N03_007":"11211"}},{"type":"Feature","geometry":{"type":"Polygon","coordinates":[[[139.387150052533,36.101768108411534],[139.38042330709004,36.08729841419051],[139.37864457848457,36.06400869454569],[139.3847612193548,36.05252619832544],[139.38571897575025,36.04132369433307],[139.37424199777,36.04203372167899],[139.36794752315973,36.03659372172291],[139.33114771739326,36.04126710809061],[139.33186992245896,36.03104517089798],[139.33892380079283,36.0259865590325],[139.33774208802697,36.014296305929804],[139.34272347600768,36.00900853241791],[139.36904878167604,35.996241279111814],[139.37936236158373,35.981605441438035],[139.40439574616687,35.98536625245066],[139.43019418941037,35.99800255907087],[139.43453810644849,36.003632532715244],[139.4546387168034,36.00499219793164],[139.4570812458029,36.01188550501212],[139.4397112190976,36.013373613201736],[139.43546347645838,36.02160055911855],[139.4179684700689,36.035586414481486],[139.41986297020003,36.04841502763145],[139.4161880030739,36.0546836404377],[139.42159335934616,36.06964335995315],[139.40845805399601,36.076115306776046],[139.41279869030734,36.09023697325779],[139.39484814582534,36.10122977513407],[139.387150052533,36.101768108411534]]]},"properties":{"N03_001":"埼玉県","N03_002":null,"N03_003":null,"N03_004":"東松山市","N03_007":"11212"}},{"type":"Feature","geometry":{"type":"Polygon","coordinates":[[[139.75194586361079,35.94052853196621],[139.76558581183576,35.93552202771946],[139.7792090533552,35.938107667634824],[139.7760988074141,35.947750171633174],[139.78695389160885,35.95507294635945],[139.8024341630063,35.94142791966283],[139.82068050620046,35.9659673336256],[139.8333314142135,35.96896702770624],[139.82523586374418,35.97553066760628],[139.8267447732527,35.98314591894905],[139.81425924876544,35.997061225195466],[139.81691233513618,36.002389532051325],[139.81340155633677,36.02313227903153],[139.81536939078478,36.03682750498541],[139.80694910501722,36.043167775772304],[139.77807975397752,36.026052306668646],[139.78349972872957,36.012689837965695],[139.77715549912705,36.00658819868647],[139.76001428063466,36.00483513493356],[139.7575309215149,35.99959930626301],[139.74378805397555,36.00054486515347],[139.72461849554725,35.99807791956039],[139.71377406022475,36.004847919695806],[139.70785730267244,35.99530541401367],[139.72448678353828,35.98572625196499],[139.72464727655063,35.972719892309215],[139.71338108976556,35.965575171656894],[139.7205683015859,35.95837850526385],[139.74576116744402,35.95225713575826],[139.75194586361079,35.94052853196621]]]},"properties":{"N03_001":"埼玉県","N03_002":null,"N03_003":null,"N03_004":"春日部市","N03_007":"11214"}},{"type":"Feature","geometry":{"type":"Polygon","coordinates":[[[139.40155097379852,35.89566974846019],[139.38807061027046,35.882423946108304],[139.3894533592852,35.87570172155728],[139.3747152534063,35.86836119871043],[139.3608888073726,35.8593795327393],[139.36405121938833,35.84223205406607],[139.37234988354032,35.84899761334924],[139.38963269849035,35.85263508144391],[139.39401014315365,35.84167010818902],[139.40743457874282,35.84029955937723],[139.4194633591468,35.817828468309244],[139.43264450114293,35.821527081309796],[139.4497940347669,35.83057069438212],[139.46337330753215,35.843601225116515],[139.4760541377883,35.8399256671359],[139.45878061013707,35.85904480237576],[139.46578900166116,35.86707672131371],[139.46200072625254,35.87786144165227],[139.45397763955646,35.876157000645094],[139.44130072674716,35.884886171159906],[139.41170600502812,35.90091058635454],[139.40155097379852,35.89566974846019]]]},"properties":{"N03_001":"埼玉県","N03_002":null,"N03_003":null,"N03_004":"狭山市","N03_007":"11215"}},{"type":"Feature","geometry":{"type":"Polygon","coordinates":[[[139.52442522714261,36.13821617133931],[139.5631534500717,36.136773694750275],[139.57281686150907,36.14299289250806],[139.57262403427183,36.15016044155118],[139.58630389171128,36.1504551080169],[139.58961481237372,36.16411569388424],[139.60709871663255,36.15927233295184],[139.61310325611043,36.171464838531506],[139.6030366156474,36.18617122532186],[139.6098836067431,36.19680813488759],[139.6037864200074,36.2034153604306],[139.58777167342407,36.21036927911899],[139.5734652277381,36.2042201709242],[139.5547379127246,36.2008285325108],[139.53521861244906,36.192942891901],[139.52116966334938,36.19122036013158],[139.4955167834728,36.192578640392014],[139.5016762005962,36.18274617169851],[139.48803747095258,36.17293836061691],[139.4976430227074,36.162272279741956],[139.49819883340945,36.1556547479683],[139.5118155251664,36.15420838720735],[139.51632297042886,36.138119468138996],[139.52442522714261,36.13821617133931]]]},"properties":{"N03_001":"埼玉県","N03_002":null,"N03_003":null,"N03_004":"羽生市","N03_007":"11216"}},{"type":"Feature","geometry":{"type":"Polygon","coordinates":[[[139.4466198830013,36.083588027265705],[139.45605686133513,36.079834667136254],[139.47281875568115,36.060376865200226],[139.4830396109893,36.05905822525693],[139.49429644662382,36.035066748431746],[139.52272267201374,36.03603646850826],[139.5205810516743,36.0475795592493],[139.53295557733804,36.05158374839135],[139.54636588817527,36.04415986558536],[139.55347452712783,36.044398505186905],[139.56430814540465,36.03549905433795],[139.57035736769842,36.040518802001145],[139.5621931917625,36.04793377522361],[139.56519771700107,36.05729408095715],[139.55957089548053,36.07177297344401],[139.55303819765481,36.07920100032595],[139.54001000066103,36.08187097326686],[139.55116791266914,36.10067500045096],[139.53782233503284,36.105756107958086],[139.5309412452424,36.11767138762451],[139.51043007818566,36.12467527894103],[139.5061133593441,36.115275000141196],[139.49678108907608,36.11168580225802],[139.50250522713463,36.10382080198849],[139.4934890011166,36.09191633307239],[139.48770286649415,36.09152161343178],[139.47918511040461,36.10349830600205],[139.4659815051424,36.11279441453064],[139.4585203634241,36.11161944128423],[139.44121228381994,36.11742222505569],[139.4317783011278,36.11069083821167],[139.43294766530255,36.092625837912124],[139.4466198830013,36.083588027265705]]]},"properties":{"N03_001":"埼玉県","N03_002":null,"N03_003":null,"N03_004":"鴻巣市","N03_007":"11217"}},{"type":"Feature","geometry":{"type":"Polygon","coordinates":[[[139.3278803374077,36.239876387085644],[139.31514871614036,36.23661402711571],[139.29497880762597,36.24358661303182],[139.26681518877,36.25042058644095],[139.24374871682983,36.24451113498094],[139.24760481281191,36.23251058609475],[139.24163503213106,36.22419613524352],[139.2189077826681,36.228265865177605],[139.19672547380162,36.216026135297966],[139.19409766557487,36.20824308125327],[139.19689260740802,36.197450306586404],[139.20863708243542,36.19509836000134],[139.20390092159028,36.18420002740942],[139.1902433592437,36.17666835995692],[139.22046805425737,36.159033667269966],[139.23270224431315,36.15701977494274],[139.20543380072934,36.14210061305289],[139.2009174198031,36.13687669410422],[139.2165384953554,36.127679225016266],[139.21679900107313,36.11910755906666],[139.27304352813633,36.11925038759534],[139.27568625251865,36.10621872101723],[139.28817374831988,36.10669010876154],[139.30122433213728,36.110350666949785],[139.31133438467418,36.11696344130979],[139.3121166932309,36.13836841397119],[139.31481175096155,36.146553134919316],[139.29327763925176,36.16174786527182],[139.29606600524198,36.16682561291174],[139.31251442380164,36.17787977553127],[139.31785771696013,36.17421227907346],[139.3321900523291,36.18532394614323],[139.33645050598614,36.21762638714807],[139.33550391737197,36.232744720992116],[139.3278803374077,36.239876387085644]]]},"properties":{"N03_001":"埼玉県","N03_002":null,"N03_003":null,"N03_004":"深谷市","N03_007":"11218"}},{"type":"Feature","geometry":{"type":"Polygon","coordinates":[[[139.5477583921362,35.934202305891745],[139.55667455328808,35.935380360215504],[139.57494075261366,35.94412394596338],[139.5863966414919,35.94577644122984],[139.59727077872355,35.93663286491483],[139.59896000050367,35.94412230649931],[139.58822197116706,35.96030113528923],[139.60006953368213,35.95948005426112],[139.61361627796896,35.96602422563757],[139.6257003891617,35.95241425271564],[139.6369940601278,35.95518313489379],[139.6452896117263,35.95136261339394],[139.64887608376432,35.96222261328302],[139.6422394422965,35.96969786536425],[139.62073024630388,35.977180613294706],[139.6050558373571,35.99463472121545],[139.60500866431846,36.0025936134046],[139.590808366513,36.008662198102],[139.57361608361543,36.00862241389336],[139.57387408651994,35.997798000177625],[139.56401897559533,35.987862720987835],[139.5390350321411,35.992512360756905],[139.5417016344229,35.97695325209094],[139.53492461777694,35.96895772152169],[139.5348431913602,35.9607141714219],[139.54533486401283,35.951107252697625],[139.53658511071433,35.94813391954483],[139.54354313930446,35.937769252748865],[139.5477583921362,35.934202305891745]]]},"properties":{"N03_001":"埼玉県","N03_002":null,"N03_003":null,"N03_004":"上尾市","N03_007":"11219"}},{"type":"Feature","geometry":{"type":"Polygon","coordinates":[[[139.76761494227583,35.81768400031643],[139.77923433239857,35.808248721701204],[139.7924310254715,35.805290918940784],[139.81329775658628,35.8083208922954],[139.82105561612389,35.81507700060314],[139.81295780835626,35.81558644136123],[139.83058328119353,35.835542775278896],[139.82874927395994,35.85722466718471],[139.84085791236282,35.855851892550845],[139.83978099939372,35.85943046854135],[139.83992717340038,35.870003532537055],[139.81842655064486,35.86906908117322],[139.80715503267868,35.855889414065246],[139.78712250370063,35.86102750531518],[139.7795596891284,35.85872946859013],[139.76985108945632,35.86631419874135],[139.76360577268838,35.863375613593746],[139.77133708244048,35.84848422546668],[139.77866542217157,35.84216310844073],[139.7790742539737,35.83306480219892],[139.78828725075607,35.82467369403582],[139.76761494227583,35.81768400031643]]]},"properties":{"N03_001":"埼玉県","N03_002":null,"N03_003":null,"N03_004":"草加市","N03_007":"11221"}},{"type":"Feature","geometry":{"type":"Polygon","coordinates":[[[139.7522888857236,35.88029280197128],[139.76985108945632,35.86631419874135],[139.7795596891284,35.85872946859013],[139.78712250370063,35.86102750531518],[139.80715503267868,35.855889414065246],[139.81842655064486,35.86906908117322],[139.83992717340038,35.870003532537055],[139.83863542228698,35.893898468039936],[139.82861678313805,35.89804986540901],[139.83727744509804,35.906136802171716],[139.82322905357807,35.908642360156875],[139.81987380083535,35.914513468122095],[139.80748238770207,35.91664153208109],[139.80507603123397,35.92363458656695],[139.81825085639196,35.93175900077733],[139.8024341630063,35.94142791966283],[139.78695389160885,35.95507294635945],[139.7760988074141,35.947750171633174],[139.7792090533552,35.938107667634824],[139.76558581183576,35.93552202771946],[139.75194586361079,35.94052853196621],[139.754275305561,35.93545769471689],[139.7451226721737,35.91749300030176],[139.75450905374987,35.910482171615],[139.7534767444563,35.895784135029885],[139.74523810645348,35.89372250488975],[139.7522888857236,35.88029280197128]]]},"properties":{"N03_001":"埼玉県","N03_002":null,"N03_003":null,"N03_004":"越谷市","N03_007":"11222"}},{"type":"Feature","geometry":{"type":"Polygon","coordinates":[[[139.66328944265376,35.82901119800846],[139.68819697880758,35.81424900019124],[139.6995183920602,35.81532177537969],[139.709848755116,35.82630902753965],[139.67710477306684,35.832694802223386],[139.66328944265376,35.82901119800846]]]},"properties":{"N03_001":"埼玉県","N03_002":null,"N03_003":null,"N03_004":"蕨市","N03_007":"11223"}},{"type":"Feature","geometry":{"type":"Polygon","coordinates":[[[139.61870338575272,35.829091440917296],[139.623370532624,35.80984119801292],[139.64630169976374,35.7978692520644],[139.653362309523,35.80022591919089],[139.697671920223,35.79844455916913],[139.6995183920602,35.81532177537969],[139.68819697880758,35.81424900019124],[139.66328944265376,35.82901119800846],[139.6500024387616,35.83280533339945],[139.61870338575272,35.829091440917296]]]},"properties":{"N03_001":"埼玉県","N03_002":null,"N03_003":null,"N03_004":"戸田市","N03_007":"11224"}},{"type":"Feature","geometry":{"type":"Polygon","coordinates":[[[139.4194633591468,35.817828468309244],[139.40743457874282,35.84029955937723],[139.39401014315365,35.84167010818902],[139.38963269849035,35.85263508144391],[139.37234988354032,35.84899761334924],[139.36405121938833,35.84223205406607],[139.3608888073726,35.8593795327393],[139.35016849557962,35.858982613357],[139.34472345042695,35.8499889998925],[139.34547888544228,35.82765791977721],[139.3263391053655,35.82643069412131],[139.31610600578756,35.81876600075037],[139.32224586355585,35.79960797342926],[139.33278330720395,35.791890198473936],[139.34670783419926,35.7964051980415],[139.3687144236318,35.79028880268612],[139.36991070001886,35.78154164033447],[139.3814793000297,35.774270802355716],[139.3936757464386,35.77518164022058],[139.39527997419157,35.78230855969235],[139.3858633331264,35.78827355957719],[139.38925403444625,35.799776559440716],[139.38605907956298,35.805611000247495],[139.4010141127112,35.80919766743847],[139.4194633591468,35.817828468309244]]]},"properties":{"N03_001":"埼玉県","N03_002":null,"N03_003":null,"N03_004":"入間市","N03_007":"11225"}},{"type":"Feature","geometry":{"type":"Polygon","coordinates":[[[139.60739922239623,35.834763387720216],[139.59522272474896,35.82700200014227],[139.58654771770307,35.831434225209364],[139.57794652431267,35.82292786532878],[139.5743356419764,35.81410510866391],[139.57871686109434,35.787533225078334],[139.59414352840122,35.778703504962834],[139.59720075211305,35.77836600019083],[139.6044675620284,35.79278486562907],[139.61424761373644,35.796871224927145],[139.6144321402312,35.80582233373377],[139.623370532624,35.80984119801292],[139.61870338575272,35.829091440917296],[139.61656852112037,35.83399472097966],[139.60739922239623,35.834763387720216]]]},"properties":{"N03_001":"埼玉県","N03_002":null,"N03_003":null,"N03_004":"朝霞市","N03_007":"11227"}},{"type":"Feature","geometry":{"type":"Polygon","coordinates":[[[139.5851390016636,35.86050194600807],[139.57088547298622,35.835278387187884],[139.55528678335838,35.8282431356123],[139.55531202373095,35.825625919600554],[139.56214978058802,35.81849730670541],[139.57794652431267,35.82292786532878],[139.58654771770307,35.831434225209364],[139.59522272474896,35.82700200014227],[139.60739922239623,35.834763387720216],[139.5851390016636,35.86050194600807]]]},"properties":{"N03_001":"埼玉県","N03_002":null,"N03_003":null,"N03_004":"志木市","N03_007":"11228"}},{"type":"Feature","geometry":{"type":"Polygon","coordinates":[[[139.623370532624,35.80984119801292],[139.6144321402312,35.80582233373377],[139.61424761373644,35.796871224927145],[139.6044675620284,35.79278486562907],[139.59720075211305,35.77836600019083],[139.6031665245156,35.77085964055999],[139.61723297082506,35.77034822489071],[139.6245266929526,35.78081125233746],[139.64630169976374,35.7978692520644],[139.623370532624,35.80984119801292]]]},"properties":{"N03_001":"埼玉県","N03_002":null,"N03_003":null,"N03_004":"和光市","N03_007":"11229"}},{"type":"Feature","geometry":{"type":"Polygon","coordinates":[[[139.54169522752602,35.80730680226478],[139.54719936365973,35.802658197717676],[139.53757900097014,35.7907587748976],[139.54783752258368,35.77398046792433],[139.54715824935374,35.75338410809019],[139.58224258123016,35.771207135001305],[139.59414352840122,35.778703504962834],[139.57871686109434,35.787533225078334],[139.5743356419764,35.81410510866391],[139.57794652431267,35.82292786532878],[139.56214978058802,35.81849730670541],[139.55531202373095,35.825625919600554],[139.55246394301966,35.81997038738121],[139.53454472129116,35.81917955996786],[139.54554136274373,35.81256844158037],[139.54169522752602,35.80730680226478]]]},"properties":{"N03_001":"埼玉県","N03_002":null,"N03_003":null,"N03_004":"新座市","N03_007":"11230"}},{"type":"Feature","geometry":{"type":"Polygon","coordinates":[[[139.56430814540465,36.03549905433795],[139.55643527966447,36.029186532132826],[139.559177173188,36.01842155910771],[139.55284630481322,36.01458346845237],[139.52316197104824,36.01180144088386],[139.5077746436849,35.99601677505416],[139.51239489001227,35.983974333049105],[139.52294791261613,35.96797550536536],[139.5348431913602,35.9607141714219],[139.53492461777694,35.96895772152169],[139.5417016344229,35.97695325209094],[139.5390350321411,35.992512360756905],[139.56401897559533,35.987862720987835],[139.57387408651994,35.997798000177625],[139.57361608361543,36.00862241389336],[139.590808366513,36.008662198102],[139.59561710804314,36.027236360369784],[139.5881909733348,36.02889466705528],[139.57077260717017,36.0356257481298],[139.57035736769842,36.040518802001145],[139.56430814540465,36.03549905433795]]]},"properties":{"N03_001":"埼玉県","N03_002":null,"N03_003":null,"N03_004":"桶川市","N03_007":"11231"}},{"type":"Feature","geometry":{"type":"Polygon","coordinates":[[[139.55957089548053,36.07177297344401],[139.56519771700107,36.05729408095715],[139.5621931917625,36.04793377522361],[139.57035736769842,36.040518802001145],[139.57077260717017,36.0356257481298],[139.5881909733348,36.02889466705528],[139.60424194640882,36.03678691948079],[139.60642644642348,36.04535694596632],[139.6201662265902,36.044746387236046],[139.65145544731115,36.03814283812153],[139.6606893902033,36.040286999945124],[139.65932693978652,36.048844505169825],[139.68371333320385,36.04208480227186],[139.68898280281417,36.045207027182585],[139.684585668394,36.05762005462185],[139.69928763951305,36.055605892497965],[139.70293433195388,36.06235672088599],[139.70833917021662,36.07451255930721],[139.69667191997314,36.07696783799537],[139.6911844493029,36.084268946254895],[139.7001323358387,36.09795446852394],[139.72016155621088,36.1010358381335],[139.7270605065372,36.1075394410924],[139.72637856052222,36.11251913564962],[139.71358472145778,36.12624917166198],[139.7030308957593,36.14510108144981],[139.6846205324117,36.13684780248417],[139.68540880707087,36.12659586570669],[139.66425538377905,36.11663089270161],[139.66834036351702,36.107027000195956],[139.64575000076195,36.09765450505142],[139.63965272409405,36.08711200001886],[139.62808927450044,36.07982061343063],[139.60363252981745,36.08713253244048],[139.59325489030095,36.07280277542782],[139.58626849529492,36.0777005597331],[139.5761653576452,36.07135719797634],[139.55957089548053,36.07177297344401]]]},"properties":{"N03_001":"埼玉県","N03_002":null,"N03_003":null,"N03_004":"久喜市","N03_007":"11232"}},{"type":"Feature","geometry":{"type":"Polygon","coordinates":[[[139.49429644662382,36.035066748431746],[139.50416252927732,36.02373617108748],[139.49963968942018,36.013554505536035],[139.50038713395918,36.00188733353366],[139.5077746436849,35.99601677505416],[139.52316197104824,36.01180144088386],[139.55284630481322,36.01458346845237],[139.559177173188,36.01842155910771],[139.55643527966447,36.029186532132826],[139.56430814540465,36.03549905433795],[139.55347452712783,36.044398505186905],[139.54636588817527,36.04415986558536],[139.53295557733804,36.05158374839135],[139.5205810516743,36.0475795592493],[139.52272267201374,36.03603646850826],[139.49429644662382,36.035066748431746]]]},"properties":{"N03_001":"埼玉県","N03_002":null,"N03_003":null,"N03_004":"北本市","N03_007":"11233"}},{"type":"Feature","geometry":{"type":"Polygon","coordinates":[[[139.82105561612389,35.81507700060314],[139.82048630479915,35.79753925213481],[139.82605016927994,35.793360360692134],[139.8380077566527,35.80080644146415],[139.8526480297828,35.79215697336571],[139.85879917044542,35.79443891942066],[139.85579199760264,35.80437861338237],[139.8670534764368,35.811485252242676],[139.86487050616904,35.82318441402953],[139.84743856024147,35.828324973019164],[139.84085791236282,35.855851892550845],[139.82874927395994,35.85722466718471],[139.83058328119353,35.835542775278896],[139.81295780835626,35.81558644136123],[139.82105561612389,35.81507700060314]]]},"properties":{"N03_001":"埼玉県","N03_002":null,"N03_003":null,"N03_004":"八潮市","N03_007":"11234"}},{"type":"Feature","geometry":{"type":"Polygon","coordinates":[[[139.54946652396097,35.88723105446962],[139.5471100780677,35.881090532102405],[139.54967613524548,35.86943833291281],[139.51861741975813,35.863690586751204],[139.52780513659786,35.8493536675378],[139.54048399554006,35.8355092521503],[139.55528678335838,35.8282431356123],[139.57088547298622,35.835278387187884],[139.5851390016636,35.86050194600807],[139.57647263350532,35.87145997289946],[139.55890620026105,35.87410441408747],[139.559567612955,35.880549667233424],[139.54946652396097,35.88723105446962]]]},"properties":{"N03_001":"埼玉県","N03_002":null,"N03_003":null,"N03_004":"富士見市","N03_007":"11235"}},{"type":"Feature","geometry":{"type":"Polygon","coordinates":[[[139.84085791236282,35.855851892550845],[139.84743856024147,35.828324973019164],[139.86487050616904,35.82318441402953],[139.8670534764368,35.811485252242676],[139.85579199760264,35.80437861338237],[139.85879917044542,35.79443891942066],[139.87077061007562,35.79731666723046],[139.8713410896197,35.78557669420911],[139.87724938994745,35.781166108629066],[139.89377805411402,35.78274638743591],[139.88852341162624,35.79645080266249],[139.89153416377076,35.819338559526955],[139.88799224414686,35.82433269449831],[139.89003630423213,35.84400238750021],[139.89614055873983,35.85293264012927],[139.89920927398884,35.86685650522361],[139.87826394302658,35.865712081047775],[139.8736086645083,35.86806072172499],[139.83978099939372,35.85943046854135],[139.84085791236282,35.855851892550845]]]},"properties":{"N03_001":"埼玉県","N03_002":null,"N03_003":null,"N03_004":"三郷市","N03_007":"11237"}},{"type":"Feature","geometry":{"type":"Polygon","coordinates":[[[139.65787975434728,35.96394150549611],[139.66607900114502,35.975600108758044],[139.68434380022632,35.97560958671312],[139.69560141467366,35.991082613172125],[139.69196810684275,35.99903372172895],[139.68703949467704,36.00411927908152],[139.67576805405247,35.9990640001036],[139.66203808009334,36.012000919506875],[139.65046610942352,36.01040227924187],[139.64864955982944,36.031339775310414],[139.63188422827454,36.03118586533549],[139.62632280275523,36.02766446824069],[139.60424194640882,36.03678691948079],[139.5881909733348,36.02889466705528],[139.59561710804314,36.027236360369784],[139.6116468616134,36.02119777525718],[139.62228516243033,36.00928336073855],[139.63507686110836,36.00621533347089],[139.64480902751473,35.99367894602659],[139.6422394422965,35.96969786536425],[139.64887608376432,35.96222261328302],[139.65787975434728,35.96394150549611]]]},"properties":{"N03_001":"埼玉県","N03_002":null,"N03_003":null,"N03_004":"蓮田市","N03_007":"11238"}},{"type":"Feature","geometry":{"type":"Polygon","coordinates":[[[139.46769830103585,35.96007397373495],[139.45032277677478,35.979223946727814],[139.44015888542424,35.98424922522162],[139.43019418941037,35.99800255907087],[139.40439574616687,35.98536625245066],[139.37936236158373,35.981605441438035],[139.35857783479935,35.97659744161871],[139.3488844489582,35.968838000173605],[139.3583355250645,35.952470802085884],[139.347488249683,35.94104805412445],[139.34331766527805,35.931268081556766],[139.3340265246045,35.93594419826621],[139.32396066115564,35.92886725232188],[139.32752620057374,35.92309753212544],[139.34144511040358,35.920422252285164],[139.35239627816577,35.928188054635086],[139.37215914452895,35.94496386509036],[139.39193700438932,35.95331800032551],[139.4096328662638,35.94920464068167],[139.42146041526598,35.95577127892142],[139.4311457206985,35.9588921080844],[139.43474625273745,35.94511825260531],[139.45067658895346,35.94833877521438],[139.46769830103585,35.96007397373495]]]},"properties":{"N03_001":"埼玉県","N03_002":null,"N03_003":null,"N03_004":"坂戸市","N03_007":"11239"}},{"type":"Feature","geometry":{"type":"Polygon","coordinates":[[[139.70293433195388,36.06235672088599],[139.71659208855408,36.05181172113407],[139.73984155634287,36.04054674843377],[139.75308891182385,36.05499283814902],[139.76674308732368,36.04321310789868],[139.78022038955942,36.04486613556378],[139.78101489022504,36.05649361328966],[139.78951160847407,36.0618288656097],[139.78333632910835,36.069501919078334],[139.77986722399328,36.08275717150633],[139.76576102495142,36.08042774844188],[139.74675849580797,36.087079440963464],[139.7283054227571,36.090139440882524],[139.7270605065372,36.1075394410924],[139.72016155621088,36.1010358381335],[139.7001323358387,36.09795446852394],[139.6911844493029,36.084268946254895],[139.69667191997314,36.07696783799537],[139.70833917021662,36.07451255930721],[139.70293433195388,36.06235672088599]]]},"properties":{"N03_001":"埼玉県","N03_002":null,"N03_003":null,"N03_004":"幸手市","N03_007":"11240"}},{"type":"Feature","geometry":{"type":"Polygon","coordinates":[[[139.42146041526598,35.95577127892142],[139.4096328662638,35.94920464068167],[139.39193700438932,35.95331800032551],[139.37215914452895,35.94496386509036],[139.35239627816577,35.928188054635086],[139.36647464319026,35.92777083845351],[139.37948185540336,35.919925559417095],[139.3891896375918,35.91423305411223],[139.41193083014377,35.92399969423053],[139.42882066114464,35.940242999914574],[139.42146041526598,35.95577127892142]]]},"properties":{"N03_001":"埼玉県","N03_002":null,"N03_003":null,"N03_004":"鶴ヶ島市","N03_007":"11241"}},{"type":"Feature","geometry":{"type":"Polygon","coordinates":[[[139.37948185540336,35.919925559417095],[139.36647464319026,35.92777083845351],[139.35239627816577,35.928188054635086],[139.34144511040358,35.920422252285164],[139.32752620057374,35.92309753212544],[139.30962391730998,35.9154586672837],[139.3084011154192,35.908683387228564],[139.27718939017825,35.900558721208085],[139.27918569446433,35.88256205409556],[139.27544649865706,35.87470402716917],[139.2823484446251,35.86992791933807],[139.296069830958,35.868490666910816],[139.327597173271,35.882545640568935],[139.33471522722607,35.878372306037136],[139.3461827506335,35.88059119792547],[139.3747152534063,35.86836119871043],[139.3894533592852,35.87570172155728],[139.38807061027046,35.882423946108304],[139.40155097379852,35.89566974846019],[139.392586835614,35.908246135051115],[139.38443766576574,35.908515865115135],[139.37948185540336,35.919925559417095]]]},"properties":{"N03_001":"埼玉県","N03_002":null,"N03_003":null,"N03_004":"日高市","N03_007":"11242"}},{"type":"Feature","geometry":{"type":"Polygon","coordinates":[[[139.83978099939372,35.85943046854135],[139.8736086645083,35.86806072172499],[139.87826394302658,35.865712081047775],[139.89920927398884,35.86685650522361],[139.88991972871258,35.89256094593094],[139.86091966301206,35.932493694728294],[139.8492910251607,35.9383484143479],[139.8371439695186,35.92703317134385],[139.84697027246023,35.911048441432456],[139.83727744509804,35.906136802171716],[139.82861678313805,35.89804986540901],[139.83863542228698,35.893898468039936],[139.83992717340038,35.870003532537055],[139.83978099939372,35.85943046854135]]]},"properties":{"N03_001":"埼玉県","N03_002":null,"N03_003":null,"N03_004":"吉川市","N03_007":"11243"}},{"type":"Feature","geometry":{"type":"Polygon","coordinates":[[[139.48709752383172,35.8420336941997],[139.49079671959305,35.84915758655342],[139.5096426075204,35.84997561348382],[139.52155705621328,35.8433000547538],[139.52780513659786,35.8493536675378],[139.51861741975813,35.863690586751204],[139.54967613524548,35.86943833291281],[139.5471100780677,35.881090532102405],[139.5280586644758,35.88122886492022],[139.51442005264335,35.888068585896576],[139.51095749729075,35.87977972165686],[139.4955779517611,35.864391973410875],[139.4746292222609,35.85517646841936],[139.48500727636474,35.849547305963426],[139.48709752383172,35.8420336941997]]]},"properties":{"N03_001":"埼玉県","N03_002":null,"N03_003":null,"N03_004":"ふじみ野市","N03_007":"11245"}},{"type":"Feature","geometry":{"type":"Polygon","coordinates":[[[139.70785730267244,35.99530541401367],[139.71377406022475,36.004847919695806],[139.7053890530624,36.011957332964585],[139.70970966327036,36.01945150498301],[139.7044910512211,36.02583983823797],[139.68991939006787,36.02840953227417],[139.68371333320385,36.04208480227186],[139.65932693978652,36.048844505169825],[139.6606893902033,36.040286999945124],[139.65145544731115,36.03814283812153],[139.6201662265902,36.044746387236046],[139.60642644642348,36.04535694596632],[139.60424194640882,36.03678691948079],[139.62632280275523,36.02766446824069],[139.63188422827454,36.03118586533549],[139.64864955982944,36.031339775310414],[139.65046610942352,36.01040227924187],[139.66203808009334,36.012000919506875],[139.67576805405247,35.9990640001036],[139.68703949467704,36.00411927908152],[139.69196810684275,35.99903372172895],[139.70785730267244,35.99530541401367]]]},"properties":{"N03_001":"埼玉県","N03_002":null,"N03_003":null,"N03_004":"白岡市","N03_007":"11246"}},{"type":"Feature","geometry":{"type":"Polygon","coordinates":[[[139.6422394422965,35.96969786536425],[139.64480902751473,35.99367894602659],[139.63507686110836,36.00621533347089],[139.62228516243033,36.00928336073855],[139.6116468616134,36.02119777525718],[139.59561710804314,36.027236360369784],[139.590808366513,36.008662198102],[139.60500866431846,36.0025936134046],[139.6050558373571,35.99463472121545],[139.62073024630388,35.977180613294706],[139.6422394422965,35.96969786536425]]]},"properties":{"N03_001":"埼玉県","N03_002":null,"N03_003":"北足立郡","N03_004":"伊奈町","N03_007":"11301"}},{"type":"Feature","geometry":{"type":"Polygon","coordinates":[[[139.47789885954478,35.8375840007011],[139.48244666728,35.83872983861119],[139.50316321700893,35.81430930602971],[139.53226642055893,35.8250126134414],[139.53454472129116,35.81917955996786],[139.55246394301966,35.81997038738121],[139.55531202373095,35.825625919600554],[139.55528678335838,35.8282431356123],[139.54048399554006,35.8355092521503],[139.52780513659786,35.8493536675378],[139.52155705621328,35.8433000547538],[139.5096426075204,35.84997561348382],[139.49079671959305,35.84915758655342],[139.48709752383172,35.8420336941997],[139.47789885954478,35.8375840007011]]]},"properties":{"N03_001":"埼玉県","N03_002":null,"N03_003":"入間郡","N03_004":"三芳町","N03_007":"11324"}},{"type":"Feature","geometry":{"type":"Polygon","coordinates":[[[139.27718939017825,35.900558721208085],[139.3084011154192,35.908683387228564],[139.30962391730998,35.9154586672837],[139.32752620057374,35.92309753212544],[139.32396066115564,35.92886725232188],[139.3340265246045,35.93594419826621],[139.34331766527805,35.931268081556766],[139.347488249683,35.94104805412445],[139.3583355250645,35.952470802085884],[139.3488844489582,35.968838000173605],[139.3393908043422,35.96232774852683],[139.32137299596707,35.96558027890677],[139.31543574646264,35.962738613696104],[139.31021985756047,35.95009558644222],[139.30025428021088,35.944916973539534],[139.2756845536993,35.95129363988963],[139.2613503117675,35.933893946348576],[139.2632691700362,35.924201198126866],[139.27310525310497,35.91289702757581],[139.27718939017825,35.900558721208085]]]},"properties":{"N03_001":"埼玉県","N03_002":null,"N03_003":"入間郡","N03_004":"毛呂山町","N03_007":"11326"}},{"type":"Feature","geometry":{"type":"Polygon","coordinates":[[[139.2632691700362,35.924201198126866],[139.2613503117675,35.933893946348576],[139.2756845536993,35.95129363988963],[139.30025428021088,35.944916973539534],[139.31021985756047,35.95009558644222],[139.31543574646264,35.962738613696104],[139.32137299596707,35.96558027890677],[139.301253864974,35.985277197984374],[139.2881971729612,35.99125330629511],[139.27171408643596,35.98491858612391],[139.2598596117317,35.98644497305713],[139.2305907000009,35.9745283066361],[139.2129270041779,35.956444171461385],[139.22812280202572,35.94565280243495],[139.23686666746278,35.93024255944664],[139.25335972836888,35.92210313555131],[139.2632691700362,35.924201198126866]]]},"properties":{"N03_001":"埼玉県","N03_002":null,"N03_003":"入間郡","N03_004":"越生町","N03_007":"11327"}},{"type":"Feature","geometry":{"type":"Polygon","coordinates":[[[139.32091260783068,36.09055680275429],[139.3314231653469,36.081783198535845],[139.3259650323604,36.066860694765296],[139.33673169970825,36.062189586380384],[139.33364046723386,36.05371055959472],[139.34099917077515,36.048234306168354],[139.33114771739326,36.04126710809061],[139.36794752315973,36.03659372172291],[139.37424199777,36.04203372167899],[139.38571897575025,36.04132369433307],[139.3847612193548,36.05252619832544],[139.37864457848457,36.06400869454569],[139.38042330709004,36.08729841419051],[139.387150052533,36.101768108411534],[139.37586306173102,36.099253973592056],[139.34388883370275,36.10361705428369],[139.34222961150738,36.08998538701604],[139.32091260783068,36.09055680275429]]]},"properties":{"N03_001":"埼玉県","N03_002":null,"N03_003":"比企郡","N03_004":"滑川町","N03_007":"11341"}},{"type":"Feature","geometry":{"type":"Polygon","coordinates":[[[139.30122433213728,36.110350666949785],[139.28817374831988,36.10669010876154],[139.28817566837245,36.09895261347236],[139.2907897547434,36.081121532233],[139.30804583734562,36.062972359886544],[139.30033525336933,36.059260171619655],[139.29623817145455,36.03247158649458],[139.31596924858206,36.014997414698996],[139.316601479175,36.00910272111372],[139.33554732854645,36.00661435996477],[139.34272347600768,36.00900853241791],[139.33774208802697,36.014296305929804],[139.33892380079283,36.0259865590325],[139.33186992245896,36.03104517089798],[139.33114771739326,36.04126710809061],[139.34099917077515,36.048234306168354],[139.33364046723386,36.05371055959472],[139.33673169970825,36.062189586380384],[139.3259650323604,36.066860694765296],[139.3314231653469,36.081783198535845],[139.32091260783068,36.09055680275429],[139.30923294424508,36.10522594592072],[139.30122433213728,36.110350666949785]]]},"properties":{"N03_001":"埼玉県","N03_002":null,"N03_003":"比企郡","N03_004":"嵐山町","N03_007":"11342"}},{"type":"Feature","geometry":{"type":"Polygon","coordinates":[[[139.28817566837245,36.09895261347236],[139.2800117514413,36.093043171005604],[139.27093230937862,36.098645108285154],[139.2520466678195,36.08354900028621],[139.22747444928643,36.0880264684468],[139.2099113884998,36.08752589230613],[139.19769600506663,36.068694505047404],[139.22546766520065,36.05911094621325],[139.22987652408233,36.05324955902],[139.1993986384365,36.029522613278004],[139.1857427767078,36.02492425195271],[139.1902068872381,36.006095946670655],[139.213372995967,36.00608738692341],[139.22379469506916,36.01087155897534],[139.2296288849651,36.01904405453956],[139.25834425408414,36.03360877562454],[139.2703995330121,36.02930019834554],[139.28781841808564,36.029260748684635],[139.29623817145455,36.03247158649458],[139.30033525336933,36.059260171619655],[139.30804583734562,36.062972359886544],[139.2907897547434,36.081121532233],[139.28817566837245,36.09895261347236]]]},"properties":{"N03_001":"埼玉県","N03_002":null,"N03_003":"比企郡","N03_004":"小川町","N03_007":"11343"}},{"type":"Feature","geometry":{"type":"Polygon","coordinates":[[[139.53658511071433,35.94813391954483],[139.54533486401283,35.951107252697625],[139.5348431913602,35.9607141714219],[139.52294791261613,35.96797550536536],[139.51239489001227,35.983974333049105],[139.5077746436849,35.99601677505416],[139.50038713395918,36.00188733353366],[139.49963968942018,36.013554505536035],[139.47915522773167,36.0197562519495],[139.4570812458029,36.01188550501212],[139.4546387168034,36.00499219793164],[139.43453810644849,36.003632532715244],[139.43019418941037,35.99800255907087],[139.44015888542424,35.98424922522162],[139.45032277677478,35.979223946727814],[139.46769830103585,35.96007397373495],[139.47947000034026,35.95637591921337],[139.50281810667036,35.95552253273877],[139.53658511071433,35.94813391954483]]]},"properties":{"N03_001":"埼玉県","N03_002":null,"N03_003":"比企郡","N03_004":"川島町","N03_007":"11346"}},{"type":"Feature","geometry":{"type":"Polygon","coordinates":[[[139.42159335934616,36.06964335995315],[139.4161880030739,36.0546836404377],[139.41986297020003,36.04841502763145],[139.4179684700689,36.035586414481486],[139.43546347645838,36.02160055911855],[139.4397112190976,36.013373613201736],[139.4570812458029,36.01188550501212],[139.47915522773167,36.0197562519495],[139.49963968942018,36.013554505536035],[139.50416252927732,36.02373617108748],[139.49429644662382,36.035066748431746],[139.4830396109893,36.05905822525693],[139.47281875568115,36.060376865200226],[139.45605686133513,36.079834667136254],[139.4466198830013,36.083588027265705],[139.44543655055645,36.08054164038447],[139.42159335934616,36.06964335995315]]]},"properties":{"N03_001":"埼玉県","N03_002":null,"N03_003":"比企郡","N03_004":"吉見町","N03_007":"11347"}},{"type":"Feature","geometry":{"type":"Polygon","coordinates":[[[139.34272347600768,36.00900853241791],[139.33554732854645,36.00661435996477],[139.316601479175,36.00910272111372],[139.29057302262697,35.99836274834223],[139.2881971729612,35.99125330629511],[139.301253864974,35.985277197984374],[139.32137299596707,35.96558027890677],[139.3393908043422,35.96232774852683],[139.3488844489582,35.968838000173605],[139.35857783479935,35.97659744161871],[139.37936236158373,35.981605441438035],[139.36904878167604,35.996241279111814],[139.34272347600768,36.00900853241791]]]},"properties":{"N03_001":"埼玉県","N03_002":null,"N03_003":"比企郡","N03_004":"鳩山町","N03_007":"11348"}},{"type":"Feature","geometry":{"type":"Polygon","coordinates":[[[139.17460871651906,35.98904572158284],[139.17018511055448,35.98611961362934],[139.17861477355302,35.969734667420994],[139.20153119360975,35.9657708020809],[139.2129270041779,35.956444171461385],[139.2305907000009,35.9745283066361],[139.2598596117317,35.98644497305713],[139.27171408643596,35.98491858612391],[139.2881971729612,35.99125330629511],[139.29057302262697,35.99836274834223],[139.316601479175,36.00910272111372],[139.31596924858206,36.014997414698996],[139.29623817145455,36.03247158649458],[139.28781841808564,36.029260748684635],[139.2703995330121,36.02930019834554],[139.25834425408414,36.03360877562454],[139.2296288849651,36.01904405453956],[139.22379469506916,36.01087155897534],[139.213372995967,36.00608738692341],[139.1902068872381,36.006095946670655],[139.1762007260827,35.997730414327236],[139.17460871651906,35.98904572158284]]]},"properties":{"N03_001":"埼玉県","N03_002":null,"N03_003":"比企郡","N03_004":"ときがわ町","N03_007":"11349"}},{"type":"Feature","geometry":{"type":"Polygon","coordinates":[[[139.10276163454182,35.927224694564075],[139.11674474697259,35.9308133330689],[139.14380763971087,35.94206833318708],[139.16805747107549,35.949636108419725],[139.17861477355302,35.969734667420994],[139.17018511055448,35.98611961362934],[139.17460871651906,35.98904572158284],[139.1587187166955,35.99480846843613],[139.12602033746862,36.00113541396826],[139.11503919620202,35.99906986548194],[139.1063722830545,36.00890619856227],[139.09453163452736,35.997597333550175],[139.08710316517897,35.975504360637785],[139.08854703032125,35.965653279575236],[139.09706367125148,35.95253717115355],[139.09547885896222,35.93592689261203],[139.10276163454182,35.927224694564075]]]},"properties":{"N03_001":"埼玉県","N03_002":null,"N03_003":"秩父郡","N03_004":"横瀬町","N03_007":"11361"}},{"type":"Feature","geometry":{"type":"Polygon","coordinates":[[[139.15274466963092,36.026891198769874],[139.15686219223642,36.03182783828419],[139.15594061017111,36.053261413883206],[139.15939007858935,36.05886780190758],[139.15578824972806,36.0827402795403],[139.15151269825253,36.08838361351303],[139.13928464337164,36.090765802499845],[139.1099328923891,36.08731991967858],[139.09309481197602,36.09101597320864],[139.08577538362715,36.10243177570595],[139.08663878135474,36.11448069462841],[139.08254878160108,36.121630414612014],[139.07124291852597,36.11891066689384],[139.05684372216012,36.12619677536094],[139.0449353313005,36.11619089219596],[139.04329335900138,36.107455865296004],[139.03434136256385,36.100542225443405],[139.00776072677616,36.0974605050983],[139.00390014317713,36.087936865394056],[139.01427461708,36.08510491915672],[139.01990961163938,36.07801544115972],[139.0352029445603,36.07001741407248],[139.04412880759844,36.0744232791111],[139.05524411242595,36.072732225411926],[139.05767878135077,36.059862225461416],[139.08441192057376,36.06607122490715],[139.09566635501835,36.057724333711064],[139.1078474976639,36.05987046864726],[139.11529333382032,36.0557291086115],[139.118517717219,36.04269944122626],[139.12447297025142,36.03535253229359],[139.15274466963092,36.026891198769874]]]},"properties":{"N03_001":"埼玉県","N03_002":null,"N03_003":"秩父郡","N03_004":"皆野町","N03_007":"11362"}},{"type":"Feature","geometry":{"type":"Polygon","coordinates":[[[139.08254878160108,36.121630414612014],[139.08663878135474,36.11448069462841],[139.08577538362715,36.10243177570595],[139.09309481197602,36.09101597320864],[139.1099328923891,36.08731991967858],[139.13928464337164,36.090765802499845],[139.13966641996933,36.113437748153615],[139.1481753833873,36.13314941431406],[139.16061985742056,36.13497250557674],[139.15370072630753,36.141622224985724],[139.1366615305053,36.145659694439416],[139.1265323349993,36.14834886520799],[139.11525425468017,36.14312550563761],[139.10597116743554,36.143707170949256],[139.0880268876308,36.13148294628098],[139.08254878160108,36.121630414612014]]]},"properties":{"N03_001":"埼玉県","N03_002":null,"N03_003":"秩父郡","N03_004":"長瀞町","N03_007":"11363"}},{"type":"Feature","geometry":{"type":"Polygon","coordinates":[[[138.93107632910937,36.088119532090786],[138.9163140863261,36.093749027295814],[138.89785878115788,36.090654613020035],[138.88671294434698,36.08417797353468],[138.86433291862932,36.077085802068154],[138.86152319104247,36.07140802765838],[138.84603705606537,36.06662500044348],[138.8428270303432,36.05581777547002],[138.83219280255582,36.04772944116081],[138.828394721839,36.037302532286105],[138.84179280279568,36.03047583798957],[138.83821608300593,36.018537532081496],[138.84107477328223,36.00056255931469],[138.85686941619065,35.98677564028361],[138.87879632928718,35.97505677525004],[138.89869552567802,35.97542146832615],[138.91832858659507,35.96810397351959],[138.9270205584521,35.97013144111315],[138.93972639435765,35.966805586308794],[138.95081172568064,35.969878865617204],[138.95814847047563,35.97964905446037],[138.97392269877355,35.979100667661726],[138.9815921666452,35.982910918903826],[138.9929874457141,35.97617955903945],[139.00840472140078,35.979683135168614],[139.0126179777376,35.96661266734077],[139.02887413743156,35.969048559343605],[139.04355199772658,35.979238558912414],[139.05048985722124,35.991997973727564],[139.04078267218267,36.001718946272376],[139.05099050620697,36.00931674806952],[139.05022693952174,36.01929419826871],[139.0380600007685,36.02051825201579],[139.02413858632679,36.01599313507518],[139.0093474977889,36.027867170933234],[138.98405272435377,36.03434397319586],[138.96932518820688,36.043281558896865],[138.97250469543542,36.05316322500289],[138.95485494270156,36.0597530270806],[138.93341019572404,36.078825054033075],[138.93107632910937,36.088119532090786]]]},"properties":{"N03_001":"埼玉県","N03_002":null,"N03_003":"秩父郡","N03_004":"小鹿野町","N03_007":"11365"}},{"type":"Feature","geometry":{"type":"Polygon","coordinates":[[[139.1762007260827,35.997730414327236],[139.1902068872381,36.006095946670655],[139.1857427767078,36.02492425195271],[139.1993986384365,36.029522613278004],[139.22987652408233,36.05324955902],[139.22546766520065,36.05911094621325],[139.19769600506663,36.068694505047404],[139.1900418292671,36.06924727963832],[139.17371883375722,36.08535280199027],[139.15747827550206,36.09258694673025],[139.15151269825253,36.08838361351303],[139.15578824972806,36.0827402795403],[139.15939007858935,36.05886780190758],[139.15594061017111,36.053261413883206],[139.15686219223642,36.03182783828419],[139.15274466963092,36.026891198769874],[139.16710572035277,36.00575900037762],[139.1762007260827,35.997730414327236]]]},"properties":{"N03_001":"埼玉県","N03_002":null,"N03_003":"秩父郡","N03_004":"東秩父村","N03_007":"11369"}},{"type":"Feature","geometry":{"type":"Polygon","coordinates":[[[139.1366615305053,36.145659694439416],[139.15370072630753,36.141622224985724],[139.16061985742056,36.13497250557674],[139.1767415306972,36.13481058623961],[139.19285241210923,36.144415306121516],[139.19774136237402,36.15904836039357],[139.1902433592437,36.17666835995692],[139.20390092159028,36.18420002740942],[139.20863708243542,36.19509836000134],[139.19689260740802,36.197450306586404],[139.19409766557487,36.20824308125327],[139.17189289254304,36.21054753194312],[139.1630062003759,36.20522113524726],[139.16064978056295,36.19510253195631],[139.15242555149803,36.18236610830928],[139.15448496840668,36.176280279111666],[139.14288380034714,36.16416638776866],[139.14650516248332,36.15298610872202],[139.1366615305053,36.145659694439416]]]},"properties":{"N03_001":"埼玉県","N03_002":null,"N03_003":"児玉郡","N03_004":"美里町","N03_007":"11381"}},{"type":"Feature","geometry":{"type":"Polygon","coordinates":[[[139.00776072677616,36.0974605050983],[139.03434136256385,36.100542225443405],[139.04329335900138,36.107455865296004],[139.0449353313005,36.11619089219596],[139.05684372216012,36.12619677536094],[139.0668896377466,36.1431123602473],[139.06759608309278,36.16207130644568],[139.07632194680048,36.16162686508778],[139.07541533125254,36.17686077530459],[139.09650377403,36.19357777549402],[139.11037466905577,36.199226107898596],[139.10920661519322,36.20722808121104],[139.12787221872793,36.20685919819351],[139.13594369614475,36.221254748707736],[139.11918308782936,36.218922252659866],[139.11042338533105,36.235621413897206],[139.09651474755765,36.23824783806731],[139.0817260053509,36.214887252744575],[139.0633228275865,36.19571219855919],[139.0630494687581,36.18581050545049],[139.05638583773634,36.180519667049055],[139.0605613099566,36.15226322556748],[139.042722088054,36.14802736027451],[139.0424042541531,36.12845953258142],[139.03119783451257,36.12772700060066],[139.01562194629582,36.134069252593974],[139.00195800325935,36.12532950515259],[138.99304241227753,36.12446477552902],[138.9856907000658,36.11557141398964],[138.97649289283277,36.11721058669929],[138.99324289274534,36.09529522539441],[139.00776072677616,36.0974605050983]]]},"properties":{"N03_001":"埼玉県","N03_002":null,"N03_003":"児玉郡","N03_004":"神川町","N03_007":"11383"}},{"type":"Feature","geometry":{"type":"Polygon","coordinates":[[[139.16947005240104,36.27475283797315],[139.15902338542094,36.27782366752831],[139.12699635549745,36.278535054649126],[139.10780350282948,36.26170533343446],[139.11119513674623,36.258497000236446],[139.09651474755765,36.23824783806731],[139.11042338533105,36.235621413897206],[139.11918308782936,36.218922252659866],[139.13594369614475,36.221254748707736],[139.14937038903224,36.226896414438045],[139.16799744582556,36.23918141439083],[139.15558577276522,36.25000866726623],[139.16583861246204,36.259718108703794],[139.16947005240104,36.27475283797315]]]},"properties":{"N03_001":"埼玉県","N03_002":null,"N03_003":"児玉郡","N03_004":"上里町","N03_007":"11385"}},{"type":"Feature","geometry":{"type":"Polygon","coordinates":[[[139.1902433592437,36.17666835995692],[139.19774136237402,36.15904836039357],[139.19285241210923,36.144415306121516],[139.1767415306972,36.13481058623961],[139.16061985742056,36.13497250557674],[139.1481753833873,36.13314941431406],[139.13966641996933,36.113437748153615],[139.13928464337164,36.090765802499845],[139.15151269825253,36.08838361351303],[139.15747827550206,36.09258694673025],[139.17371883375722,36.08535280199027],[139.1900418292671,36.06924727963832],[139.19769600506663,36.068694505047404],[139.2099113884998,36.08752589230613],[139.22747444928643,36.0880264684468],[139.2520466678195,36.08354900028621],[139.27093230937862,36.098645108285154],[139.2800117514413,36.093043171005604],[139.28817566837245,36.09895261347236],[139.28817374831988,36.10669010876154],[139.27568625251865,36.10621872101723],[139.27304352813633,36.11925038759534],[139.21679900107313,36.11910755906666],[139.2165384953554,36.127679225016266],[139.2009174198031,36.13687669410422],[139.20543380072934,36.14210061305289],[139.23270224431315,36.15701977494274],[139.22046805425737,36.159033667269966],[139.1902433592437,36.17666835995692]]]},"properties":{"N03_001":"埼玉県","N03_002":null,"N03_003":"大里郡","N03_004":"寄居町","N03_007":"11408"}},{"type":"Feature","geometry":{"type":"Polygon","coordinates":[[[139.74378805397555,36.00054486515347],[139.75181649883245,36.01360038714819],[139.7322083923035,36.026335387168444],[139.7075989112608,36.03582564044103],[139.6971928666576,36.048673694235674],[139.69928763951305,36.055605892497965],[139.684585668394,36.05762005462185],[139.68898280281417,36.045207027182585],[139.68371333320385,36.04208480227186],[139.68991939006787,36.02840953227417],[139.7044910512211,36.02583983823797],[139.70970966327036,36.01945150498301],[139.7053890530624,36.011957332964585],[139.71377406022475,36.004847919695806],[139.72461849554725,35.99807791956039],[139.74378805397555,36.00054486515347]]]},"properties":{"N03_001":"埼玉県","N03_002":null,"N03_003":"南埼玉郡","N03_004":"宮代町","N03_007":"11442"}},{"type":"Feature","geometry":{"type":"Polygon","coordinates":[[[139.80694910501722,36.043167775772304],[139.78951160847407,36.0618288656097],[139.78101489022504,36.05649361328966],[139.78022038955942,36.04486613556378],[139.76674308732368,36.04321310789868],[139.75308891182385,36.05499283814902],[139.73984155634287,36.04054674843377],[139.71659208855408,36.05181172113407],[139.70293433195388,36.06235672088599],[139.69928763951305,36.055605892497965],[139.6971928666576,36.048673694235674],[139.7075989112608,36.03582564044103],[139.7322083923035,36.026335387168444],[139.75181649883245,36.01360038714819],[139.74378805397555,36.00054486515347],[139.7575309215149,35.99959930626301],[139.76001428063466,36.00483513493356],[139.77715549912705,36.00658819868647],[139.78349972872957,36.012689837965695],[139.77807975397752,36.026052306668646],[139.80694910501722,36.043167775772304]]]},"properties":{"N03_001":"埼玉県","N03_002":null,"N03_003":"北葛飾郡","N03_004":"杉戸町","N03_007":"11464"}},{"type":"Feature","geometry":{"type":"Polygon","coordinates":[[[139.8024341630063,35.94142791966283],[139.81825085639196,35.93175900077733],[139.80507603123397,35.92363458656695],[139.80748238770207,35.91664153208109],[139.81987380083535,35.914513468122095],[139.82322905357807,35.908642360156875],[139.83727744509804,35.906136802171716],[139.84697027246023,35.911048441432456],[139.8371439695186,35.92703317134385],[139.8492910251607,35.9383484143479],[139.83777330699263,35.95390591952264],[139.8333314142135,35.96896702770624],[139.82068050620046,35.9659673336256],[139.8024341630063,35.94142791966283]]]},"properties":{"N03_001":"埼玉県","N03_002":null,"N03_003":"北葛飾郡","N03_004":"松伏町","N03_007":"11465"}},{"type":"Feature","geometry":{"type":"MultiPolygon","coordinates":[[[[140.08317906586126,35.588210720748236],[140.08610173840452,35.5694457394294],[140.11173076556247,35.57043326068646],[140.10947123241147,35.57661339639117],[140.10510621368087,35.57762358595977],[140.10296201048845,35.58737982901596],[140.08317906586126,35.588210720748236]]],[[[140.17543756209386,35.581189666769774],[140.16826505868562,35.587319387379864],[140.16756786016867,35.59179577545473],[140.15074116697133,35.60555077484844],[140.15111236124653,35.618888837749694],[140.13383527947462,35.614558801747364],[140.13130725012957,35.62116519811548],[140.1246278081269,35.62843350540203],[140.12326500607526,35.6247107213228],[140.11538994868727,35.62512125194428],[140.09705508432478,35.620107838206195],[140.10501924833966,35.610706224812475],[140.09856831417642,35.60636506329706],[140.0889733987035,35.594530423140554],[140.10551703028682,35.59344760432356],[140.11057409891555,35.58954093676488],[140.11415835322543,35.572516414301106],[140.1160616469275,35.56919774777788],[140.09682335961043,35.56639556820096],[140.09120739290688,35.56118057682221],[140.11506907957448,35.5528406400835],[140.11548909264752,35.55060136056437],[140.12096291790442,35.551321586222286],[140.1237651361522,35.54783800022358],[140.1300812844238,35.54715827913134],[140.13533044104713,35.54252633352354],[140.14236442367928,35.54797355953218],[140.1582995334967,35.55346886509608],[140.1601462787279,35.564717999835864],[140.16903355455497,35.564636612989375],[140.1730788849826,35.56835133284778],[140.1692366673384,35.575699667205924],[140.17543756209386,35.581189666769774]]]]},"properties":{"N03_001":"千葉県","N03_002":null,"N03_003":"千葉市","N03_004":"中央区","N03_007":"12101"}},{"type":"Feature","geometry":{"type":"Polygon","coordinates":[[[140.13679418930042,35.69754594598868],[140.1339803374227,35.69961510795093],[140.12396527937426,35.698890918980794],[140.12261311360442,35.706756171060476],[140.11338391733398,35.71405230606911],[140.10552972871403,35.70935166754549],[140.10111547300073,35.70283417096027],[140.09027477346206,35.6937819190004],[140.0815569784719,35.69453550500958],[140.0773629964052,35.68845269393671],[140.06591642000683,35.67676097314046],[140.0575828019048,35.67973764008008],[140.0551327761567,35.67698317133636],[140.04175997424352,35.67784819773618],[140.0349476655024,35.669632612954786],[140.0460319976786,35.661378666692144],[140.04246616148419,35.65893199991194],[140.05769780810738,35.64993177553106],[140.06109282707234,35.64984594603362],[140.07380230972888,35.641352693771864],[140.07759097364453,35.64597325216391],[140.0873757719744,35.649614134984404],[140.0968753053511,35.65613500042997],[140.09991372244042,35.66311725225944],[140.11499518857715,35.66324761348665],[140.12029642044354,35.67478010841535],[140.1259462259377,35.67921291894112],[140.1369909735547,35.67544158586054],[140.13649924854155,35.67051186483076],[140.13838374821148,35.675392414528346],[140.1367182235672,35.67952158605243],[140.13949163473126,35.688156279189],[140.14312197120205,35.691406838255034],[140.14696669345824,35.69181155925611],[140.15264394356325,35.68929241431351],[140.14939228372702,35.69159769417831],[140.1474789490943,35.69208905406663],[140.14352697818754,35.691942108441594],[140.13679418930042,35.69754594598868]]]},"properties":{"N03_001":"千葉県","N03_002":null,"N03_003":"千葉市","N03_004":"花見川区","N03_007":"12102"}},{"type":"Feature","geometry":{"type":"Polygon","coordinates":[[[140.1246278081269,35.62843350540203],[140.12391897508076,35.63853238745975],[140.1293801954397,35.65276936051765],[140.13318525309705,35.656468531997234],[140.1378213625659,35.65403410768795],[140.14677224474337,35.654228891849925],[140.15008228317095,35.656695559552475],[140.15595814495248,35.65408613526699],[140.149916524628,35.668126108233366],[140.14130674451076,35.66761608111727],[140.13649924854155,35.67051186483076],[140.1369909735547,35.67544158586054],[140.1259462259377,35.67921291894112],[140.12029642044354,35.67478010841535],[140.11499518857715,35.66324761348665],[140.09991372244042,35.66311725225944],[140.0968753053511,35.65613500042997],[140.0873757719744,35.649614134984404],[140.07759097364453,35.64597325216391],[140.07380230972888,35.641352693771864],[140.08765703044764,35.62982750493546],[140.09705508432478,35.620107838206195],[140.11538994868727,35.62512125194428],[140.12326500607526,35.6247107213228],[140.1246278081269,35.62843350540203]]]},"properties":{"N03_001":"千葉県","N03_002":null,"N03_003":"千葉市","N03_004":"稲毛区","N03_007":"12103"}},{"type":"Feature","geometry":{"type":"Polygon","coordinates":[[[140.17543756209386,35.581189666769774],[140.1874326718804,35.58641353175915],[140.202279663176,35.585377386856976],[140.20215852089905,35.5786107214077],[140.2099249159022,35.574554892294486],[140.21486105089684,35.57737930581038],[140.22261635546045,35.577399278853704],[140.22626717309163,35.57311677471944],[140.22817380058052,35.5663359458473],[140.2367976910607,35.561696468417324],[140.24424608309027,35.568904504938985],[140.25977411208567,35.55918861356372],[140.26696941600585,35.55890302755273],[140.26911586300673,35.56657913511907],[140.27568063605258,35.57131410795978],[140.2887284184818,35.570034892496324],[140.28708705592294,35.57290905380984],[140.28318511070438,35.573777693685656],[140.2811056946722,35.579336558835166],[140.2751379509557,35.581776864710605],[140.27555824911394,35.587467108220494],[140.26137024594016,35.59959689238275],[140.2626005841497,35.60601325210996],[140.26748477340368,35.60716350479197],[140.26764319168,35.617263467834846],[140.26492795136392,35.620564585886996],[140.2663182492878,35.62641236004242],[140.2577554470563,35.62546850536728],[140.25096182892537,35.62558472115802],[140.24127542272265,35.63129744142384],[140.22873647221047,35.633139467912144],[140.22303566796177,35.64164394641102],[140.2196409997324,35.6519722787977],[140.21331819737702,35.654574838558005],[140.204649805744,35.65096569371184],[140.20704089532114,35.64631902710147],[140.2037880546751,35.64023822511405],[140.19340236172968,35.62677713495685],[140.18507761364106,35.62912327911607],[140.19223661552746,35.64015355933935],[140.19015605735626,35.64301383781839],[140.17645185526897,35.65344861306312],[140.17367269833642,35.654067801687745],[140.16355396914048,35.64535058586091],[140.15780116699034,35.64634666686521],[140.15595814495248,35.65408613526699],[140.15008228317095,35.656695559552475],[140.14677224474337,35.654228891849925],[140.1378213625659,35.65403410768795],[140.13318525309705,35.656468531997234],[140.1293801954397,35.65276936051765],[140.12391897508076,35.63853238745975],[140.1246278081269,35.62843350540203],[140.13130725012957,35.62116519811548],[140.13383527947462,35.614558801747364],[140.15111236124653,35.618888837749694],[140.15074116697133,35.60555077484844],[140.16756786016867,35.59179577545473],[140.16826505868562,35.587319387379864],[140.17543756209386,35.581189666769774]]]},"properties":{"N03_001":"千葉県","N03_002":null,"N03_003":"千葉市","N03_004":"若葉区","N03_007":"12104"}},{"type":"Feature","geometry":{"type":"Polygon","coordinates":[[[140.14236442367928,35.54797355953218],[140.1589694160058,35.535506080841],[140.1715772761704,35.5361563599281],[140.17910810635408,35.53273302670789],[140.19123847057904,35.536518864953734],[140.1944043845548,35.54325772156665],[140.20130852127136,35.53957189242897],[140.20933778271262,35.545452134808215],[140.21304024661015,35.541996559094],[140.2179212189891,35.54402266691261],[140.22737972799212,35.54097930625005],[140.23213050641777,35.533404000094606],[140.22526678343536,35.524827919373024],[140.22063841802867,35.52368017130294],[140.22167919623803,35.518003504857916],[140.23036635492338,35.509923748282404],[140.2325518549842,35.503774026749966],[140.24286966350428,35.50546789172989],[140.25473907954495,35.50052591923583],[140.25633955892351,35.494312027478145],[140.26239763953947,35.49556977522502],[140.259703839061,35.50170283771587],[140.26696632953258,35.50180002744935],[140.2711660312874,35.49949113500793],[140.2721148385291,35.49360280232753],[140.2743689109965,35.507260837717524],[140.27676150513946,35.51148719807577],[140.28227070073228,35.51278299973569],[140.28601605689562,35.518822171206295],[140.292587977753,35.515316585991684],[140.29957861216326,35.51889569438083],[140.2877588854643,35.52349074799969],[140.29201844429588,35.5311651711358],[140.28601097302806,35.53892519803952],[140.28096377445866,35.54184050513527],[140.28136241244545,35.54778994584939],[140.29186771702155,35.54822464035493],[140.29097111542467,35.55564825246495],[140.29421197170518,35.56062544151098],[140.28865810588695,35.56637294575489],[140.2887284184818,35.570034892496324],[140.27568063605258,35.57131410795978],[140.26911586300673,35.56657913511907],[140.26696941600585,35.55890302755273],[140.25977411208567,35.55918861356372],[140.24424608309027,35.568904504938985],[140.2367976910607,35.561696468417324],[140.22817380058052,35.5663359458473],[140.22626717309163,35.57311677471944],[140.22261635546045,35.577399278853704],[140.21486105089684,35.57737930581038],[140.2099249159022,35.574554892294486],[140.20215852089905,35.5786107214077],[140.202279663176,35.585377386856976],[140.1874326718804,35.58641353175915],[140.17543756209386,35.581189666769774],[140.1692366673384,35.575699667205924],[140.1730788849826,35.56835133284778],[140.16903355455497,35.564636612989375],[140.1601462787279,35.564717999835864],[140.1582995334967,35.55346886509608],[140.14236442367928,35.54797355953218]]]},"properties":{"N03_001":"千葉県","N03_002":null,"N03_003":"千葉市","N03_004":"緑区","N03_007":"12105"}},{"type":"Feature","geometry":{"type":"Polygon","coordinates":[[[140.09705508432478,35.620107838206195],[140.08765703044764,35.62982750493546],[140.07380230972888,35.641352693771864],[140.06109282707234,35.64984594603362],[140.05769780810738,35.64993177553106],[140.04246616148419,35.65893199991194],[140.0460319976786,35.661378666692144],[140.0349476655024,35.669632612954786],[140.01965190710985,35.65247782908858],[140.02872538307008,35.64415641388746],[140.06966367104167,35.610753892478215],[140.08390708234606,35.59679686488346],[140.0866282105236,35.601894251918225],[140.07792247724058,35.610415314814986],[140.0831436964245,35.6132684679655],[140.09412537008984,35.60368598202251],[140.09856831417642,35.60636506329706],[140.10501924833966,35.610706224812475],[140.09705508432478,35.620107838206195]]]},"properties":{"N03_001":"千葉県","N03_002":null,"N03_003":"千葉市","N03_004":"美浜区","N03_007":"12106"}},{"type":"Feature","geometry":{"type":"Polygon","coordinates":[[[140.76100456530855,35.69782055037814],[140.80666522751835,35.71160653231567],[140.81929394296117,35.71341472091268],[140.83094930056984,35.713576838100664],[140.83810885913658,35.71084225246801],[140.84102197098719,35.70263777521319],[140.84494939040212,35.69815772150167],[140.85290780864852,35.69750346831046],[140.85782252898662,35.69469150500902],[140.86298708188838,35.698227640193466],[140.86655708194382,35.714601919542986],[140.87116175111396,35.71840310831686],[140.86751061062625,35.727498838001],[140.87070888490723,35.73333477527973],[140.8655359404314,35.741250973054036],[140.85197438431044,35.744667072127754],[140.84600328162617,35.73989466680547],[140.82195907934806,35.73944530615603],[140.81535153004916,35.74151450499045],[140.80097705604635,35.74966010812756],[140.78820121961064,35.758422639892956],[140.75150819754538,35.7790302790242],[140.74166666728297,35.78514872123657],[140.72895111510195,35.79664702753837],[140.72586700435886,35.800747613211854],[140.7207021663719,35.81347261277091],[140.7027358369894,35.80612630638399],[140.69277522749485,35.8043588381899],[140.69026949414194,35.794448306544155],[140.69977922223336,35.7928343598179],[140.69961910513769,35.78546577542522],[140.7048835547323,35.78376686524871],[140.70426625198604,35.779377694325206],[140.69958727633184,35.774244945947544],[140.7073564205624,35.77084213525637],[140.70833041511662,35.761336026936135],[140.7237807264994,35.75867291941972],[140.7276529185474,35.75596205430543],[140.7240039697075,35.73850208100629],[140.7251858371567,35.73324486555816],[140.73211666755026,35.73158233295834],[140.74198380061193,35.73821366752679],[140.74831783460047,35.72837950540992],[140.7486778341148,35.723606081155765],[140.74001791229693,35.720272694529285],[140.73388302238368,35.705344080764746],[140.7414017512898,35.70189258617398],[140.75115574604092,35.701381171403966],[140.75563194615745,35.702970586423476],[140.76100456530855,35.69782055037814]]]},"properties":{"N03_001":"千葉県","N03_002":null,"N03_003":null,"N03_004":"銚子市","N03_007":"12202"}},{"type":"Feature","geometry":{"type":"MultiPolygon","coordinates":[[[[139.96369499402886,35.6722615768104],[139.9627460446943,35.680734071819984],[139.95852814515786,35.673111332721874],[139.96369499402886,35.6722615768104]]],[[[139.97594505801806,35.773845441014316],[139.95727836630363,35.77512605402421],[139.94954717346332,35.769797721088025],[139.9517895853212,35.76186386512535],[139.94372649857917,35.75838580186331],[139.94360114117978,35.751300531794186],[139.93378308771935,35.74891222471945],[139.9315553833743,35.759821359967816],[139.91605208843316,35.762737225542594],[139.90922878098354,35.76678777473609],[139.90338291788737,35.764057225260785],[139.9019300784105,35.75579613478385],[139.8949261610136,35.75092474827858],[139.8904439174529,35.75027586493928],[139.8994505584966,35.74438558612593],[139.90088581173086,35.73745753193958],[139.89793856071606,35.731871694323274],[139.8986543320318,35.72345113516184],[139.90812345033703,35.71386225234113],[139.91621092129708,35.70800138675463],[139.918735032296,35.69770944093801],[139.90864586291627,35.68550555893444],[139.90378863803528,35.6831158381255],[139.88794500635697,35.67999336050525],[139.8860707787435,35.671136414314105],[139.8931185866535,35.67257972097741],[139.91828197093628,35.6554605322778],[139.92080191987282,35.66052919856372],[139.9303523611726,35.66648210796296],[139.94766143992354,35.669552837693345],[139.9450926982695,35.67295800011169],[139.93664805436424,35.67329872085935],[139.94673769139138,35.68091117081394],[139.95308447506852,35.67177950512013],[139.95928486440505,35.67944674806904],[139.9632494420082,35.681449702841576],[139.96101267249685,35.70187772127986],[139.94704496815086,35.70761553173145],[139.94196661526712,35.70146136035356],[139.93872802887552,35.70251913485026],[139.9424291959507,35.71595083786093],[139.94924250293923,35.71591083781499],[139.9570522182853,35.71977389185167],[139.9630845782907,35.73534608115676],[139.97293538326142,35.732940224711626],[139.97458444941287,35.74508883797955],[139.97284308763847,35.748778000004734],[139.97494147936584,35.75172438677106],[139.97102070054495,35.75750105423032],[139.97458824904857,35.761049919318395],[139.97594505801806,35.773845441014316]]]]},"properties":{"N03_001":"千葉県","N03_002":null,"N03_003":null,"N03_004":"市川市","N03_007":"12203"}},{"type":"Feature","geometry":{"type":"MultiPolygon","coordinates":[[[[139.96369499402886,35.6722615768104],[139.97199383894463,35.67089672070716],[139.97945202369203,35.669822027264786],[139.97766408602877,35.679503945850456],[139.9627460446943,35.680734071819984],[139.96369499402886,35.6722615768104]]],[[[139.99403907943997,35.75536210847457],[139.98889150573848,35.75174433283473],[139.98683311315767,35.746929332922434],[139.99556308766648,35.74274569395868],[139.9995323615293,35.75058569397464],[139.99403907943997,35.75536210847457]]],[[[139.9632494420082,35.681449702841576],[139.97510019531785,35.68340697295349],[139.98276150543916,35.6816129459807],[139.98586897517316,35.663835838453224],[140.00194346371995,35.66559613545331],[140.00493099896653,35.66880719809376],[139.9979508038865,35.67840308123726],[140.00880652390197,35.69542391917855],[140.01384511056347,35.69201222498424],[140.02886955968245,35.690895468451174],[140.03549044143074,35.69625769413733],[140.04355014312466,35.692853225096314],[140.05073655005185,35.691912946125626],[140.05303411193483,35.6965371081011],[140.05858105117466,35.69444266709547],[140.06390691367324,35.69645210777861],[140.0618834111906,35.70487297270955],[140.06833374820394,35.708443252454174],[140.06425849553318,35.71098658646184],[140.07171581153557,35.71712161307204],[140.06292444930398,35.720725774774735],[140.06764350234585,35.734220225283195],[140.0639119462794,35.7423841080402],[140.0659906365587,35.748452973326096],[140.07434121947176,35.74951297274555],[140.0776188076619,35.75748905457624],[140.0860172506956,35.76577153183081],[140.08627572034823,35.78112983807165],[140.08955741933949,35.78400202717188],[140.08271277637357,35.79168953184649],[140.07321703004197,35.79865813556455],[140.06944564210278,35.79906563996735],[140.06720386516633,35.785343441546615],[140.06177041497278,35.77628710846335],[140.03987024591515,35.76669527946365],[140.03048444889828,35.77140697335318],[140.02103347621403,35.76548953231611],[140.01438338538503,35.760820666840345],[140.01802693919194,35.75464480201606],[140.0083937746531,35.74817955873971],[140.00672841818198,35.74282789199367],[139.9994550845845,35.74407902702552],[139.99326031151418,35.7417762787523],[139.98845031093322,35.743809892312754],[139.98306147970357,35.75116102715975],[139.97284308763847,35.748778000004734],[139.97458444941287,35.74508883797955],[139.97293538326142,35.732940224711626],[139.9630845782907,35.73534608115676],[139.9570522182853,35.71977389185167],[139.94924250293923,35.71591083781499],[139.9424291959507,35.71595083786093],[139.93872802887552,35.70251913485026],[139.94196661526712,35.70146136035356],[139.94704496815086,35.70761553173145],[139.96101267249685,35.70187772127986],[139.9632494420082,35.681449702841576]]]]},"properties":{"N03_001":"千葉県","N03_002":null,"N03_003":null,"N03_004":"船橋市","N03_007":"12204"}},{"type":"Feature","geometry":{"type":"Polygon","coordinates":[[[139.82451739356293,34.9112622068854],[139.83349046741125,34.91066938728244],[139.85272491642183,34.914720252137954],[139.858497445201,34.92340386479657],[139.8661741121456,34.920488865268965],[139.878620195066,34.92482327917105],[139.88199380027368,34.92381161291564],[139.89105238705804,34.93091325244467],[139.8978329182546,34.925470720897124],[139.90429705626423,34.928213748465794],[139.91399980494714,34.9285939998133],[139.91849644665376,34.92705646848128],[139.9268597801548,34.940550613220296],[139.91809121933431,34.945012586062035],[139.9098643066925,34.94620153207512],[139.90292632938667,34.95801680173406],[139.90409552538824,34.966549586394365],[139.91020416319168,34.97950674773824],[139.919239728231,34.980550919089694],[139.92910527938523,34.98400810818771],[139.93117866456373,34.99245446799932],[139.94061674456714,35.00100944073313],[139.94117094728142,35.004659171083915],[139.93315291837257,35.016747440741824],[139.9363960049717,35.02151605452235],[139.933368223265,35.02606991919146],[139.9200587552075,35.017379108359194],[139.90481513590987,35.018133278927735],[139.90454652460244,35.01040553228955],[139.88728985744103,35.00735363975872],[139.88499902698356,35.01040861336685],[139.88586321701393,35.018838838441695],[139.88392211401447,35.02515464047434],[139.8834652269387,35.04077955882963],[139.87667549927494,35.04640508082986],[139.87143632962295,35.04485761288856],[139.86950771730733,35.04045541438592],[139.8621815827139,35.038216278758284],[139.85321936458206,35.03211410797974],[139.83303962467903,35.03226685603062],[139.84141819719207,35.025446144024386],[139.84914906627648,35.0253454145593],[139.8544594424494,35.02008660371382],[139.85803453986216,35.01102136014771],[139.8584020622054,35.001800666967256],[139.85547516194924,34.99043138729871],[139.84967919593817,34.98540676620934],[139.84175038966885,34.986221152684095],[139.84138312633024,34.991859999939095],[139.8289782755271,34.99092093685181],[139.82142879430353,34.979170865343235],[139.81231863859432,34.97903765776175],[139.79689988352288,34.9738057123638],[139.78616625187112,34.97281589243954],[139.78194435844546,34.97662102743851],[139.75529237404385,34.97661980256191],[139.75344997433695,34.965349955536055],[139.75911594064826,34.959366738983874],[139.76691413747756,34.95823007235998],[139.77133355440003,34.95467092802096],[139.7796984823991,34.956113495441514],[139.80710769146685,34.94577845950835],[139.81589748438148,34.94096486523637],[139.82509098655987,34.93259015351282],[139.82745022035147,34.92725026069104],[139.82429062321376,34.92230127888098],[139.8227074063218,34.914679359964566],[139.82451739356293,34.9112622068854]]]},"properties":{"N03_001":"千葉県","N03_002":null,"N03_003":null,"N03_004":"館山市","N03_007":"12205"}},{"type":"Feature","geometry":{"type":"Polygon","coordinates":[[[139.94860434491466,35.442208062751945],[139.93982680886018,35.443043532033414],[139.9217649166177,35.4398522787597],[139.90327027240517,35.43145994571995],[139.90276544696792,35.42735144151584],[139.89694805460908,35.42320689248413],[139.89817422805822,35.41280977545085],[139.90159849567408,35.40117610769124],[139.90679374873264,35.38947641440507],[139.91328464337164,35.39137219786869],[139.91785121905855,35.38567258612102],[139.9044783919643,35.374983837833895],[139.8946595336107,35.36989080171918],[139.88781483848402,35.37088805454016],[139.89132383932383,35.36148946826438],[139.88751966300208,35.36148964902816],[139.89734542275312,35.34708110780696],[139.90023703001498,35.33732922556334],[139.90461063637179,35.335212838401844],[139.9142343058686,35.340667505401086],[139.93590797707157,35.3372677479083],[139.953379079481,35.329864134921934],[139.9642727760678,35.33152717114211],[139.96576966343923,35.32690525207579],[139.97217077785922,35.32256913485776],[139.97384238731638,35.318388054465174],[139.97941350213148,35.31736246850318],[139.99730503220155,35.317431135338666],[139.99807778186425,35.325877972690364],[140.0049050319417,35.32683599978162],[140.01028522698175,35.31887155877547],[140.01672108940681,35.3188621078001],[140.02115697831198,35.323957081054516],[140.02084425435896,35.329149279115995],[140.02925233542703,35.33050453225843],[140.04179464310835,35.33592755930948],[140.04530639407494,35.3424428021936],[140.04426557719466,35.3483328022171],[140.0515968091455,35.35534836043854],[140.05870347588473,35.35432805439626],[140.07072678301472,35.34581274805993],[140.0833271086592,35.345846891720726],[140.08698011703882,35.337896333549],[140.0939250586946,35.328319360450166],[140.10417647206657,35.325939918892175],[140.1091467192458,35.319192107729634],[140.10842924821134,35.324456837912805],[140.11336097293065,35.32922825218213],[140.12109902759812,35.333111918680174],[140.12140988365923,35.33716302725196],[140.12865992211778,35.3432719735228],[140.12948105170926,35.347273640066476],[140.12382944217507,35.35161250471339],[140.12298172502665,35.35821305368955],[140.11469236166317,35.3706052519309],[140.10564131029832,35.3793035864914],[140.0993754224379,35.37513497340035],[140.08990433191946,35.38086191914232],[140.0921424387226,35.38809910808743],[140.08526655061087,35.38246135980398],[140.0814163047188,35.38532025242773],[140.06522927411174,35.38275638689777],[140.06090674475058,35.37881833299974],[140.0534864466423,35.37815555873209],[140.0475992219266,35.380590305897954],[140.0423435542117,35.37106086556656],[140.03534603099456,35.37128310782924],[140.03289761323435,35.36121783793294],[140.02406092157435,35.36037480175577],[140.0207766676092,35.35211230653778],[140.01294464368038,35.343605108489044],[140.00163961157887,35.34468153222696],[139.99675632974083,35.35067486525287],[140.00076108905307,35.3529842793011],[140.0032144755677,35.35981010844978],[139.99886727600403,35.36451705391897],[140.0021390015138,35.37251869448221],[140.00138822318797,35.380084532575154],[140.00445022050133,35.38599313507518],[139.99927522736994,35.38756091870147],[139.99307328130692,35.39377341381203],[140.00086250290224,35.396798694504184],[140.00658749711533,35.39367591920836],[140.01045949401055,35.39827119855704],[140.01175399525073,35.404335918867616],[139.9948186378699,35.40514900042609],[139.9907242287402,35.40843872136992],[139.97129386511983,35.409712027388196],[139.9753105845159,35.41703564028262],[139.96796891143617,35.42013255917033],[139.9630858112613,35.414315892564446],[139.9566623873593,35.410583640422715],[139.94335736734865,35.41687438734317],[139.94249744550075,35.42633272097834],[139.9500753309119,35.43774635970681],[139.94860434491466,35.442208062751945]]]},"properties":{"N03_001":"千葉県","N03_002":null,"N03_003":null,"N03_004":"木更津市","N03_007":"12206"}},{"type":"Feature","geometry":{"type":"Polygon","coordinates":[[[139.97594505801806,35.773845441014316],[139.98431955930027,35.77616544098237],[139.97293678350582,35.78015738675407],[139.96841044168855,35.78630850493363],[139.9846021919377,35.788467359880826],[139.98896500643002,35.79075597350942],[139.99578389101384,35.78734983802468],[140.00110703036523,35.79114983789475],[139.9980118291826,35.80060397349462],[139.98904182921706,35.80680786479115],[139.978792283737,35.798295694390845],[139.9673417251406,35.802707919434965],[139.9673731654393,35.80799486557066],[139.95848619987828,35.80927208094181],[139.9524623609493,35.81724680209828],[139.95051744572356,35.82784372151059],[139.94148581162096,35.83487150511593],[139.93585389094437,35.83962622527014],[139.9283164462471,35.84976872084985],[139.92258752289592,35.84901789216207],[139.9177399999012,35.84520097334632],[139.91817358014669,35.84160708100205],[139.91275658934524,35.83665874850249],[139.89745425421052,35.83007046807768],[139.8885145011434,35.830197973058034],[139.88799224414686,35.82433269449831],[139.89153416287138,35.819338559526955],[139.88883933896443,35.80748494637322],[139.89083483835714,35.80056663993855],[139.88852341162624,35.796450801763115],[139.89446358033,35.77991777498539],[139.88284741967277,35.77353474773048],[139.87946153062524,35.76752446787992],[139.88320841833388,35.75862336047976],[139.8904439174529,35.75027586493928],[139.8949261610136,35.75092474827858],[139.9019300784105,35.75579613478385],[139.90338291788737,35.764057225260785],[139.90922878098354,35.76678777473609],[139.91605208843316,35.762737225542594],[139.9315553833743,35.759821359967816],[139.93378308771935,35.74891222471945],[139.94360114117978,35.751300531794186],[139.94372649857917,35.75838580186331],[139.9517895853212,35.76186386512535],[139.94954717346332,35.769797721088025],[139.95727836630363,35.77512605402421],[139.97594505801806,35.773845441014316]]]},"properties":{"N03_001":"千葉県","N03_002":null,"N03_003":null,"N03_004":"松戸市","N03_007":"12207"}},{"type":"Feature","geometry":{"type":"Polygon","coordinates":[[[139.95189992224368,35.935846946479444],[139.938639339534,35.94057055908411],[139.93165522700724,35.950766693827916],[139.93804360612762,35.96201474848192],[139.93245586374712,35.969439197860765],[139.91671805439478,35.970330586087755],[139.89937527894608,35.977520027327444],[139.88416364493628,35.9888280811511],[139.88233308750205,35.9914497209279],[139.87824452756297,36.00760497309108],[139.85708369655538,36.029426613347596],[139.84735783439658,36.03386050485847],[139.8372350582514,36.04110102669108],[139.82335530490343,36.05444297286493],[139.81367058403032,36.06242546776116],[139.8083275228969,36.070410171392325],[139.80378535750833,36.08685513475672],[139.7974462261625,36.096359305937256],[139.78677566846238,36.1040998921963],[139.7779697803811,36.09855741449314],[139.77606778260213,36.091310748492276],[139.77986722399328,36.08275717150633],[139.78333632910835,36.069501919078334],[139.79135769090476,36.05813580232547],[139.80160021987433,36.049199694210586],[139.8045927238752,36.04464138689053],[139.81365272439382,36.03853305395734],[139.81727243807268,36.02972919834389],[139.81340155633677,36.02313227903153],[139.81691233513618,36.002389532051325],[139.81425924786606,35.997061225195466],[139.8267447732527,35.98314591894905],[139.82523586374418,35.97553066670696],[139.82723444961027,35.971360946550476],[139.83293364497183,35.969345919278794],[139.83777330699263,35.95390591952264],[139.84645824974848,35.94098925195249],[139.86091966301206,35.932493693828974],[139.8674207523659,35.925545919308775],[139.87475566793978,35.912940080820135],[139.89144464345554,35.915428414090115],[139.90068880714284,35.91478977492824],[139.90195939001387,35.918078387007995],[139.91240771714251,35.91509810839102],[139.92016834029675,35.916888946367806],[139.92833697866865,35.918040027325446],[139.9350689752531,35.925321414351856],[139.94898683557403,35.931177505437574],[139.95189992224368,35.935846946479444]]]},"properties":{"N03_001":"千葉県","N03_002":null,"N03_003":null,"N03_004":"野田市","N03_007":"12208"}},{"type":"Feature","geometry":{"type":"Polygon","coordinates":[[[140.25633955892351,35.494312027478145],[140.25118144067096,35.491741774962975],[140.2475150063126,35.48607597322763],[140.2484905063319,35.48175374783722],[140.2491151367542,35.475679054045145],[140.25350839239843,35.46967544086897],[140.24977083065937,35.46597183842965],[140.2472848122444,35.45096466708577],[140.24885216599478,35.43906333320632],[140.25769486422666,35.432963891870145],[140.25975335933015,35.42505086510539],[140.26257163407377,35.42106613549379],[140.26047291859038,35.411295360292684],[140.25373455300723,35.40729622534059],[140.25727527923084,35.39894489239293],[140.2607496894467,35.396705720792454],[140.27776697866318,35.40324005448497],[140.27983994835495,35.3964731354269],[140.27582185569418,35.39256930612862],[140.27695230890197,35.3828935047315],[140.2980530615996,35.37946872090481],[140.30796666712808,35.382218666957954],[140.3122142541846,35.39140802685898],[140.3207600781152,35.39200438709287],[140.31580686139762,35.40324019837652],[140.31836630406178,35.40473822518902],[140.32303574600292,35.40692569386573],[140.3255101955392,35.40783289217427],[140.3239858635568,35.4182792255059],[140.32960613531498,35.419783640202866],[140.34191566787388,35.42860469445117],[140.34661538369312,35.428742721499475],[140.3481276917396,35.43364355900309],[140.3404924385752,35.436287171016204],[140.34009311350644,35.44177799975495],[140.34233994823012,35.45320853224803],[140.35005358000876,35.45556017126495],[140.3504419972005,35.46167402693487],[140.35601508422883,35.46253153230441],[140.3610553831994,35.466404279234155],[140.36341383907745,35.47415177498448],[140.3696263296914,35.474312305768365],[140.37296902699904,35.469253441193416],[140.37761014299372,35.468612306412865],[140.38135994810318,35.47548953181649],[140.37888289233172,35.48749922500929],[140.37236105112163,35.49432922521362],[140.35218450111392,35.496629531827466],[140.34751238728688,35.484862613319024],[140.3357330617315,35.49033400051377],[140.32596175143374,35.49214625224778],[140.32962822356376,35.49810066711217],[140.31331888515854,35.50183986471802],[140.2903554737262,35.49644358620259],[140.28037269864114,35.498577775444005],[140.2721148385291,35.49360280232753],[140.2711660312874,35.49949113500793],[140.26696632953258,35.50180002744935],[140.259703839061,35.50170283771587],[140.26239763953947,35.49556977522502],[140.25633955892351,35.494312027478145]]]},"properties":{"N03_001":"千葉県","N03_002":null,"N03_003":null,"N03_004":"茂原市","N03_007":"12210"}},{"type":"Feature","geometry":{"type":"Polygon","coordinates":[[[140.38496717289672,35.88527705429266],[140.3838641373202,35.88939622535554],[140.37549221799156,35.895203721574546],[140.375885331443,35.90236789186474],[140.36371581163542,35.89938566711487],[140.35308038954838,35.89193955936321],[140.34838834044956,35.88320927908501],[140.33496788615912,35.872387333108975],[140.32305277646458,35.86605930569243],[140.30828741932896,35.86448736000369],[140.29995596589515,35.86669038695186],[140.28936316537784,35.871425946150566],[140.28225053253607,35.859143198100185],[140.2796407260388,35.846634306528074],[140.28261647207262,35.83215210813336],[140.28612175151773,35.828573532142855],[140.27875717360473,35.818616586486314],[140.2679879773633,35.82324380255949],[140.2664223611032,35.81950397273022],[140.25560749728822,35.81351022511683],[140.25724000062564,35.81141105367726],[140.25162430641672,35.80030553257433],[140.2492077822135,35.78895053234123],[140.2503605323128,35.784858613434324],[140.25964469514668,35.777960558832774],[140.2578856940696,35.76418253229809],[140.2632986900826,35.7547653057743],[140.27382930068177,35.754623891879135],[140.27940433204435,35.75742972090495],[140.28387596630284,35.75144330636357],[140.28971710795827,35.75214664005546],[140.29204053254466,35.75745330652495],[140.30315241275366,35.747762999962504],[140.31402810671182,35.755573252203874],[140.31229175146325,35.75974186529493],[140.31949719793738,35.77369710773536],[140.32504447532233,35.77722764014351],[140.33180664146334,35.76528797356116],[140.34240972842633,35.761787054029355],[140.3552515562144,35.75150310768231],[140.35653483841213,35.74557113539964],[140.3624406611077,35.74192889190488],[140.36281530518227,35.73197969390782],[140.36787197091473,35.73124858645315],[140.36804730274093,35.739409171396176],[140.37667758830014,35.73789858645068],[140.37940805413848,35.72874022528123],[140.38702469493376,35.72326938757226],[140.39327583750992,35.72772661289292],[140.38675866468066,35.731464386872005],[140.385044864429,35.740721640191566],[140.39963669287908,35.74206713479049],[140.4019511152518,35.753325532547365],[140.39585530537806,35.75671386505286],[140.39980455313764,35.76338719796087],[140.39347069991288,35.7678947214643],[140.3964001956126,35.772436640438684],[140.40294413766185,35.77485053232624],[140.40224671971043,35.78332886483531],[140.4074942800371,35.78653386514583],[140.41404372234,35.7853202525277],[140.41781311288491,35.78129077534908],[140.4170472241501,35.77576744151429],[140.42384719868937,35.77528272132059],[140.43621282736012,35.78079464006066],[140.43307705596146,35.78602797311254],[140.443102918465,35.78856877552863],[140.44446839240243,35.80337933348949],[140.45191538328834,35.80711794653604],[140.45225627850448,35.81130930617957],[140.46094963711607,35.81480372091505],[140.4550160829259,35.81808680216426],[140.4559567189275,35.82624902747068],[140.46852824917937,35.833895360282725],[140.46415092142797,35.83795236031324],[140.4639183666394,35.84528453205559],[140.47222116767284,35.84423169393756],[140.47249180335416,35.85090113547909],[140.46306600539185,35.85497810855293],[140.46038053263555,35.862770892362846],[140.452393359466,35.87036789196469],[140.44656856029087,35.86513041393749],[140.44047386557645,35.86785600005442],[140.43731627842362,35.86326019819961],[140.4281226719238,35.86363717151829],[140.42244544699986,35.86631358630302],[140.4169968090556,35.86561722505496],[140.4030846954024,35.85346086502693],[140.39435603120592,35.852792837819266],[140.3941694164854,35.857576441499646],[140.3979644754802,35.8606961707917],[140.40093016889227,35.87224005383547],[140.39199632886755,35.88312566731577],[140.38496717289672,35.88527705429266]]]},"properties":{"N03_001":"千葉県","N03_002":null,"N03_003":null,"N03_004":"成田市","N03_007":"12211"}},{"type":"Feature","geometry":{"type":"Polygon","coordinates":[[[140.15264394356325,35.68929241431351],[140.1507761613908,35.691075748347146],[140.14690116705526,35.69283017097564],[140.14879569416598,35.70084458640861],[140.1591951359468,35.695590999724914],[140.1774524382795,35.694806558875655],[140.19259121910954,35.70429977541437],[140.2065749160996,35.705503640280824],[140.2084426335208,35.69769808070191],[140.2021189111589,35.686204558793406],[140.20358861202487,35.6805856674946],[140.20909861251107,35.67571674782971],[140.20799910497476,35.67171761287756],[140.21493050643778,35.66275174799483],[140.21331819737702,35.654574838558005],[140.2196409997324,35.6519722787977],[140.22303566796177,35.64164394641102],[140.22873647221047,35.633139467912144],[140.24127542272265,35.63129744142384],[140.25096182892537,35.62558472115802],[140.2577554470563,35.62546850536728],[140.25658603162015,35.62886433282273],[140.25846197154283,35.64455263989248],[140.2498400523766,35.65194322529965],[140.2588181975019,35.65856594616156],[140.25684795107213,35.663730667236564],[140.25946383968449,35.667315360415614],[140.26666691374714,35.666329198034134],[140.26967586365026,35.671063080896545],[140.26773671937417,35.67699253237953],[140.27592955940167,35.679839134868246],[140.28284180350647,35.67856908079847],[140.28153216667624,35.68862769391302],[140.28702719794694,35.69153961326259],[140.2914664719002,35.70610964034768],[140.28438252923036,35.702501613358834],[140.27825616129292,35.70773553186933],[140.27555444947836,35.70350663991957],[140.2672754993648,35.69977613516056],[140.25967861217828,35.714486171399756],[140.2531174714942,35.71401536012081],[140.24939852122486,35.72227117067803],[140.2571303633756,35.72549144147689],[140.2554006361305,35.7291853600164],[140.2621037482894,35.731246721259254],[140.25892297031885,35.73971061335419],[140.2543626718998,35.74003922473048],[140.2238084706844,35.757375080795384],[140.20912483854056,35.766245640024295],[140.20526869039782,35.76487008108944],[140.1886434759158,35.74566880177383],[140.18219983165693,35.748045441044326],[140.16753338555736,35.749954360005745],[140.15188175104208,35.759793197697945],[140.14555778226588,35.754828504731734],[140.1472894160737,35.74873464009164],[140.14028824970308,35.74475186470687],[140.13850316558865,35.736590802223816],[140.14219031133382,35.72526000004899],[140.1340321662516,35.718893639929604],[140.13130680946176,35.71144338720262],[140.13960538368156,35.702870946037365],[140.13679418930042,35.69754594598868],[140.14352697818754,35.691942108441594],[140.1474789490943,35.69208905406663],[140.14939228372702,35.69159769417831],[140.15264394356325,35.68929241431351]]]},"properties":{"N03_001":"千葉県","N03_002":null,"N03_003":null,"N03_004":"佐倉市","N03_007":"12212"}},{"type":"Feature","geometry":{"type":"Polygon","coordinates":[[[140.2887284184818,35.570034892496324],[140.28865810588695,35.56637294575489],[140.29421197170518,35.56062544151098],[140.30364914429265,35.55385933274209],[140.31400080419382,35.55739541396724],[140.32382027228778,35.557873972905554],[140.32376355474435,35.551899279228394],[140.33052269826396,35.54705897329302],[140.3362670566794,35.53715755897423],[140.34328836606528,35.5329755864542],[140.34735341143084,35.540308919221275],[140.35398610937148,35.5365336399156],[140.35584435873022,35.53043002752378],[140.36098075206007,35.53050113511932],[140.35676063659412,35.52054391876686],[140.36289997455424,35.515231413898675],[140.38126763899038,35.51224864056235],[140.37978671908184,35.504844747886864],[140.38503192048677,35.5001189193527],[140.39071313930003,35.50976472116503],[140.40091610889135,35.50586194587214],[140.40412085649234,35.509187225110395],[140.41038121891813,35.518639413678045],[140.39141888497363,35.52666774791828],[140.39629588864443,35.532493027331384],[140.40040639473943,35.5286210807983],[140.40937413740653,35.52998855932458],[140.41508686126974,35.52710800023408],[140.41909053240227,35.532773559152474],[140.41918089538206,35.539491892337026],[140.4220679125042,35.54712602674476],[140.427278807471,35.551413252319776],[140.4285147214773,35.55770517105685],[140.43269031150874,35.560432386745276],[140.43501177737164,35.56769763993418],[140.4284995337266,35.5822068018025],[140.42534306173297,35.59586208077047],[140.4192655512643,35.59492402672248],[140.4184515820749,35.59061958632492],[140.41329710787534,35.58816541380287],[140.40892328118457,35.59156846821031],[140.40407600550327,35.58708544134009],[140.40001744514905,35.58923489207666],[140.39375072631503,35.58540877499502],[140.38479778199212,35.59282294602218],[140.38544007869677,35.5999806942537],[140.38288958518626,35.60442735973493],[140.37495875544232,35.602972360086426],[140.37136044113151,35.605507919454965],[140.36086736733523,35.60169738672505],[140.35377383969103,35.60977486531783],[140.34721267202724,35.60548683844689],[140.33089571996152,35.60646436014218],[140.33750919669217,35.61766791903926],[140.3327772761504,35.62167791870104],[140.33515286591205,35.62474955944464],[140.32919461723782,35.63151455934951],[140.32558147940176,35.6261618017258],[140.31648486388542,35.63088236023282],[140.30778810673576,35.62474158605539],[140.31271919653375,35.62164353222329],[140.31484914457246,35.61676327930195],[140.30884771764806,35.612913305904385],[140.3152562784545,35.60744441432831],[140.32409713397567,35.608956054178634],[140.32540377426483,35.60721938686527],[140.32121208816739,35.60297997284749],[140.32433836632265,35.59259833314661],[140.3371116342945,35.58540497356074],[140.31905136263038,35.58606474768999],[140.2924939950019,35.57267461314291],[140.28708705592294,35.57290905380984],[140.2887284184818,35.570034892496324]]]},"properties":{"N03_001":"千葉県","N03_002":null,"N03_003":null,"N03_004":"東金市","N03_007":"12213"}},{"type":"Feature","geometry":{"type":"Polygon","coordinates":[[[140.69958727633184,35.774244945947544],[140.69175680912952,35.78130969438695],[140.68734102546807,35.78285800049639],[140.68334033738677,35.77766472144981],[140.67325547306166,35.77175283822294],[140.67067286655958,35.765410053830976],[140.66190771686774,35.77490202750664],[140.65479566858528,35.7882390004296],[140.63840635526913,35.78589044069133],[140.62961114124118,35.794655171299155],[140.6245660830583,35.7936651715105],[140.62586121921993,35.78727008074969],[140.61684002624622,35.78105717105166],[140.60925997436834,35.7816866398266],[140.60184038942248,35.77418055898568],[140.59752652412988,35.780070837798974],[140.5923853571985,35.777933359736835],[140.58985167291644,35.773409775240964],[140.57638953325045,35.766787892547256],[140.57197394294315,35.766225108502],[140.56564124534725,35.7551557212596],[140.571894838576,35.74695958611608],[140.56472472106907,35.74143627926094],[140.56695771702505,35.735944053875016],[140.5793061614503,35.737572612785925],[140.58433955902353,35.73959122475526],[140.5926206998854,35.737647586566936],[140.59337046737323,35.741363972869124],[140.60430855989216,35.737509748376226],[140.59951902698162,35.73367366680634],[140.59825693910648,35.72193310832637],[140.59908744502968,35.716841467959455],[140.59143102542157,35.718082026964],[140.5785800785079,35.712800694396606],[140.5818456166819,35.708644586378625],[140.59148847051654,35.71134622534805],[140.59269428061657,35.70819841382581],[140.60436461733332,35.708703667340444],[140.60659647204966,35.7010995055378],[140.6022814142559,35.69768730592449],[140.60308691363025,35.69204453222943],[140.60990050660314,35.68980338751635],[140.60934486407427,35.68240589171859],[140.61207311308374,35.67535727891533],[140.62162900157728,35.678291414217426],[140.62498192057922,35.67265851417915],[140.6441986124761,35.68332327934593],[140.6646031136429,35.691676838115654],[140.69252191995076,35.699411801813255],[140.7145596376173,35.70043250535588],[140.71993399515782,35.69893233276099],[140.7240366933388,35.69363605436047],[140.73892277636514,35.692291973495855],[140.7501204150252,35.69322297326164],[140.76100456530855,35.69782055037814],[140.75563194615745,35.702970586423476],[140.75115574604092,35.701381171403966],[140.7414017512898,35.70189258617398],[140.73388302238368,35.705344080764746],[140.74001791229693,35.720272694529285],[140.7486778341148,35.723606081155765],[140.74831783460047,35.72837950540992],[140.74198380061193,35.73821366752679],[140.73211666755026,35.73158233295834],[140.7251858371567,35.73324486555816],[140.7240039697075,35.73850208100629],[140.7276529185474,35.75596205430543],[140.7237807264994,35.75867291941972],[140.70833041511662,35.761336026936135],[140.7073564205624,35.77084213525637],[140.69958727633184,35.774244945947544]]]},"properties":{"N03_001":"千葉県","N03_002":null,"N03_003":null,"N03_004":"旭市","N03_007":"12215"}},{"type":"Feature","geometry":{"type":"Polygon","coordinates":[[[140.0815569784719,35.69453550500958],[140.077162866673,35.70096269437289],[140.08509902759806,35.70384022544607],[140.06833374820394,35.708443252454174],[140.0618834111906,35.70487297270955],[140.06390691367324,35.69645210777861],[140.05858105117466,35.69444266709547],[140.05303411193483,35.6965371081011],[140.05073655005185,35.691912946125626],[140.04355014312466,35.692853225096314],[140.03549044143074,35.69625769413733],[140.02886955968245,35.690895468451174],[140.01384511056347,35.69201222498424],[140.00880652390197,35.69542391917855],[139.9979508038865,35.67840308123726],[140.00493099896653,35.66880719809376],[140.00194346371995,35.66559613545331],[140.00294914408778,35.659778440922366],[139.99472577207678,35.66104010791469],[139.98649836660638,35.66010874842004],[139.98746119337943,35.65446753235079],[140.01367902736524,35.657521666891455],[140.01965190710985,35.65247782908858],[140.0349476655024,35.669632612954786],[140.04175997424352,35.67784819773618],[140.0551327761567,35.67698317133636],[140.0575828019048,35.67973764008008],[140.06591642000683,35.67676097314046],[140.0773629964052,35.68845269393671],[140.0815569784719,35.69453550500958]]]},"properties":{"N03_001":"千葉県","N03_002":null,"N03_003":null,"N03_004":"習志野市","N03_007":"12216"}},{"type":"Feature","geometry":{"type":"Polygon","coordinates":[[[139.9980118291826,35.80060397349462],[140.00193019512244,35.80392894606405],[140.00769966350867,35.80315977480382],[140.02254050613953,35.79608253208323],[140.01889007791488,35.78349202703549],[140.0299077559382,35.79894894573732],[140.03229958565737,35.811821891866884],[140.0416783014125,35.82429791951341],[140.04967669362452,35.83219177543015],[140.05729058429313,35.835352279084475],[140.06965503215406,35.833777252318384],[140.07523722391886,35.83107780229881],[140.08915522723203,35.830179973127315],[140.09290158254203,35.826058026756584],[140.09914661512425,35.83128827873111],[140.10925603094108,35.83412353177562],[140.11194386531724,35.84339822474834],[140.11135834011532,35.84789430617735],[140.10098978015435,35.8514982250631],[140.06509878158352,35.85539833296673],[140.0600776390719,35.85085974777917],[140.0517732174601,35.85338227956862],[140.04252214068435,35.85941980168258],[140.03275044098018,35.856455666795625],[140.0249018551366,35.860966252490584],[140.00831267199226,35.86180213546021],[139.9935329445898,35.86755355894962],[139.99110044123245,35.87118689196154],[139.99278328142339,35.877446891960574],[139.99861697849087,35.88374213549122],[140.0099014790701,35.88721322541005],[140.01627044092822,35.89599374811303],[140.02178625193403,35.89022400003762],[140.0311066412586,35.90061230641288],[140.01886080408292,35.91004761290708],[140.0132155248766,35.91109736005518],[139.99674435796578,35.9092248924149],[139.98579294468868,35.91480713544098],[139.9774590792731,35.92270827946356],[139.96546269874466,35.92672664012241],[139.95189992224368,35.935846946479444],[139.94898683557403,35.931177505437574],[139.9350689752531,35.925321414351856],[139.92833697866865,35.918040027325446],[139.92016834029675,35.916888946367806],[139.92048963748687,35.906030054443534],[139.91479620048437,35.89413369381498],[139.92123564221117,35.890284775322186],[139.92616505837077,35.88344922540148],[139.9300623091283,35.88667199991289],[139.92125736713388,35.896578107793516],[139.92257099965195,35.900491441127144],[139.9297990793641,35.90076866704038],[139.9346681968799,35.892508386852626],[139.93346481225137,35.88549922550891],[139.94024177763595,35.88513530584976],[139.94006085652336,35.87567422478571],[139.94168250324503,35.86905727937],[139.93118661546998,35.8685853601263],[139.9303565888855,35.86471619789427],[139.9427688330153,35.86439477479905],[139.94142871636222,35.85174174798334],[139.9472076654015,35.854573694220676],[139.9525998834779,35.85125199968007],[139.95219369658184,35.84148674811496],[139.95751308755905,35.835139531863945],[139.95321306103403,35.83393980208024],[139.94531805398503,35.83688317072182],[139.94148581162096,35.83487150511593],[139.95051744572356,35.82784372151059],[139.9524623609493,35.81724680209828],[139.95848619987828,35.80927208094181],[139.9673731654393,35.80799486557066],[139.9673417251406,35.802707919434965],[139.978792283737,35.798295694390845],[139.98904182921706,35.80680786479115],[139.9980118291826,35.80060397349462]]]},"properties":{"N03_001":"千葉県","N03_002":null,"N03_003":null,"N03_004":"柏市","N03_007":"12217"}},{"type":"Feature","geometry":{"type":"Polygon","coordinates":[[[140.3179081975054,35.21456308152102],[140.31300153059624,35.219622000055324],[140.30133761324032,35.2262698380826],[140.29701372230545,35.23757319834448],[140.2881014794997,35.242894919465016],[140.28102089489846,35.24242438697593],[140.27387141413453,35.23918886547381],[140.27058642002737,35.23438022556701],[140.25173133653198,35.233065802544786],[140.25916968942965,35.22752883768578],[140.25040516206866,35.216337972719316],[140.24562211416935,35.214075468208364],[140.24440066126158,35.20090653181103],[140.24587649820194,35.192367919543926],[140.2383370039496,35.18009566748111],[140.2310019714639,35.18111646815055],[140.2274825294952,35.18629786535428],[140.22176138797772,35.18672925215333],[140.21286272403552,35.17974844103776],[140.20538128461862,35.18411041376464],[140.20062652399497,35.183378198345224],[140.1987342802629,35.17791430610038],[140.18895144065652,35.17573546821734],[140.18791503225304,35.170178532113596],[140.1966498055442,35.1716746127932],[140.20196289227374,35.17029238718396],[140.20774177746114,35.161844054259745],[140.20767286601006,35.15447880185525],[140.2132359399867,35.1503563059988],[140.21635758843206,35.14126105385458],[140.2121608949094,35.13631553173644],[140.21604036337214,35.13399469449962],[140.21174752332956,35.126075027140814],[140.21360197125398,35.121217251874725],[140.21180521393956,35.114466477446],[140.22006294454934,35.11661072110792],[140.23251302225822,35.115134802329294],[140.23765252904104,35.11832336033484],[140.2343482228922,35.12184901841749],[140.24712891117042,35.127950721548586],[140.24763831415692,35.13308658607713],[140.25316102566092,35.13389433285721],[140.25786968973443,35.137945865009726],[140.26669819756387,35.13598874778256],[140.2741559407441,35.137267278861884],[140.2767976129196,35.13429953229763],[140.28585236139747,35.13421294647037],[140.2972154735154,35.150525919036],[140.30439308687153,35.15121222496424],[140.31247700461017,35.147152721221175],[140.31251311328958,35.138582973525445],[140.3178350583413,35.137655080917284],[140.32519486445153,35.13965972101937],[140.3273655769599,35.15122953241706],[140.33276603102752,35.157603865026374],[140.33514177727125,35.166762504985684],[140.34459141446223,35.17272489233994],[140.3467718036759,35.17614375682899],[140.33922933896292,35.17545191917077],[140.33214457790996,35.17750889172203],[140.3240136966748,35.174321973180554],[140.315836446395,35.176697559344916],[140.3103289496214,35.18956005445301],[140.3054205838929,35.19022286469351],[140.30345669297208,35.19630313518161],[140.30829620030943,35.20188008120084],[140.30827591430204,35.208100640532166],[140.3179081975054,35.21456308152102]]]},"properties":{"N03_001":"千葉県","N03_002":null,"N03_003":null,"N03_004":"勝浦市","N03_007":"12218"}},{"type":"Feature","geometry":{"type":"Polygon","coordinates":[[[140.11548909264752,35.55060136056437],[140.11234272453714,35.54989438731616],[140.09804306153808,35.55501133280683],[140.0923308044231,35.55448461337426],[140.09008053249067,35.54285100047332],[140.1010588336983,35.538462054380375],[140.0960886899411,35.535401585914485],[140.08703486416766,35.540069802079756],[140.07394836592437,35.549977441505746],[140.06448518854063,35.542806613534424],[140.06130830103734,35.54372683852284],[140.05394866399968,35.53509413468663],[140.060677638862,35.53006458621172],[140.05772172557727,35.52657725183877],[140.05007552496556,35.5309368377649],[140.03774105150842,35.5162749188525],[140.04585780799152,35.51166602736532],[140.04223391696178,35.507327305710646],[140.03385905325274,35.51184300045418],[140.02522966341826,35.501652026919544],[140.03622596635535,35.495293026851755],[140.03304147958067,35.49167402723464],[140.02191153019305,35.49678374847127],[140.01211844461056,35.48518827941564],[140.01786182906028,35.48051083800482],[140.0183519712665,35.47257597300279],[140.02274140119482,35.46755105423779],[140.03978800291407,35.445545532300514],[140.04302686090102,35.43768861333888],[140.04100649795157,35.42952694651143],[140.0326225555865,35.42357002703517],[140.0437625809784,35.42362000056261],[140.05132070019022,35.42587719817419],[140.0596743327044,35.42574386468766],[140.0769299746387,35.43010686533961],[140.08070666767867,35.43231880187125],[140.08993824895106,35.42101408093515],[140.08947542275257,35.412207441020655],[140.0927726071701,35.40669827870266],[140.09003031164957,35.39954272121969],[140.09252861210587,35.39582133288826],[140.0921424387226,35.38809910808743],[140.08990433191946,35.38086191914232],[140.0993754224379,35.37513497340035],[140.10564131029832,35.3793035864914],[140.11469236166317,35.3706052519309],[140.12298172502665,35.35821305368955],[140.12382944217507,35.35161250471339],[140.12948105170926,35.347273640066476],[140.12865992211778,35.3432719735228],[140.12140988365923,35.33716302725196],[140.12109902759812,35.333111918680174],[140.11336097293065,35.32922825218213],[140.10842924821134,35.324456837912805],[140.1091467192458,35.319192107729634],[140.1015725030686,35.31730933295938],[140.10789577217224,35.3125551712842],[140.11817418948726,35.31616686480902],[140.1220713620038,35.31379661342305],[140.12215016959476,35.30737163998924],[140.1174340339536,35.30518383856332],[140.11438958511133,35.28962083853094],[140.12016144029826,35.28290280212269],[140.11841406026076,35.27345474773847],[140.11841972868763,35.263205053870195],[140.12517364534756,35.24394483838364],[140.1301657460524,35.243382414067185],[140.13218555142214,35.23797177517736],[140.13713335961688,35.236801802161494],[140.14123693913348,35.23120513490909],[140.1429003368811,35.23624346796174],[140.14873236120957,35.2401279195679],[140.15240810624914,35.25004088298044],[140.1627022832838,35.25515822507208],[140.17124761348668,35.25525908134159],[140.17580819699072,35.25948383820861],[140.17489464317327,35.26492661347248],[140.17793058442896,35.27461330655888],[140.18511671886154,35.27787833301869],[140.18933061011967,35.276949999742726],[140.19687483840312,35.28447669394433],[140.2028151366094,35.28771227929832],[140.20423131072653,35.293803134806865],[140.19876163404228,35.29897005382497],[140.20066335932665,35.306406171008064],[140.21249358021464,35.30182761275415],[140.22553503231597,35.30680097338626],[140.22737727644017,35.310867053871505],[140.22525204894293,35.316730918696976],[140.22007963686576,35.327824747713976],[140.21254885974213,35.333555279052916],[140.21383949389758,35.34021469405292],[140.2091081714051,35.346367440904714],[140.20584885923756,35.359699333557444],[140.2093561351776,35.36561819822134],[140.20155557762791,35.36610150468073],[140.19791786042094,35.37010872094078],[140.19979180294945,35.37781310768884],[140.2068701437422,35.37872117114517],[140.20013888550125,35.39093750516179],[140.19527085616517,35.392120838505946],[140.1885812455281,35.404180225537004],[140.19023325605997,35.40738800025605],[140.18085055810684,35.41543519777622],[140.18224505856267,35.42059961308172],[140.17474875515097,35.43017541436393],[140.1792249165967,35.43517510804486],[140.18456522760323,35.43729650532953],[140.18652700421796,35.44793310822644],[140.1705954224409,35.45654141435483],[140.17454294440142,35.46053613543438],[140.17406358056985,35.46900530654972],[140.18394194616394,35.46912805411648],[140.18608783468585,35.47384750555801],[140.194390584458,35.46984110768102],[140.2016045277269,35.474632504886245],[140.20630435865928,35.48469246788312],[140.21153160869687,35.48674272070008],[140.22403827534617,35.485278531778874],[140.23703075216758,35.4802421349666],[140.23999133653103,35.48260461351214],[140.2484905063319,35.48175374783722],[140.2475150063126,35.48607597322763],[140.25118144067096,35.491741774962975],[140.25633955892351,35.494312027478145],[140.25473907954495,35.50052591923583],[140.24286966350428,35.50546789172989],[140.2325518549842,35.503774026749966],[140.23036635492338,35.509923748282404],[140.22167919623803,35.518003504857916],[140.22063841802867,35.52368017130294],[140.22526678343536,35.524827919373024],[140.23213050641777,35.533404000094606],[140.22737972799212,35.54097930625005],[140.2179212189891,35.54402266691261],[140.21304024661015,35.541996559094],[140.20933778271262,35.545452134808215],[140.20130852127136,35.53957189242897],[140.1944043845548,35.54325772156665],[140.19123847057904,35.536518864953734],[140.17910810635408,35.53273302670789],[140.1715772761704,35.5361563599281],[140.1589694160058,35.535506080841],[140.14236442367928,35.54797355953218],[140.13533044104713,35.54252633352354],[140.1300812844238,35.54715827913134],[140.1237651361522,35.54783800022358],[140.12096291790442,35.551321586222286],[140.11548909264752,35.55060136056437]]]},"properties":{"N03_001":"千葉県","N03_002":null,"N03_003":null,"N03_004":"市原市","N03_007":"12219"}},{"type":"Feature","geometry":{"type":"Polygon","coordinates":[[[139.94148581162096,35.83487150511593],[139.94531805398503,35.83688317072182],[139.95321306103403,35.83393980208024],[139.95751308755905,35.835139531863945],[139.95219369658184,35.84148674811496],[139.9525998834779,35.85125199968007],[139.9472076654015,35.854573694220676],[139.94142871636222,35.85174174798334],[139.9427688330153,35.86439477479905],[139.9303565888855,35.86471619789427],[139.93118661546998,35.8685853601263],[139.94168250324503,35.86905727937],[139.94006085652336,35.87567422478571],[139.94024177763595,35.88513530584976],[139.93346481225137,35.88549922550891],[139.9346681968799,35.892508386852626],[139.9297990793641,35.90076866704038],[139.92257099965195,35.900491441127144],[139.92125736713388,35.896578107793516],[139.9300623091283,35.88667199991289],[139.92616505837077,35.88344922540148],[139.92123564221117,35.890284775322186],[139.91479620048437,35.89413369381498],[139.92048963748687,35.906030054443534],[139.92016834029675,35.916888946367806],[139.91240771714251,35.91509810839102],[139.90195939001387,35.918078387007995],[139.90068880714284,35.91478977492824],[139.89144464345554,35.915428414090115],[139.87475566793978,35.912940080820135],[139.88991972871258,35.89256094593094],[139.89485044169464,35.87655538682168],[139.90033869027843,35.86417486537778],[139.89614055873983,35.85293264012927],[139.89003630423213,35.84400238750021],[139.8885145011434,35.830197973058034],[139.89745425421052,35.83007046807768],[139.91275658934524,35.83665874850249],[139.91817358014669,35.84160708100205],[139.9177399999012,35.84520097334632],[139.92258752289592,35.84901789216207],[139.9283164462471,35.84976872084985],[139.93585389094437,35.83962622527014],[139.94148581162096,35.83487150511593]]]},"properties":{"N03_001":"千葉県","N03_002":null,"N03_003":null,"N03_004":"流山市","N03_007":"12220"}},{"type":"Feature","geometry":{"type":"Polygon","coordinates":[[[140.13679418930042,35.69754594598868],[140.13960538368156,35.702870946037365],[140.13130680946176,35.71144338720262],[140.1340321662516,35.718893639929604],[140.14219031133382,35.72526000004899],[140.13850316558865,35.736590802223816],[140.14028824970308,35.74475186470687],[140.1472894160737,35.74873464009164],[140.14555778226588,35.754828504731734],[140.15188175104208,35.759793197697945],[140.14650914448146,35.76532791874848],[140.13886535765016,35.76656594616156],[140.13275204966737,35.77332980212873],[140.11150905300042,35.78095174802479],[140.1030906998759,35.780125360097315],[140.0969093392946,35.782904532318355],[140.08955741933949,35.78400202717188],[140.08627572034823,35.78112983807165],[140.0860172506956,35.76577153183081],[140.0776188076619,35.75748905457624],[140.07434121947176,35.74951297274555],[140.0659906365587,35.748452973326096],[140.0639119462794,35.7423841080402],[140.06764350234585,35.734220225283195],[140.06292444930398,35.720725774774735],[140.07171581153557,35.71712161307204],[140.06425849553318,35.71098658646184],[140.06833374820394,35.708443252454174],[140.08509902759806,35.70384022544607],[140.077162866673,35.70096269437289],[140.0815569784719,35.69453550500958],[140.09027477346206,35.6937819190004],[140.10111547300073,35.70283417096027],[140.10552972871403,35.70935166754549],[140.11338391733398,35.71405230606911],[140.12261311360442,35.706756171060476],[140.12396527937426,35.698890918980794],[140.1339803374227,35.69961510795093],[140.13679418930042,35.69754594598868]]]},"properties":{"N03_001":"千葉県","N03_002":null,"N03_003":null,"N03_004":"八千代市","N03_007":"12221"}},{"type":"Feature","geometry":{"type":"Polygon","coordinates":[[[140.11135834011532,35.84789430617735],[140.12267910495677,35.845726504774404],[140.1320724122121,35.84079705444054],[140.1464696633443,35.845718134784136],[140.13424386486258,35.858919225541854],[140.12758282748553,35.870383666972714],[140.12173175101952,35.873663107766276],[140.1117307259923,35.876042333486964],[140.10275577256095,35.88073736024103],[140.08813002617978,35.88403019823511],[140.07432586354787,35.87662689191757],[140.0665986906771,35.880871919503534],[140.0611168353737,35.88805638749233],[140.0475393639506,35.891961413788295],[140.0311066412586,35.90061230641288],[140.02178625193403,35.89022400003762],[140.01627044092822,35.89599374811303],[140.0099014790701,35.88721322541005],[139.99861697849087,35.88374213549122],[139.99278328142339,35.877446891960574],[139.99110044123245,35.87118689196154],[139.9935329445898,35.86755355894962],[140.00831267199226,35.86180213546021],[140.0249018551366,35.860966252490584],[140.03275044098018,35.856455666795625],[140.04252214068435,35.85941980168258],[140.0517732174601,35.85338227956862],[140.0600776390719,35.85085974777917],[140.06509878158352,35.85539833296673],[140.10098978015435,35.8514982250631],[140.11135834011532,35.84789430617735]]]},"properties":{"N03_001":"千葉県","N03_002":null,"N03_003":null,"N03_004":"我孫子市","N03_007":"12222"}},{"type":"Feature","geometry":{"type":"Polygon","coordinates":[[[140.18791503225304,35.170178532113596],[140.17497630431308,35.16669274817184],[140.16604406058502,35.17054469378263],[140.16152708250888,35.17430691942883],[140.161268469864,35.181243000064455],[140.15341202304649,35.18172080177362],[140.14230224455298,35.18998772075673],[140.13493247755184,35.19081299982014],[140.12958325606246,35.188468306267396],[140.12111094721251,35.19088913552525],[140.1148092222678,35.18061280193933],[140.11014975470744,35.17948113554604],[140.1008004674677,35.180993225057364],[140.09683204886005,35.1779293598521],[140.09594805395955,35.17059819804848],[140.09093158252654,35.16835153239737],[140.0758241124929,35.1751765593508],[140.0655977560317,35.169871640264034],[140.06220552496507,35.165833640210394],[140.05434472093214,35.165363134700954],[140.04867527964052,35.160309027539654],[140.04304194612894,35.161876251787646],[140.03470613547984,35.158985505176986],[140.02941588793294,35.164342693760375],[140.01532533169882,35.15386422495408],[140.0082973025785,35.155903387331534],[140.00478844473105,35.15399813490603],[139.9929654220167,35.15554261350087],[139.97186466931907,35.15164241386634],[139.96302053217187,35.15482772082271],[139.94612219268515,35.15292719793189],[139.93804053224483,35.14595610848767],[139.93172442354341,35.147624721403815],[139.9315863290459,35.13929808114159],[139.9308668615165,35.12865202726931],[139.93628267240751,35.12184897345139],[139.9478823871625,35.12399202731024],[139.9515740600949,35.119440359684916],[139.9582418037163,35.115663440915114],[139.9588184445157,35.11243594586227],[139.97192591404973,35.11166872073494],[139.98241144073552,35.10552705443007],[139.98337144003995,35.11560535999939],[139.99675919588026,35.115443107913165],[139.9941019717287,35.108542305882736],[139.99477666740938,35.10372344068429],[139.99968885975318,35.10136289208384],[139.99722635501234,35.093575972753],[140.00807053222934,35.0963270537506],[140.02019997464913,35.08863150553958],[140.01936469512464,35.08315791950241],[140.0249266413515,35.08143510804388],[140.02947358034157,35.07373538697857],[140.02995635530158,35.06542513506196],[140.03589500594978,35.061778748390566],[140.03219108964709,35.058665441157245],[140.03798610957142,35.05152989179112],[140.05513783394395,35.05909958617701],[140.07529167337213,35.05754483822375],[140.07542333322033,35.06234925221628],[140.08296080399793,35.063872135390795],[140.0790140860313,35.068445134935075],[140.0850790797358,35.070105305915206],[140.0994729701016,35.07980850515844],[140.09821610908625,35.084108531683455],[140.1044707005625,35.0908378923549],[140.10517208812144,35.101941108495396],[140.10881345028054,35.106853306235166],[140.12186739306583,35.116032225007245],[140.13442403414194,35.12168705411432],[140.14562766498477,35.117612108112326],[140.15158263293222,35.117033720829625],[140.15351968898256,35.12138069376408],[140.16809680902054,35.12368827949058],[140.17292572054566,35.120028667389136],[140.17820355475033,35.121460558957665],[140.1830624775514,35.118157613483106],[140.18566189418118,35.124552892202246],[140.19023756201398,35.12714374818546],[140.19686072624154,35.120873171259916],[140.19575933912222,35.11624569438334],[140.20270430595906,35.10973900045457],[140.21180521393956,35.114466477446],[140.21360197125398,35.121217251874725],[140.21174752332956,35.126075027140814],[140.21604036337214,35.13399469449962],[140.2121608949094,35.13631553173644],[140.21635758843206,35.14126105385458],[140.2132359399867,35.1503563059988],[140.20767286601006,35.15447880185525],[140.20774177746114,35.161844054259745],[140.20196289227374,35.17029238718396],[140.1966498055442,35.1716746127932],[140.18791503225304,35.170178532113596]]]},"properties":{"N03_001":"千葉県","N03_002":null,"N03_003":null,"N03_004":"鴨川市","N03_007":"12223"}},{"type":"Feature","geometry":{"type":"Polygon","coordinates":[[[139.97284308763847,35.748778000004734],[139.98306147970357,35.75116102715975],[139.98845031093322,35.743809892312754],[139.99326031151418,35.7417762787523],[139.9994550845845,35.74407902702552],[140.00672841818198,35.74282789199367],[140.0083937746531,35.74817955873971],[140.01802693919194,35.75464480201606],[140.01438338538503,35.760820666840345],[140.02103347621403,35.76548953231611],[140.015185720045,35.76794622473852],[140.0200449684006,35.77417119794251],[140.02190255495896,35.78075453209601],[140.01889007791488,35.78349202703549],[140.02254050613953,35.79608253208323],[140.00769966350867,35.80315977480382],[140.00193019512244,35.80392894606405],[139.9980118291826,35.80060397349462],[140.00110703036523,35.79114983789475],[139.99578389101384,35.78734983802468],[139.98896500643002,35.79075597350942],[139.9846021919377,35.788467359880826],[139.96841044168855,35.78630850493363],[139.97293678350582,35.78015738675407],[139.98431955930027,35.77616544098237],[139.97594505801806,35.773845441014316],[139.97458824904857,35.761049919318395],[139.97102070054495,35.75750105423032],[139.97494147936584,35.75172438677106],[139.97284308763847,35.748778000004734]],[[139.99403907943997,35.75536210847457],[139.9995323615293,35.75058569397464],[139.99556308766648,35.74274569395868],[139.98683311315767,35.746929332922434],[139.98889150573848,35.75174433283473],[139.99403907943997,35.75536210847457]]]},"properties":{"N03_001":"千葉県","N03_002":null,"N03_003":null,"N03_004":"鎌ケ谷市","N03_007":"12224"}},{"type":"Feature","geometry":{"type":"Polygon","coordinates":[[[139.88751966300208,35.36148964902816],[139.88271403402553,35.36128761273318],[139.86230533122614,35.36763000052417],[139.84589035035947,35.37543969428651],[139.8391084575893,35.36729020697754],[139.84148221812995,35.3642151083406],[139.8517468740191,35.35828863091564],[139.8591648123063,35.348053837914335],[139.85215750986129,35.34931310821344],[139.86133308765193,35.33871541448485],[139.865788638435,35.336617919381524],[139.86477111489512,35.331991278874455],[139.8758541376584,35.326273532297705],[139.88257522726497,35.31999991926091],[139.88705741956437,35.3125852248283],[139.88827791199606,35.302465559438076],[139.89794513655886,35.30008444154379],[139.90226620002522,35.294750306181754],[139.9022208948785,35.29041919818752],[139.91107783387497,35.28828919798815],[139.91049083018777,35.281417559173065],[139.9164216081707,35.27240427933407],[139.92297661547843,35.270667333230904],[139.93679795156424,35.261277919140696],[139.94448683489952,35.26337510847452],[139.95620374840428,35.257182892176786],[139.95548649860314,35.25329761319432],[139.9485914792134,35.251075972977844],[139.95181836632457,35.241098775488126],[139.96090338508327,35.244081225068555],[139.97133610897436,35.23831538724539],[139.9768588852295,35.2405214413115],[139.9799774193225,35.22725372068271],[139.977605720028,35.22528844120865],[139.98261369646502,35.210210720748194],[139.99736827522577,35.19250519835629],[139.99613518868807,35.180032748212795],[140.00089513660134,35.172351224929116],[139.99731486448945,35.1603564685762],[139.9929654220167,35.15554261350087],[140.00478844473105,35.15399813490603],[140.0082973025785,35.155903387331534],[140.01532533169882,35.15386422495408],[140.02941588793294,35.164342693760375],[140.03470613547984,35.158985505176986],[140.04304194612894,35.161876251787646],[140.04867527964052,35.160309027539654],[140.05434472093214,35.165363134700954],[140.06220552496507,35.165833640210394],[140.0655977560317,35.169871640264034],[140.0758241124929,35.1751765593508],[140.09093158252654,35.16835153239737],[140.09594805395955,35.17059819804848],[140.09683204886005,35.1779293598521],[140.1008004674677,35.180993225057364],[140.11014975470744,35.17948113554604],[140.1148092222678,35.18061280193933],[140.12111094721251,35.19088913552525],[140.12958325606246,35.188468306267396],[140.13493247755184,35.19081299982014],[140.14230224455298,35.18998772075673],[140.15341202304649,35.18172080177362],[140.161268469864,35.181243000064455],[140.15977044125293,35.1898488384532],[140.15322596590568,35.19973853190777],[140.1524135021814,35.206203251778675],[140.14365822344837,35.217726838023225],[140.13935189447443,35.22787346778637],[140.14123693913348,35.23120513490909],[140.13713335961688,35.236801802161494],[140.13218555142214,35.23797177517736],[140.1301657460524,35.243382414067185],[140.12517364534756,35.24394483838364],[140.11841972868763,35.263205053870195],[140.11841406026076,35.27345474773847],[140.12016144029826,35.28290280212269],[140.11438958511133,35.28962083853094],[140.1174340339536,35.30518383856332],[140.12215016959476,35.30737163998924],[140.1220713620038,35.31379661342305],[140.11817418948726,35.31616686480902],[140.10789577217224,35.3125551712842],[140.1015725030686,35.31730933295938],[140.1091467192458,35.319192107729634],[140.10417647206657,35.325939918892175],[140.0939250586946,35.328319360450166],[140.08698011703882,35.337896333549],[140.0833271086592,35.345846891720726],[140.07072678301472,35.34581274805993],[140.05870347588473,35.35432805439626],[140.0515968091455,35.35534836043854],[140.04426557719466,35.3483328022171],[140.04530639407494,35.3424428021936],[140.04179464310835,35.33592755930948],[140.02925233542703,35.33050453225843],[140.02084425435896,35.329149279115995],[140.02115697831198,35.323957081054516],[140.01672108940681,35.3188621078001],[140.01028522698175,35.31887155877547],[140.0049050319417,35.32683599978162],[139.99807778186425,35.325877972690364],[139.99730503220155,35.317431135338666],[139.97941350213148,35.31736246850318],[139.97384238731638,35.318388054465174],[139.97217077785922,35.32256913485776],[139.96576966343923,35.32690525207579],[139.9642727760678,35.33152717114211],[139.953379079481,35.329864134921934],[139.93590797707157,35.3372677479083],[139.9142343058686,35.340667505401086],[139.90461063637179,35.335212838401844],[139.90023703001498,35.33732922556334],[139.89734542275312,35.34708110780696],[139.88751966300208,35.36148964902816]]]},"properties":{"N03_001":"千葉県","N03_002":null,"N03_003":null,"N03_004":"君津市","N03_007":"12225"}},{"type":"Feature","geometry":{"type":"Polygon","coordinates":[[[139.9929654220167,35.15554261350087],[139.99731486448945,35.1603564685762],[140.00089513660134,35.172351224929116],[139.99613518868807,35.180032748212795],[139.99736827522577,35.19250519835629],[139.98261369646502,35.210210720748194],[139.977605720028,35.22528844120865],[139.9799774193225,35.22725372068271],[139.9768588852295,35.2405214413115],[139.97133610897436,35.23831538724539],[139.96090338508327,35.244081225068555],[139.95181836632457,35.241098775488126],[139.9485914792134,35.251075972977844],[139.95548649860314,35.25329761319432],[139.95620374840428,35.257182892176786],[139.94448683489952,35.26337510847452],[139.93679795156424,35.261277919140696],[139.92297661547843,35.270667333230904],[139.9164216081707,35.27240427933407],[139.91049083018777,35.281417559173065],[139.91107783387497,35.28828919798815],[139.9022208948785,35.29041919818752],[139.90226620002522,35.294750306181754],[139.89794513655886,35.30008444154379],[139.88827791199606,35.302465559438076],[139.88705741956437,35.3125852248283],[139.88257522726497,35.31999991926091],[139.8758541376584,35.326273532297705],[139.86477111489512,35.331991278874455],[139.865788638435,35.336617919381524],[139.86133308765193,35.33871541448485],[139.85215750986129,35.34931310821344],[139.84708525348174,35.34679840502241],[139.83776832744638,35.35895339628229],[139.82296778253715,35.344458820518184],[139.82881579861032,35.33673001807591],[139.83709166045185,35.337804721410805],[139.83938328141335,35.33370222467801],[139.82440821047055,35.32631633283256],[139.81648989659152,35.32404065775023],[139.81973319093413,35.316476837735934],[139.80675247724514,35.314546523003685],[139.79247669304505,35.311087467812456],[139.8122681065879,35.30621169441423],[139.8261938782449,35.30159556788118],[139.83865089512278,35.296091027179216],[139.84716719790788,35.290620441280396],[139.8528421925132,35.28440419779554],[139.85179507138548,35.277990685321925],[139.84704678318258,35.27166322537761],[139.85799525297864,35.262276413925406],[139.8643664721351,35.25417361312179],[139.8687553049134,35.24254363977718],[139.8706910515508,35.230665612727876],[139.86671044173352,35.21938427956093],[139.8486609736251,35.21294319836994],[139.84406983115787,35.20848600002893],[139.8312375622637,35.203630197875384],[139.8240436450982,35.197772441245206],[139.81706442308473,35.1856966667678],[139.81670009153606,35.16890023395871],[139.82189334630095,35.16654917140721],[139.81877461705494,35.161997027141126],[139.81815180326316,35.1548765324261],[139.82867652420225,35.158552000474515],[139.83809403401256,35.159234973515254],[139.85413075193276,35.1642955593926],[139.8595276914499,35.161121667531006],[139.8675168871946,35.16043027953384],[139.8707993640994,35.1565694684063],[139.8871741119957,35.15965555945655],[139.89471522772567,35.15607917151658],[139.90030941644648,35.15623805384314],[139.90211939019775,35.15089919793968],[139.91222466913325,35.14134533292082],[139.9315863290459,35.13929808114159],[139.93172442354341,35.147624721403815],[139.93804053224483,35.14595610848767],[139.94612219268515,35.15292719793189],[139.96302053217187,35.15482772082271],[139.97186466931907,35.15164241386634],[139.9929654220167,35.15554261350087]]]},"properties":{"N03_001":"千葉県","N03_002":null,"N03_003":null,"N03_004":"富津市","N03_007":"12226"}},{"type":"Feature","geometry":{"type":"Polygon","coordinates":[[[139.8860707787435,35.671136414314105],[139.88738922263462,35.656165586372765],[139.88349438385876,35.645118639913335],[139.87146061041892,35.63864172073886],[139.87258141390123,35.62553188328985],[139.88838144015142,35.62183758613577],[139.89349527938373,35.62488277512],[139.89761144041574,35.61662338705969],[139.9100450839136,35.624421225059564],[139.93949152991024,35.64047030595992],[139.93683669345864,35.64324138698049],[139.91828197093628,35.6554605322778],[139.8931185866535,35.67257972097741],[139.8860707787435,35.671136414314105]]]},"properties":{"N03_001":"千葉県","N03_002":null,"N03_003":null,"N03_004":"浦安市","N03_007":"12227"}},{"type":"Feature","geometry":{"type":"Polygon","coordinates":[[[140.13649924854155,35.67051186483076],[140.14130674451076,35.66761608111727],[140.149916524628,35.668126108233366],[140.15595814495248,35.65408613526699],[140.15780116699034,35.64634666686521],[140.16355396914048,35.64535058586091],[140.17367269833642,35.654067801687745],[140.17645185526897,35.65344861306312],[140.19015605735626,35.64301383781839],[140.19223661552746,35.64015355933935],[140.18507761364106,35.62912327911607],[140.19340236172968,35.62677713495685],[140.2037880546751,35.64023822511405],[140.20704089532114,35.64631902710147],[140.204649805744,35.65096569371184],[140.21331819737702,35.654574838558005],[140.21493050643778,35.66275174799483],[140.20799910497476,35.67171761287756],[140.20909861251107,35.67571674782971],[140.20358861202487,35.6805856674946],[140.2021189111589,35.686204558793406],[140.2084426335208,35.69769808070191],[140.2065749160996,35.705503640280824],[140.19259121910954,35.70429977541437],[140.1774524382795,35.694806558875655],[140.1591951359468,35.695590999724914],[140.14879569416598,35.70084458640861],[140.14690116705526,35.69283017097564],[140.1507761613908,35.691075748347146],[140.15264394356325,35.68929241431351],[140.14696669345824,35.69181155925611],[140.14312197120205,35.691406838255034],[140.13949163473126,35.688156279189],[140.1367182235672,35.67952158605243],[140.13838374821148,35.675392414528346],[140.13649924854155,35.67051186483076]]]},"properties":{"N03_001":"千葉県","N03_002":null,"N03_003":null,"N03_004":"四街道市","N03_007":"12228"}},{"type":"Feature","geometry":{"type":"Polygon","coordinates":[[[140.0921424387226,35.38809910808743],[140.09252861210587,35.39582133288826],[140.09003031164957,35.39954272121969],[140.0927726071701,35.40669827870266],[140.08947542275257,35.412207441020655],[140.08993824895106,35.42101408093515],[140.08070666767867,35.43231880187125],[140.0769299746387,35.43010686533961],[140.0596743327044,35.42574386468766],[140.05132070019022,35.42587719817419],[140.0437625809784,35.42362000056261],[140.0326225555865,35.42357002703517],[140.04100649795157,35.42952694651143],[140.04302686090102,35.43768861333888],[140.03978800291407,35.445545532300514],[140.02274140119482,35.46755105423779],[140.01601464316127,35.47141772085121],[140.01256644638443,35.47606602692565],[140.00653204941466,35.47932222474094],[139.99803408650394,35.47447458573362],[140.0033217772783,35.46828222554433],[139.99927608352448,35.4659637481285],[139.994686420442,35.472445332985785],[139.9890965889365,35.469856135352416],[139.99477452702286,35.459365837763244],[139.99230649864603,35.45733619830696],[139.98202619994925,35.47479186475283],[139.96572461729727,35.468540802216296],[139.97446055790851,35.44847219783372],[139.96766275073537,35.44812710817956],[139.9621514399371,35.458731892163144],[139.9510922833822,35.45613817093988],[139.94860434491466,35.442208062751945],[139.9500753309119,35.43774635970681],[139.94249744550075,35.42633272097834],[139.94335736734865,35.41687438734317],[139.9566623873593,35.410583640422715],[139.9630858112613,35.414315892564446],[139.96796891143617,35.42013255917033],[139.9753105845159,35.41703564028262],[139.97129386511983,35.409712027388196],[139.9907242287402,35.40843872136992],[139.9948186378699,35.40514900042609],[140.01175399525073,35.404335918867616],[140.01045949401055,35.39827119855704],[140.00658749711533,35.39367591920836],[140.00086250290224,35.396798694504184],[139.99307328130692,35.39377341381203],[139.99927522736994,35.38756091870147],[140.00445022050133,35.38599313507518],[140.00138822318797,35.380084532575154],[140.0021390015138,35.37251869448221],[139.99886727600403,35.36451705391897],[140.0032144755677,35.35981010844978],[140.00076108905307,35.3529842793011],[139.99675632974083,35.35067486525287],[140.00163961157887,35.34468153222696],[140.01294464368038,35.343605108489044],[140.0207766676092,35.35211230653778],[140.02406092157435,35.36037480175577],[140.03289761323435,35.36121783793294],[140.03534603099456,35.37128310782924],[140.0423435542117,35.37106086556656],[140.0475992219266,35.380590305897954],[140.0534864466423,35.37815555873209],[140.06090674475058,35.37881833299974],[140.06522927411174,35.38275638689777],[140.0814163047188,35.38532025242773],[140.08526655061087,35.38246135980398],[140.0921424387226,35.38809910808743]]]},"properties":{"N03_001":"千葉県","N03_002":null,"N03_003":null,"N03_004":"袖ケ浦市","N03_007":"12229"}},{"type":"Feature","geometry":{"type":"Polygon","coordinates":[[[140.28708705592294,35.57290905380984],[140.2924939950019,35.57267461314291],[140.31905136263038,35.58606474768999],[140.3371116342945,35.58540497356074],[140.32433836632265,35.59259833314661],[140.32121208816739,35.60297997284749],[140.32540377426483,35.60721938686527],[140.32409713397567,35.608956054178634],[140.3152562784545,35.60744441432831],[140.30884771764806,35.612913305904385],[140.31484914457246,35.61676327930195],[140.31271919653375,35.62164353222329],[140.30778810673576,35.62474158605539],[140.31648486388542,35.63088236023282],[140.32558147940176,35.6261618017258],[140.32919461723782,35.63151455934951],[140.32120632890906,35.63969064051071],[140.3258175883111,35.65218083787539],[140.33656046769147,35.66004853251383],[140.34746717297173,35.66011463987877],[140.34028861262948,35.66824989181913],[140.34931839233002,35.67287013544842],[140.34690260736954,35.676657918927845],[140.32776461694357,35.68334591887913],[140.32207933948996,35.68719425191324],[140.3176163045489,35.696219892034435],[140.32050717346738,35.70016297314277],[140.3199127503732,35.70840253205125],[140.31064131024834,35.70583313479136],[140.3089690793596,35.71313766676997],[140.30313992206982,35.71457491919722],[140.29634544688497,35.71215602707906],[140.2914664719002,35.70610964034768],[140.28702719794694,35.69153961326259],[140.28153216667624,35.68862769391302],[140.28284180350647,35.67856908079847],[140.27592955940167,35.679839134868246],[140.26773671937417,35.67699253237953],[140.26967586365026,35.671063080896545],[140.26666691374714,35.666329198034134],[140.25946383968449,35.667315360415614],[140.25684795107213,35.663730667236564],[140.2588181975019,35.65856594616156],[140.2498400523766,35.65194322529965],[140.25846197154283,35.64455263989248],[140.25658603162015,35.62886433282273],[140.2577554470563,35.62546850536728],[140.2663182492878,35.62641236004242],[140.26492795136392,35.620564585886996],[140.26764319168,35.617263467834846],[140.26748477340368,35.60716350479197],[140.2626005841497,35.60601325210996],[140.26137024594016,35.59959689238275],[140.27555824911394,35.587467108220494],[140.2751379509557,35.581776864710605],[140.2811056946722,35.579336558835166],[140.28318511070438,35.573777693685656],[140.28708705592294,35.57290905380984]]]},"properties":{"N03_001":"千葉県","N03_002":null,"N03_003":null,"N03_004":"八街市","N03_007":"12230"}},{"type":"Feature","geometry":{"type":"Polygon","coordinates":[[[140.25162430641672,35.80030553257433],[140.25040169967872,35.820937694419115],[140.24269605747713,35.81925797307707],[140.2371446171304,35.820811864875736],[140.24303360631598,35.82692322492693],[140.2330260576066,35.83240877554459],[140.23188221799,35.84117097276226],[140.21255730257747,35.838979027260336],[140.2031369131381,35.834755135541116],[140.19272211453404,35.83655844081943],[140.18190399517334,35.84159480255812],[140.1677794679482,35.84545702741991],[140.15674664174423,35.84270869385119],[140.1464696633443,35.845718134784136],[140.1320724122121,35.84079705444054],[140.12267910495677,35.845726504774404],[140.11135834011532,35.84789430617735],[140.11194386531724,35.84339822474834],[140.10925603094108,35.83412353177562],[140.09914661512425,35.83128827873111],[140.09290158254203,35.826058026756584],[140.09405769160924,35.82363080241964],[140.08706155604602,35.816298333001725],[140.09307955927432,35.80966280219661],[140.10024564242258,35.809264171404436],[140.10100727646466,35.80462697285657],[140.10713394297716,35.80555583853118],[140.11110527898552,35.799458640104206],[140.10613610919415,35.79759697332173],[140.0969093392946,35.782904532318355],[140.1030906998759,35.780125360097315],[140.11150905300042,35.78095174802479],[140.13275204966737,35.77332980212873],[140.13886535765016,35.76656594616156],[140.14650914448146,35.76532791874848],[140.15188175104208,35.759793197697945],[140.16753338555736,35.749954360005745],[140.18219983165693,35.748045441044326],[140.1886434759158,35.74566880177383],[140.20526869039782,35.76487008108944],[140.20912483854056,35.766245640024295],[140.2238084706844,35.757375080795384],[140.2543626718998,35.74003922473048],[140.25892297031885,35.73971061335419],[140.26452358019912,35.74282058590137],[140.26552613542287,35.747280305941445],[140.2632986900826,35.7547653057743],[140.2578856940696,35.76418253229809],[140.25964469514668,35.777960558832774],[140.2503605323128,35.784858613434324],[140.2492077822135,35.78895053234123],[140.25162430641672,35.80030553257433]]]},"properties":{"N03_001":"千葉県","N03_002":null,"N03_003":null,"N03_004":"印西市","N03_007":"12231"}},{"type":"Feature","geometry":{"type":"Polygon","coordinates":[[[140.08955741933949,35.78400202717188],[140.0969093392946,35.782904532318355],[140.10613610919415,35.79759697332173],[140.11110527898552,35.799458640104206],[140.10713394297716,35.80555583853118],[140.10100727646466,35.80462697285657],[140.10024564242258,35.809264171404436],[140.09307955927432,35.80966280219661],[140.08706155604602,35.816298333001725],[140.09405769160924,35.82363080241964],[140.09290158254203,35.826058026756584],[140.08915522723203,35.830179973127315],[140.07523722391886,35.83107780229881],[140.06965503215406,35.833777252318384],[140.05729058429313,35.835352279084475],[140.04967669362452,35.83219177543015],[140.0416783014125,35.82429791951341],[140.03229958565737,35.811821891866884],[140.0299077559382,35.79894894573732],[140.01889007791488,35.78349202703549],[140.02190255495896,35.78075453209601],[140.0200449684006,35.77417119794251],[140.015185720045,35.76794622473852],[140.02103347621403,35.76548953231611],[140.03048444889828,35.77140697335318],[140.03987024591515,35.76669527946365],[140.06177041497278,35.77628710846335],[140.06720386516633,35.785343441546615],[140.06944564210278,35.79906563996735],[140.07321703004197,35.79865813556455],[140.08271277637357,35.79168953184649],[140.08955741933949,35.78400202717188]]]},"properties":{"N03_001":"千葉県","N03_002":null,"N03_003":null,"N03_004":"白井市","N03_007":"12232"}},{"type":"Feature","geometry":{"type":"Polygon","coordinates":[[[140.30315241275366,35.747762999962504],[140.30586041532592,35.740676333246256],[140.29651147972106,35.73938553181688],[140.28893747128734,35.73043553187432],[140.2930171980853,35.7268649733399],[140.29629907963886,35.71969050491293],[140.30313992206982,35.71457491919722],[140.3089690793596,35.71313766676997],[140.31064131024834,35.70583313479136],[140.3199127503732,35.70840253205125],[140.32050717346738,35.70016297314277],[140.3176163045489,35.696219892034435],[140.32207933948996,35.68719425191324],[140.32776461694357,35.68334591887913],[140.34690260736954,35.676657918927845],[140.35439433233262,35.683615135430216],[140.36034713471258,35.686640999782355],[140.37333457802845,35.68078519827833],[140.37742072598576,35.68279574782554],[140.39058674408307,35.67611772135581],[140.3998076396109,35.680448278964946],[140.3997723349254,35.68991977507761],[140.3851699484344,35.689635467902576],[140.37848053205096,35.69430074778131],[140.3730214143069,35.70084797325541],[140.38238616089268,35.70361991942377],[140.385410973038,35.712562134834684],[140.37873294387032,35.71442853205116],[140.37595494256664,35.72077994633753],[140.36585664147094,35.72590910821884],[140.36787197091473,35.73124858645315],[140.36281530518227,35.73197969390782],[140.3624406611077,35.74192889190488],[140.35653483841213,35.74557113539964],[140.3552515562144,35.75150310768231],[140.34240972842633,35.761787054029355],[140.33180664146334,35.76528797356116],[140.32504447532233,35.77722764014351],[140.31949719793738,35.77369710773536],[140.31229175146325,35.75974186529493],[140.31402810671182,35.755573252203874],[140.30315241275366,35.747762999962504]]]},"properties":{"N03_001":"千葉県","N03_002":null,"N03_003":null,"N03_004":"富里市","N03_007":"12233"}},{"type":"Feature","geometry":{"type":"Polygon","coordinates":[[[139.8242767322854,34.91121204539962],[139.83963350248416,34.90447327871891],[139.8461409995076,34.90298022515731],[139.86473377414438,34.90686966710149],[139.87351652446807,34.90285935987163],[139.88334955973448,34.90253766697981],[139.89347511028814,34.90583013535252],[139.90266202313387,34.903694278768],[139.90846089575382,34.90712482904769],[139.91661822335243,34.90629422509846],[139.91968404728107,34.91043647726167],[139.92933335914722,34.912258359835505],[139.94190472122602,34.917472225263054],[139.94207627859748,34.92213770299264],[139.95220891131225,34.92861413473457],[139.95464033728183,34.93370858638218],[139.96113258090395,34.93807941383392],[139.96500457869843,34.94575441433483],[139.96498284028587,34.95239155042975],[139.9605152268963,34.96478666697118],[139.962519416438,34.97177502699594],[139.97142115426288,34.98646622513621],[139.97210591425664,34.992550027261984],[139.976014306715,35.00333527909993],[139.980248223177,35.01005941381095],[139.99253046760703,35.02256291934333],[140.00270102563184,35.030864802168935],[140.01310802891248,35.03645323432937],[140.0171639299715,35.03560041442762],[140.0248468876738,35.0435263599536],[140.03798610957142,35.05152989179112],[140.03219108964709,35.058665441157245],[140.03589500594978,35.061778748390566],[140.02995635530158,35.06542513506196],[140.02947358034157,35.07373538697857],[140.0249266413515,35.08143510804388],[140.01936469512464,35.08315791950241],[140.02019997464913,35.08863150553958],[140.00807053222934,35.0963270537506],[139.99722635501234,35.093575972753],[139.99968885975318,35.10136289208384],[139.99477666740938,35.10372344068429],[139.9941019717287,35.108542305882736],[139.99675919588026,35.115443107913165],[139.98337144003995,35.11560535999939],[139.98241144073552,35.10552705443007],[139.97192591404973,35.11166872073494],[139.9588184445157,35.11243594586227],[139.9582418037163,35.115663440915114],[139.9515740600949,35.119440359684916],[139.9478823871625,35.12399202731024],[139.93628267240751,35.12184897345139],[139.9308668615165,35.12865202726931],[139.92601658929425,35.12695841409959],[139.92433155655613,35.117782892066884],[139.91854930070974,35.11338761294803],[139.91309736764947,35.114900108053575],[139.90068457853056,35.11407680210277],[139.88809233509323,35.10950489253679],[139.88035177761253,35.109111306041996],[139.86919788647333,35.1109518918164],[139.8621303636254,35.10737497327642],[139.85567647249127,35.10798553200675],[139.8437458881623,35.10013974845066],[139.83606826254038,35.09966699103887],[139.8410272502075,35.09247866675713],[139.84244808011488,35.08640243242638],[139.83835804258968,35.07884554078913],[139.82159442334398,35.07244402707022],[139.82142022016706,35.067648224985646],[139.83227963729553,35.05008353192949],[139.82971876830652,35.04102341449902],[139.8230899356521,35.03754847728044],[139.81357683510294,35.04257330611324],[139.81036763945508,35.03753386509584],[139.82476902746873,35.031191945851674],[139.83303962467903,35.03226685603062],[139.85321936458206,35.03211410797974],[139.8621815827139,35.038216278758284],[139.86950771730733,35.04045541438592],[139.87143632962295,35.04485761288856],[139.87667549927494,35.04640508082986],[139.8834652269387,35.04077955882963],[139.88392211401447,35.02515464047434],[139.88586321701393,35.018838838441695],[139.88499902698356,35.01040861336685],[139.88728985744103,35.00735363975872],[139.90454652460244,35.01040553228955],[139.90481513590987,35.018133278927735],[139.9200587552075,35.017379108359194],[139.933368223265,35.02606991919146],[139.9363960049717,35.02151605452235],[139.93315291837257,35.016747440741824],[139.94117094728142,35.004659171083915],[139.94061674456714,35.00100944073313],[139.93117866456373,34.99245446799932],[139.92910527938523,34.98400810818771],[139.919239728231,34.980550919089694],[139.91020416319168,34.97950674773824],[139.90409552538824,34.966549586394365],[139.90292632938667,34.95801680173406],[139.9098643066925,34.94620153207512],[139.91809121933431,34.945012586062035],[139.9268597801548,34.940550613220296],[139.91849644665376,34.92705646848128],[139.91399980494714,34.9285939998133],[139.90429705626423,34.928213748465794],[139.8978329182546,34.925470720897124],[139.89105238705804,34.93091325244467],[139.88199380027368,34.92381161291564],[139.878620195066,34.92482327917105],[139.8661741121456,34.920488865268965],[139.858497445201,34.92340386479657],[139.85272491642183,34.914720252137954],[139.83349046741125,34.91066938728244],[139.82451739356293,34.9112622068854],[139.824455824177,34.911249378056425],[139.8242767322854,34.91121204539962]]]},"properties":{"N03_001":"千葉県","N03_002":null,"N03_003":null,"N03_004":"南房総市","N03_007":"12234"}},{"type":"Feature","geometry":{"type":"Polygon","coordinates":[[[140.56564124534725,35.7551557212596],[140.5562378342088,35.75427325250865],[140.55046481260104,35.761007413761206],[140.54753808051805,35.75794161321494],[140.53749661567633,35.75659358612518],[140.5303054989996,35.76055861338932],[140.52679763939955,35.75397666688974],[140.5193220491733,35.75517086494352],[140.51588933962137,35.7607795048703],[140.50452649819943,35.75945422523233],[140.50710031113056,35.75102672150604],[140.50235795125855,35.73941144128503],[140.50245983095647,35.7358922790055],[140.4863360568636,35.724588972702975],[140.48646988317864,35.721250919494366],[140.48702930016213,35.71881091938849],[140.5026616990782,35.70601533294132],[140.49913046699749,35.69820755923155],[140.50426061003918,35.68594394605634],[140.51441150528683,35.6837633598912],[140.51620416349147,35.67370755895672],[140.52396486398732,35.67886113473361],[140.53833930021858,35.66968305412968],[140.5416915303399,35.66522972107481],[140.52986383924485,35.657168639820895],[140.53384741952289,35.65088058637002],[140.54457791254072,35.63946864016566],[140.54776097299055,35.63910391921053],[140.55944189472768,35.62790498192942],[140.6115603889009,35.66454510856994],[140.62498192057922,35.67265851417915],[140.62162900157728,35.678291414217426],[140.61207311308374,35.67535727891533],[140.60934486407427,35.68240589171859],[140.60990050660314,35.68980338751635],[140.60308691363025,35.69204453222943],[140.6022814142559,35.69768730592449],[140.60659647204966,35.7010995055378],[140.60436461733332,35.708703667340444],[140.59269428061657,35.70819841382581],[140.59148847051654,35.71134622534805],[140.5818456166819,35.708644586378625],[140.5785800785079,35.712800694396606],[140.59143102542157,35.718082026964],[140.59908744502968,35.716841467959455],[140.59825693910648,35.72193310832637],[140.59951902698162,35.73367366680634],[140.60430855989216,35.737509748376226],[140.59337046737323,35.741363972869124],[140.5926206998854,35.737647586566936],[140.58433955902353,35.73959122475526],[140.5793061614503,35.737572612785925],[140.56695771702505,35.735944053875016],[140.56472472106907,35.74143627926094],[140.571894838576,35.74695958611608],[140.56564124534725,35.7551557212596]]]},"properties":{"N03_001":"千葉県","N03_002":null,"N03_003":null,"N03_004":"匝瑳市","N03_007":"12235"}},{"type":"Feature","geometry":{"type":"Polygon","coordinates":[[[140.45191538328834,35.80711794653604],[140.45924005198685,35.80182597319015],[140.46829555139868,35.79795899990796],[140.46780075250274,35.79229817142351],[140.48074019540377,35.790391748080765],[140.48745861222528,35.797733386986295],[140.49509703010392,35.801954468324084],[140.50256500666978,35.79607308110786],[140.500493528054,35.78902922481893],[140.51155758861194,35.7810547752577],[140.51926483790203,35.78251919800266],[140.53328732804778,35.77518055923548],[140.54259461694812,35.77401494613292],[140.54640983154854,35.76544938747929],[140.55046481260104,35.761007413761206],[140.5562378342088,35.75427325250865],[140.56564124534725,35.7551557212596],[140.57197394294315,35.766225108502],[140.57638953325045,35.766787892547256],[140.58985167291644,35.773409775240964],[140.5923853571985,35.777933359736835],[140.59752652412988,35.780070837798974],[140.60184038942248,35.77418055898568],[140.60925997436834,35.7816866398266],[140.61684002624622,35.78105717105166],[140.62586121921993,35.78727008074969],[140.6245660830583,35.7936651715105],[140.6241006101551,35.80044710834744],[140.6339112846781,35.80283930588928],[140.6343246697478,35.80819483792146],[140.64448649805354,35.81422202682512],[140.6418202204269,35.82497286520561],[140.6506450320427,35.82735227888463],[140.64810632954357,35.842148640147684],[140.64466000065852,35.84657641447001],[140.6478334761341,35.85571250482826],[140.63068616113753,35.85912419812331],[140.62878403475543,35.8646600271386],[140.61648555126726,35.88138417154232],[140.61329535739492,35.88887610784616],[140.6079929186384,35.89581194656415],[140.59886128442076,35.903165801860325],[140.58854097308745,35.906026919406884],[140.58124352866594,35.91645053226631],[140.57062661552595,35.92406441394161],[140.55726185535036,35.93078666727092],[140.53735124566356,35.93872033347668],[140.5269260050312,35.947858135244815],[140.51124464342558,35.95873541380837],[140.50388367089477,35.951005721037234],[140.49969552542825,35.94439772117795],[140.49725289210733,35.93388136033656],[140.48717639417532,35.92859200042051],[140.49064291823618,35.91540117092734],[140.49812538288018,35.909187802575104],[140.4975934114069,35.90626280168698],[140.48454033736675,35.90965317115695],[140.47423202298955,35.916126558693804],[140.4711309474353,35.919719054390896],[140.45843817148454,35.92654022505138],[140.44846577187798,35.91501866677811],[140.43502070044508,35.91135319829152],[140.43736705594495,35.9079326403791],[140.42943863818266,35.901989639710166],[140.42512902758267,35.888031918738136],[140.42826092110465,35.88360327926796],[140.42488525375154,35.872995252329076],[140.43088221823984,35.87366244136865],[140.43901972837784,35.87064405397996],[140.44047386557645,35.86785600005442],[140.44656856029087,35.86513041393749],[140.452393359466,35.87036789196469],[140.46038053263555,35.862770892362846],[140.46306600539185,35.85497810855293],[140.47249180335416,35.85090113547909],[140.47222116767284,35.84423169393756],[140.4639183666394,35.84528453205559],[140.46415092142797,35.83795236031324],[140.46852824917937,35.833895360282725],[140.4559567189275,35.82624902747068],[140.4550160829259,35.81808680216426],[140.46094963711607,35.81480372091505],[140.45225627850448,35.81130930617957],[140.45191538328834,35.80711794653604]]]},"properties":{"N03_001":"千葉県","N03_002":null,"N03_003":null,"N03_004":"香取市","N03_007":"12236"}},{"type":"Feature","geometry":{"type":"Polygon","coordinates":[[[140.43501177737164,35.56769763993418],[140.4366143323856,35.569975693723336],[140.44725761364805,35.56389194645624],[140.4634446172753,35.551061504984546],[140.47009003972357,35.547212802329],[140.47849352795402,35.55811455953932],[140.49551311313974,35.57622010847126],[140.50755133642508,35.58718541447536],[140.52562490366643,35.602120279427425],[140.51552496850252,35.611232946043685],[140.50681722433546,35.61705880192221],[140.49659046767601,35.61028466670405],[140.4902410894548,35.61701913552474],[140.49174642056096,35.621755225323454],[140.50090177709535,35.62865102712328],[140.49537267231108,35.63677908088994],[140.48779594073017,35.63081883841869],[140.4756288077234,35.637069134732826],[140.46612697837736,35.643774171440896],[140.478966135179,35.65419297292743],[140.4709184187501,35.65635105445767],[140.46662372250682,35.659800225200286],[140.45072299646915,35.66603635989014],[140.4439127246926,35.661515558796054],[140.4354858370018,35.66711166756943],[140.43568919619952,35.67216441405651],[140.43188758834162,35.67749497281477],[140.4236912193743,35.680063865554985],[140.41654038962736,35.67947580246636],[140.41255063640278,35.675042748224314],[140.3998076396109,35.680448278964946],[140.39058674408307,35.67611772135581],[140.37742072598576,35.68279574782554],[140.37333457802845,35.68078519827833],[140.36034713471258,35.686640999782355],[140.35439433233262,35.683615135430216],[140.34690260736954,35.676657918927845],[140.34931839233002,35.67287013544842],[140.34028861262948,35.66824989181913],[140.34746717297173,35.66011463987877],[140.33656046769147,35.66004853251383],[140.3258175883111,35.65218083787539],[140.32120632890906,35.63969064051071],[140.32919461723782,35.63151455934951],[140.33515286591205,35.62474955944464],[140.3327772761504,35.62167791870104],[140.33750919669217,35.61766791903926],[140.33089571996152,35.60646436014218],[140.34721267202724,35.60548683844689],[140.35377383969103,35.60977486531783],[140.36086736733523,35.60169738672505],[140.37136044113151,35.605507919454965],[140.37495875544232,35.602972360086426],[140.38288958518626,35.60442735973493],[140.38544007869677,35.5999806942537],[140.38479778199212,35.59282294602218],[140.39375072631503,35.58540877499502],[140.40001744514905,35.58923489207666],[140.40407600550327,35.58708544134009],[140.40892328118457,35.59156846821031],[140.41329710787534,35.58816541380287],[140.4184515820749,35.59061958632492],[140.4192655512643,35.59492402672248],[140.42534306173297,35.59586208077047],[140.4284995337266,35.5822068018025],[140.43501177737164,35.56769763993418]]]},"properties":{"N03_001":"千葉県","N03_002":null,"N03_003":null,"N03_004":"山武市","N03_007":"12237"}},{"type":"Feature","geometry":{"type":"Polygon","coordinates":[[[140.3179081975054,35.21456308152102],[140.32264710847733,35.21404891932224],[140.3235429699322,35.219751387316705],[140.33689275010045,35.21910661297983],[140.33845469532798,35.215053559174464],[140.34887114149,35.21726738698038],[140.36293927402835,35.218157865093474],[140.36046338557685,35.20234483824373],[140.36803481205698,35.198459802078276],[140.37751649838776,35.197778667251725],[140.38477691322407,35.19233882917371],[140.39369147897867,35.20269042342437],[140.392233463004,35.210640630860496],[140.40486153003565,35.23722122527937],[140.4036514922227,35.24623926972657],[140.40526824933033,35.25189662233129],[140.40094083035513,35.25450407170558],[140.40006002624932,35.26943643204578],[140.4046755250555,35.286652531689015],[140.41150316543883,35.30116927933881],[140.4144869909819,35.30432713538903],[140.41330645902588,35.31421912571216],[140.40552739347447,35.32636141404805],[140.39765118045773,35.33050550532488],[140.39303319142869,35.33067441419291],[140.38782822299413,35.33475441438475],[140.38289236139337,35.33025333272519],[140.37216374795867,35.32923669411821],[140.37444771748824,35.3427341348725],[140.36615411202274,35.34242141451671],[140.35329997431438,35.345729505012685],[140.3419258113272,35.34538397289208],[140.32669442370877,35.343641279221686],[140.31807167356897,35.34571213550669],[140.3067899482976,35.33747364049617],[140.30114771689364,35.33779699983171],[140.29428352806246,35.333359279007595],[140.28908708250287,35.321363532501096],[140.2777403893076,35.31895580186881],[140.2712750578977,35.31338644073173],[140.27660968968553,35.296178108532956],[140.26616600485727,35.28403069406136],[140.25998544737058,35.28415825210169],[140.25466180349952,35.279661864903176],[140.2589831655407,35.272042080977315],[140.26751761304752,35.26935230586429],[140.2718429186159,35.27020953244403],[140.27856374831845,35.26530113523927],[140.27898233506676,35.26152166689144],[140.28621900150574,35.25560719811375],[140.2805556423291,35.25040025207005],[140.28102089489846,35.24242438697593],[140.2881014794997,35.242894919465016],[140.29701372230545,35.23757319834448],[140.30133761324032,35.2262698380826],[140.31300153059624,35.219622000055324],[140.3179081975054,35.21456308152102]]]},"properties":{"N03_001":"千葉県","N03_002":null,"N03_003":null,"N03_004":"いすみ市","N03_007":"12238"}},{"type":"Feature","geometry":{"type":"Polygon","coordinates":[[[140.2721148385291,35.49360280232753],[140.28037269864114,35.498577775444005],[140.2903554737262,35.49644358620259],[140.31331888515854,35.50183986471802],[140.32962822356376,35.49810066711217],[140.32596175143374,35.49214625224778],[140.3357330617315,35.49033400051377],[140.34751238728688,35.484862613319024],[140.35218450111392,35.496629531827466],[140.37236105112163,35.49432922521362],[140.37888289233172,35.48749922500929],[140.38135994810318,35.47548953181649],[140.38614077827435,35.47675810830009],[140.40139907900436,35.474803108077026],[140.41592010472914,35.47162268533873],[140.43048179060224,35.49813874800486],[140.40412085649234,35.509187225110395],[140.40091610889135,35.50586194587214],[140.39071313930003,35.50976472116503],[140.38503192048677,35.5001189193527],[140.37978671908184,35.504844747886864],[140.38126763899038,35.51224864056235],[140.36289997455424,35.515231413898675],[140.35676063659412,35.52054391876686],[140.36098075206007,35.53050113511932],[140.35584435873022,35.53043002752378],[140.35398610937148,35.5365336399156],[140.34735341143084,35.540308919221275],[140.34328836606528,35.5329755864542],[140.3362670566794,35.53715755897423],[140.33052269826396,35.54705897329302],[140.32376355474435,35.551899279228394],[140.32382027228778,35.557873972905554],[140.31400080419382,35.55739541396724],[140.30364914429265,35.55385933274209],[140.29421197170518,35.56062544151098],[140.29097111542467,35.55564825246495],[140.29186771702155,35.54822464035493],[140.28136241244545,35.54778994584939],[140.28096377445866,35.54184050513527],[140.28601097302806,35.53892519803952],[140.29201844429588,35.5311651711358],[140.2877588854643,35.52349074799969],[140.29957861216326,35.51889569438083],[140.292587977753,35.515316585991684],[140.28601605689562,35.518822171206295],[140.28227070073228,35.51278299973569],[140.27676150513946,35.51148719807577],[140.2743689109965,35.507260837717524],[140.2721148385291,35.49360280232753]]]},"properties":{"N03_001":"千葉県","N03_002":null,"N03_003":null,"N03_004":"大網白里市","N03_007":"12239"}},{"type":"Feature","geometry":{"type":"Polygon","coordinates":[[[140.2632986900826,35.7547653057743],[140.26552613542287,35.747280305941445],[140.26452358019912,35.74282058590137],[140.25892297031885,35.73971061335419],[140.2621037482894,35.731246721259254],[140.2554006361305,35.7291853600164],[140.2571303633756,35.72549144147689],[140.24939852122486,35.72227117067803],[140.2531174714942,35.71401536012081],[140.25967861217828,35.714486171399756],[140.2672754993648,35.69977613516056],[140.27555444947836,35.70350663991957],[140.27825616129292,35.70773553186933],[140.28438252923036,35.702501613358834],[140.2914664719002,35.70610964034768],[140.29634544688497,35.71215602707906],[140.30313992206982,35.71457491919722],[140.29629907963886,35.71969050491293],[140.2930171980853,35.7268649733399],[140.28893747128734,35.73043553187432],[140.29651147972106,35.73938553181688],[140.30586041532592,35.740676333246256],[140.30315241275366,35.747762999962504],[140.29204053254466,35.75745330652495],[140.28971710795827,35.75214664005546],[140.28387596630284,35.75144330636357],[140.27940433204435,35.75742972090495],[140.27382930068177,35.754623891879135],[140.2632986900826,35.7547653057743]]]},"properties":{"N03_001":"千葉県","N03_002":null,"N03_003":"印旛郡","N03_004":"酒々井町","N03_007":"12322"}},{"type":"Feature","geometry":{"type":"Polygon","coordinates":[[[140.28936316537784,35.871425946150566],[140.2811450840784,35.87411150524184],[140.2656890790878,35.869305666723164],[140.2436174192086,35.85539983843182],[140.2325875886463,35.854110108095085],[140.2154621919267,35.86161786527231],[140.2054318031353,35.861320333566596],[140.19911924855455,35.85911283788721],[140.18663046762208,35.851757837754064],[140.1677794679482,35.84545702741991],[140.18190399517334,35.84159480255812],[140.19272211453404,35.83655844081943],[140.2031369131381,35.834755135541116],[140.21255730257747,35.838979027260336],[140.23188221799,35.84117097276226],[140.2330260576066,35.83240877554459],[140.24303360631598,35.82692322492693],[140.2371446171304,35.820811864875736],[140.24269605747713,35.81925797307707],[140.25040169967872,35.820937694419115],[140.25162430641672,35.80030553257433],[140.25724000062564,35.81141105367726],[140.25560749728822,35.81351022511683],[140.2664223611032,35.81950397273022],[140.2679879773633,35.82324380255949],[140.27875717360473,35.818616586486314],[140.28612175151773,35.828573532142855],[140.28261647207262,35.83215210813336],[140.2796407260388,35.846634306528074],[140.28225053253607,35.859143198100185],[140.28936316537784,35.871425946150566]]]},"properties":{"N03_001":"千葉県","N03_002":null,"N03_003":"印旛郡","N03_004":"栄町","N03_007":"12329"}},{"type":"Feature","geometry":{"type":"Polygon","coordinates":[[[140.44047386557645,35.86785600005442],[140.43901972837784,35.87064405397996],[140.43088221823984,35.87366244136865],[140.42488525375154,35.872995252329076],[140.42826092110465,35.88360327926796],[140.42512902758267,35.888031918738136],[140.42943863818266,35.901989639710166],[140.43736705594495,35.9079326403791],[140.43502070044508,35.91135319829152],[140.4228869781516,35.90671272081545],[140.41795530469358,35.90637774763502],[140.40764027238072,35.909221694425696],[140.3964771730831,35.9090084139072],[140.375885331443,35.90236789186474],[140.37549221799156,35.895203721574546],[140.3838641373202,35.88939622535554],[140.38496717289672,35.88527705429266],[140.39199632886755,35.88312566731577],[140.40093016889227,35.87224005383547],[140.3979644754802,35.8606961707917],[140.3941694164854,35.857576441499646],[140.39435603120592,35.852792837819266],[140.4030846954024,35.85346086502693],[140.4169968090556,35.86561722505496],[140.42244544699986,35.86631358630302],[140.4281226719238,35.86363717151829],[140.43731627842362,35.86326019819961],[140.44047386557645,35.86785600005442]]]},"properties":{"N03_001":"千葉県","N03_002":null,"N03_003":"香取郡","N03_004":"神崎町","N03_007":"12342"}},{"type":"Feature","geometry":{"type":"Polygon","coordinates":[[[140.40294413766185,35.77485053232624],[140.4064313101569,35.77024413555847],[140.41530053209397,35.773764667505475],[140.42114997449175,35.77327577535681],[140.42507658901343,35.76991299978516],[140.4232581454471,35.76071186506056],[140.42453141459316,35.75465297325616],[140.42831747137427,35.7509563063885],[140.43535092160778,35.735404640511774],[140.43596863804225,35.73093627888619],[140.42946494245325,35.72155546771074],[140.43777433191997,35.71801044092916],[140.44328372266568,35.712452946346446],[140.44813814525924,35.712866000465624],[140.4499853050778,35.70610350517268],[140.45423472135542,35.7058818384761],[140.45504939021725,35.69898127926268],[140.45965044141485,35.6972162788083],[140.46104678368215,35.6912929463125],[140.46609427992712,35.69200874820524],[140.46801099960805,35.69813819811941],[140.47552891103044,35.71108289216181],[140.4793745272127,35.7151581709129],[140.48097036339163,35.72177836018324],[140.48646988317864,35.721250919494366],[140.4863360568636,35.724588972702975],[140.50245983095647,35.7358922790055],[140.50235795125855,35.73941144128503],[140.50710031113056,35.75102672150604],[140.50452649819943,35.75945422523233],[140.51588933962137,35.7607795048703],[140.5193220491733,35.75517086494352],[140.52679763939955,35.75397666688974],[140.5303054989996,35.76055861338932],[140.53749661567633,35.75659358612518],[140.54753808051805,35.75794161321494],[140.55046481260104,35.761007413761206],[140.54640983154854,35.76544938747929],[140.54259461694812,35.77401494613292],[140.53328732804778,35.77518055923548],[140.51926483790203,35.78251919800266],[140.51155758861194,35.7810547752577],[140.500493528054,35.78902922481893],[140.50256500666978,35.79607308110786],[140.49509703010392,35.801954468324084],[140.48745861222528,35.797733386986295],[140.48074019540377,35.790391748080765],[140.46780075250274,35.79229817142351],[140.46829555139868,35.79795899990796],[140.45924005198685,35.80182597319015],[140.45191538328834,35.80711794653604],[140.44446839240243,35.80337933348949],[140.443102918465,35.78856877552863],[140.43307705596146,35.78602797311254],[140.43621282736012,35.78079464006066],[140.42384719868937,35.77528272132059],[140.4170472241501,35.77576744151429],[140.41781311288491,35.78129077534908],[140.41404372234,35.7853202525277],[140.4074942800371,35.78653386514583],[140.40224671971043,35.78332886483531],[140.40294413766185,35.77485053232624]]]},"properties":{"N03_001":"千葉県","N03_002":null,"N03_003":"香取郡","N03_004":"多古町","N03_007":"12347"}},{"type":"Feature","geometry":{"type":"Polygon","coordinates":[[[140.7207021663719,35.81347261277091],[140.71722671923771,35.822767892124546],[140.7065757460739,35.836255414256016],[140.68683639428423,35.84776383793081],[140.66639216646536,35.85319719819222],[140.6478334761341,35.85571250482826],[140.64466000065852,35.84657641447001],[140.64810632954357,35.842148640147684],[140.6506450320427,35.82735227888463],[140.6418202204269,35.82497286520561],[140.64448649805354,35.81422202682512],[140.6343246697478,35.80819483792146],[140.6339112846781,35.80283930588928],[140.6241006101551,35.80044710834744],[140.6245660830583,35.7936651715105],[140.62961114124118,35.794655171299155],[140.63840635526913,35.78589044069133],[140.65479566858528,35.7882390004296],[140.66190771686774,35.77490202750664],[140.67067286655958,35.765410053830976],[140.67325547306166,35.77175283822294],[140.68334033738677,35.77766472144981],[140.68734102546807,35.78285800049639],[140.69175680912952,35.78130969438695],[140.69958727633184,35.774244945947544],[140.70426625198604,35.779377694325206],[140.7048835547323,35.78376686524871],[140.69961910513769,35.78546577542522],[140.69977922223336,35.7928343598179],[140.69026949414194,35.794448306544155],[140.69277522749485,35.8043588381899],[140.7027358369894,35.80612630638399],[140.7207021663719,35.81347261277091]]]},"properties":{"N03_001":"千葉県","N03_002":null,"N03_003":"香取郡","N03_004":"東庄町","N03_007":"12349"}},{"type":"Feature","geometry":{"type":"Polygon","coordinates":[[[140.40412085649234,35.509187225110395],[140.43048179060224,35.49813874800486],[140.44755144014687,35.52208538733083],[140.45855016945484,35.533637838215725],[140.4637940866279,35.53527741382163],[140.47009003972357,35.547212802329],[140.4634446172753,35.551061504984546],[140.44725761364805,35.56389194645624],[140.4366143323856,35.569975693723336],[140.43501177737164,35.56769763993418],[140.43269031150874,35.560432386745276],[140.4285147214773,35.55770517105685],[140.427278807471,35.551413252319776],[140.4220679125042,35.54712602674476],[140.41918089538206,35.539491892337026],[140.41909053240227,35.532773559152474],[140.41508686126974,35.52710800023408],[140.40937413740653,35.52998855932458],[140.40040639473943,35.5286210807983],[140.39629588864443,35.532493027331384],[140.39141888497363,35.52666774791828],[140.41038121891813,35.518639413678045],[140.40412085649234,35.509187225110395]]]},"properties":{"N03_001":"千葉県","N03_002":null,"N03_003":"山武郡","N03_004":"九十九里町","N03_007":"12403"}},{"type":"Feature","geometry":{"type":"Polygon","coordinates":[[[140.36787197091473,35.73124858645315],[140.36585664147094,35.72590910821884],[140.37595494256664,35.72077994633753],[140.37873294387032,35.71442853205116],[140.385410973038,35.712562134834684],[140.38238616089268,35.70361991942377],[140.3730214143069,35.70084797325541],[140.37848053205096,35.69430074778131],[140.3851699484344,35.689635467902576],[140.3997723349254,35.68991977507761],[140.3998076396109,35.680448278964946],[140.41255063640278,35.675042748224314],[140.41654038962736,35.67947580246636],[140.41720180322068,35.68173522500069],[140.43519075235145,35.6924946402155],[140.44579355422923,35.69723241444444],[140.45504939021725,35.69898127926268],[140.45423472135542,35.7058818384761],[140.4499853050778,35.70610350517268],[140.44813814525924,35.712866000465624],[140.44328372266568,35.712452946346446],[140.43777433191997,35.71801044092916],[140.42946494245325,35.72155546771074],[140.43596863804225,35.73093627888619],[140.43535092160778,35.735404640511774],[140.42831747137427,35.7509563063885],[140.42453141459316,35.75465297325616],[140.4232581454471,35.76071186506056],[140.42507658901343,35.76991299978516],[140.42114997449175,35.77327577535681],[140.41530053209397,35.773764667505475],[140.4064313101569,35.77024413555847],[140.40294413766185,35.77485053232624],[140.3964001956126,35.772436640438684],[140.39347069991288,35.7678947214643],[140.39980455313764,35.76338719796087],[140.39585530537806,35.75671386505286],[140.4019511152518,35.753325532547365],[140.39963669287908,35.74206713479049],[140.385044864429,35.740721640191566],[140.38675866468066,35.731464386872005],[140.39327583750992,35.72772661289292],[140.38702469493376,35.72326938757226],[140.37940805413848,35.72874022528123],[140.37667758830014,35.73789858645068],[140.36804730274093,35.739409171396176],[140.36787197091473,35.73124858645315]]]},"properties":{"N03_001":"千葉県","N03_002":null,"N03_003":"山武郡","N03_004":"芝山町","N03_007":"12409"}},{"type":"Feature","geometry":{"type":"Polygon","coordinates":[[[140.48646988317864,35.721250919494366],[140.48097036339163,35.72177836018324],[140.4793745272127,35.7151581709129],[140.47552891103044,35.71108289216181],[140.46801099960805,35.69813819811941],[140.46609427992712,35.69200874820524],[140.46104678368215,35.6912929463125],[140.45965044141485,35.6972162788083],[140.45504939021725,35.69898127926268],[140.44579355422923,35.69723241444444],[140.43519075235145,35.6924946402155],[140.41720180322068,35.68173522500069],[140.41654038962736,35.67947580246636],[140.4236912193743,35.680063865554985],[140.43188758834162,35.67749497281477],[140.43568919619952,35.67216441405651],[140.4354858370018,35.66711166756943],[140.4439127246926,35.661515558796054],[140.45072299646915,35.66603635989014],[140.46662372250682,35.659800225200286],[140.4709184187501,35.65635105445767],[140.478966135179,35.65419297292743],[140.46612697837736,35.643774171440896],[140.4756288077234,35.637069134732826],[140.48779594073017,35.63081883841869],[140.49537267231108,35.63677908088994],[140.50090177709535,35.62865102712328],[140.49174642056096,35.621755225323454],[140.4902410894548,35.61701913552474],[140.49659046767601,35.61028466670405],[140.50681722433546,35.61705880192221],[140.51552496850252,35.611232946043685],[140.52562490366643,35.602120279427425],[140.55944189472768,35.62790498192942],[140.54776097299055,35.63910391921053],[140.54457791254072,35.63946864016566],[140.53384741952289,35.65088058637002],[140.52986383924485,35.657168639820895],[140.5416915303399,35.66522972107481],[140.53833930021858,35.66968305412968],[140.52396486398732,35.67886113473361],[140.51620416349147,35.67370755895672],[140.51441150528683,35.6837633598912],[140.50426061003918,35.68594394605634],[140.49913046699749,35.69820755923155],[140.5026616990782,35.70601533294132],[140.48702930016213,35.71881091938849],[140.48646988317864,35.721250919494366]]]},"properties":{"N03_001":"千葉県","N03_002":null,"N03_003":"山武郡","N03_004":"横芝光町","N03_007":"12410"}},{"type":"Feature","geometry":{"type":"Polygon","coordinates":[[[140.39765118045773,35.33050550532488],[140.39503469559475,35.33536664045812],[140.39191994854684,35.354406585895276],[140.39127472095163,35.378065108518],[140.39233863871732,35.383062811099876],[140.38805280259487,35.3851436669467],[140.38828922266953,35.39039533267851],[140.3786491963034,35.38746646830293],[140.3764953316943,35.389960639971605],[140.3652719715243,35.38924566725382],[140.36413221842724,35.38565038725562],[140.35749383946916,35.38166850489762],[140.35097605689953,35.38094294626001],[140.34533655044152,35.37259774848735],[140.34829791271852,35.369102748293244],[140.34215924835064,35.35978446787897],[140.34424946793865,35.35352366748333],[140.3419258113272,35.34538397289208],[140.35329997431438,35.345729505012685],[140.36615411202274,35.34242141451671],[140.37444771748824,35.3427341348725],[140.37216374795867,35.32923669411821],[140.38289236139337,35.33025333272519],[140.38782822299413,35.33475441438475],[140.39303319142869,35.33067441419291],[140.39765118045773,35.33050550532488]]]},"properties":{"N03_001":"千葉県","N03_002":null,"N03_003":"長生郡","N03_004":"一宮町","N03_007":"12421"}},{"type":"Feature","geometry":{"type":"Polygon","coordinates":[[[140.30796666712808,35.382218666957954],[140.30596775660672,35.37706980182992],[140.31020878131028,35.367897359975245],[140.30501652389353,35.36159908123267],[140.29991153039293,35.36352546772622],[140.29074652413283,35.36066691954278],[140.2829856941346,35.36057138725977],[140.26966070018125,35.356154251917246],[140.2671817513368,35.350984000011636],[140.25763527964455,35.33925799975691],[140.25213830134157,35.3370238652592],[140.25288824959307,35.328887532333795],[140.251264306003,35.32442422489811],[140.2530184183654,35.31788258601256],[140.2592484439606,35.31825453212099],[140.26262671934774,35.31358258646725],[140.2712750578977,35.31338644073173],[140.2777403893076,35.31895580186881],[140.28908708250287,35.321363532501096],[140.29428352806246,35.333359279007595],[140.30114771689364,35.33779699983171],[140.3067899482976,35.33747364049617],[140.31807167356897,35.34571213550669],[140.32669442370877,35.343641279221686],[140.3419258113272,35.34538397289208],[140.34424946793865,35.35352366748333],[140.34215924835064,35.35978446787897],[140.34829791271852,35.369102748293244],[140.34533655044152,35.37259774848735],[140.35097605689953,35.38094294626001],[140.34143194592764,35.38639519768026],[140.34048783404637,35.39210572090235],[140.3325186383246,35.38743435980791],[140.3207600781152,35.39200438709287],[140.3122142541846,35.39140802685898],[140.30796666712808,35.382218666957954]]]},"properties":{"N03_001":"千葉県","N03_002":null,"N03_003":"長生郡","N03_004":"睦沢町","N03_007":"12422"}},{"type":"Feature","geometry":{"type":"Polygon","coordinates":[[[140.3207600781152,35.39200438709287],[140.3325186383246,35.38743435980791],[140.34048783404637,35.39210572090235],[140.34143194592764,35.38639519768026],[140.35097605689953,35.38094294626001],[140.35749383946916,35.38166850489762],[140.36413221842724,35.38565038725562],[140.3652719715243,35.38924566725382],[140.3764953316943,35.389960639971605],[140.3786491963034,35.38746646830293],[140.38828922266953,35.39039533267851],[140.38805280259487,35.3851436669467],[140.39233863871732,35.383062811099876],[140.3922944100591,35.396819297072966],[140.39703273737098,35.41876833349187],[140.37988119286285,35.42171800008566],[140.37381732870676,35.42409050517273],[140.3745254728724,35.43074353228826],[140.36436243857577,35.43363908127861],[140.3481276917396,35.43364355900309],[140.34661538369312,35.428742721499475],[140.34191566787388,35.42860469445117],[140.32960613531498,35.419783640202866],[140.3239858635568,35.4182792255059],[140.3255101955392,35.40783289217427],[140.32303574600292,35.40692569386573],[140.31836630406178,35.40473822518902],[140.31580686139762,35.40324019837652],[140.3207600781152,35.39200438709287]]]},"properties":{"N03_001":"千葉県","N03_002":null,"N03_003":"長生郡","N03_004":"長生村","N03_007":"12423"}},{"type":"Feature","geometry":{"type":"Polygon","coordinates":[[[140.3481276917396,35.43364355900309],[140.36436243857577,35.43363908127861],[140.3745254728724,35.43074353228826],[140.37381732870676,35.42409050517273],[140.37988119286285,35.42171800008566],[140.39703273737098,35.41876833349187],[140.4041178860317,35.442997775427045],[140.41592010472914,35.47162268533873],[140.40139907900436,35.474803108077026],[140.38614077827435,35.47675810830009],[140.38135994810318,35.47548953181649],[140.37761014299372,35.468612306412865],[140.37296902699904,35.469253441193416],[140.3696263296914,35.474312305768365],[140.36341383907745,35.47415177498448],[140.3610553831994,35.466404279234155],[140.35601508422883,35.46253153230441],[140.3504419972005,35.46167402693487],[140.35005358000876,35.45556017126495],[140.34233994823012,35.45320853224803],[140.34009311350644,35.44177799975495],[140.3404924385752,35.436287171016204],[140.3481276917396,35.43364355900309]]]},"properties":{"N03_001":"千葉県","N03_002":null,"N03_003":"長生郡","N03_004":"白子町","N03_007":"12424"}},{"type":"Feature","geometry":{"type":"Polygon","coordinates":[[[140.2484905063319,35.48175374783722],[140.23999133653103,35.48260461351214],[140.23703075216758,35.4802421349666],[140.22403827534617,35.485278531778874],[140.21153160869687,35.48674272070008],[140.20630435865928,35.48469246788312],[140.2016045277269,35.474632504886245],[140.194390584458,35.46984110768102],[140.18608783468585,35.47384750555801],[140.18394194616394,35.46912805411648],[140.17406358056985,35.46900530654972],[140.17454294440142,35.46053613543438],[140.1705954224409,35.45654141435483],[140.18652700421796,35.44793310822644],[140.18456522760323,35.43729650532953],[140.1792249165967,35.43517510804486],[140.17474875515097,35.43017541436393],[140.18224505856267,35.42059961308172],[140.18085055810684,35.41543519777622],[140.19023325605997,35.40738800025605],[140.1885812455281,35.404180225537004],[140.19527085616517,35.392120838505946],[140.20013888550125,35.39093750516179],[140.1973162004823,35.398395802324444],[140.2014662524656,35.40437744146578],[140.21023844474848,35.40292438705086],[140.21374491669462,35.40956713491539],[140.21183632958298,35.41209238715402],[140.21509277651046,35.41853069393642],[140.22715888507457,35.419291801875204],[140.23863481264652,35.42676841373134],[140.25828561628828,35.427444999786985],[140.25975335933015,35.42505086510539],[140.25769486422666,35.432963891870145],[140.24885216599478,35.43906333320632],[140.2472848122444,35.45096466708577],[140.24977083065937,35.46597183842965],[140.25350839239843,35.46967544086897],[140.2491151367542,35.475679054045145],[140.2484905063319,35.48175374783722]]]},"properties":{"N03_001":"千葉県","N03_002":null,"N03_003":"長生郡","N03_004":"長柄町","N03_007":"12426"}},{"type":"Feature","geometry":{"type":"Polygon","coordinates":[[[140.25975335933015,35.42505086510539],[140.25828561628828,35.427444999786985],[140.23863481264652,35.42676841373134],[140.22715888507457,35.419291801875204],[140.21509277651046,35.41853069393642],[140.21183632958298,35.41209238715402],[140.21374491669462,35.40956713491539],[140.21023844474848,35.40292438705086],[140.2014662524656,35.40437744146578],[140.1973162004823,35.398395802324444],[140.20013888550125,35.39093750516179],[140.2068701437422,35.37872117114517],[140.19979180294945,35.37781310768884],[140.19791786042094,35.37010872094078],[140.20155557762791,35.36610150468073],[140.2093561351776,35.36561819822134],[140.20584885923756,35.359699333557444],[140.2091081714051,35.346367440904714],[140.21383949389758,35.34021469405292],[140.21254885974213,35.333555279052916],[140.22007963686576,35.327824747713976],[140.22525204894293,35.316730918696976],[140.2335731916495,35.32333313501624],[140.2401365239815,35.32399786530931],[140.2462918294044,35.32715227875474],[140.251264306003,35.32442422489811],[140.25288824959307,35.328887532333795],[140.25213830134157,35.3370238652592],[140.25763527964455,35.33925799975691],[140.2671817513368,35.350984000011636],[140.26966070018125,35.356154251917246],[140.2829856941346,35.36057138725977],[140.29074652413283,35.36066691954278],[140.29991153039293,35.36352546772622],[140.30501652389353,35.36159908123267],[140.31020878131028,35.367897359975245],[140.30596775660672,35.37706980182992],[140.30796666712808,35.382218666957954],[140.2980530615996,35.37946872090481],[140.27695230890197,35.3828935047315],[140.27582185569418,35.39256930612862],[140.27983994835495,35.3964731354269],[140.27776697866318,35.40324005448497],[140.2607496894467,35.396705720792454],[140.25727527923084,35.39894489239293],[140.25373455300723,35.40729622534059],[140.26047291859038,35.411295360292684],[140.26257163407377,35.42106613549379],[140.25975335933015,35.42505086510539]]]},"properties":{"N03_001":"千葉県","N03_002":null,"N03_003":"長生郡","N03_004":"長南町","N03_007":"12427"}},{"type":"Feature","geometry":{"type":"Polygon","coordinates":[[[140.28102089489846,35.24242438697593],[140.2805556423291,35.25040025207005],[140.28621900150574,35.25560719811375],[140.27898233506676,35.26152166689144],[140.27856374831845,35.26530113523927],[140.2718429186159,35.27020953244403],[140.26751761304752,35.26935230586429],[140.2589831655407,35.272042080977315],[140.25466180349952,35.279661864903176],[140.25998544737058,35.28415825210169],[140.26616600485727,35.28403069406136],[140.27660968968553,35.296178108532956],[140.2712750578977,35.31338644073173],[140.26262671934774,35.31358258646725],[140.2592484439606,35.31825453212099],[140.2530184183654,35.31788258601256],[140.251264306003,35.32442422489811],[140.2462918294044,35.32715227875474],[140.2401365239815,35.32399786530931],[140.2335731916495,35.32333313501624],[140.22525204894293,35.316730918696976],[140.22737727644017,35.310867053871505],[140.22553503231597,35.30680097338626],[140.21249358021464,35.30182761275415],[140.20066335932665,35.306406171008064],[140.19876163404228,35.29897005382497],[140.20423131072653,35.293803134806865],[140.2028151366094,35.28771227929832],[140.19687483840312,35.28447669394433],[140.18933061011967,35.276949999742726],[140.18511671886154,35.27787833301869],[140.17793058442896,35.27461330655888],[140.17489464317327,35.26492661347248],[140.17580819699072,35.25948383820861],[140.17124761348668,35.25525908134159],[140.1627022832838,35.25515822507208],[140.15240810624914,35.25004088298044],[140.14873236120957,35.2401279195679],[140.1429003368811,35.23624346796174],[140.14123693913348,35.23120513490909],[140.13935189447443,35.22787346778637],[140.14365822344837,35.217726838023225],[140.1524135021814,35.206203251778675],[140.15322596590568,35.19973853190777],[140.15977044125293,35.1898488384532],[140.161268469864,35.181243000064455],[140.16152708250888,35.17430691942883],[140.16604406058502,35.17054469378263],[140.17497630431308,35.16669274817184],[140.18791503225304,35.170178532113596],[140.18895144065652,35.17573546821734],[140.1987342802629,35.17791430610038],[140.20062652399497,35.183378198345224],[140.20538128461862,35.18411041376464],[140.21286272403552,35.17974844103776],[140.22176138797772,35.18672925215333],[140.2274825294952,35.18629786535428],[140.2310019714639,35.18111646815055],[140.2383370039496,35.18009566748111],[140.24587649820194,35.192367919543926],[140.24440066126158,35.20090653181103],[140.24562211416935,35.214075468208364],[140.25040516206866,35.216337972719316],[140.25916968942965,35.22752883768578],[140.25173133653198,35.233065802544786],[140.27058642002737,35.23438022556701],[140.27387141413453,35.23918886547381],[140.28102089489846,35.24242438697593]]]},"properties":{"N03_001":"千葉県","N03_002":null,"N03_003":"夷隅郡","N03_004":"大多喜町","N03_007":"12441"}},{"type":"Feature","geometry":{"type":"Polygon","coordinates":[[[140.3467718036759,35.17614375682899],[140.34927191986333,35.18014172086379],[140.35939508451565,35.18240313539644],[140.36782311344598,35.17885063974529],[140.37446839200277,35.179645135014994],[140.38443703064456,35.18761436041444],[140.38477691322407,35.19233882917371],[140.37751649838776,35.197778667251725],[140.36803481205698,35.198459802078276],[140.36046338557685,35.20234483824373],[140.36293927402835,35.218157865093474],[140.34887114149,35.21726738698038],[140.33845469532798,35.215053559174464],[140.33689275010045,35.21910661297983],[140.3235429699322,35.219751387316705],[140.32264710847733,35.21404891932224],[140.3179081975054,35.21456308152102],[140.30827591430204,35.208100640532166],[140.30829620030943,35.20188008120084],[140.30345669297208,35.19630313518161],[140.3054205838929,35.19022286469351],[140.3103289496214,35.18956005445301],[140.315836446395,35.176697559344916],[140.3240136966748,35.174321973180554],[140.33214457790996,35.17750889172203],[140.33922933896292,35.17545191917077],[140.3467718036759,35.17614375682899]]]},"properties":{"N03_001":"千葉県","N03_002":null,"N03_003":"夷隅郡","N03_004":"御宿町","N03_007":"12443"}},{"type":"Feature","geometry":{"type":"Polygon","coordinates":[[[139.9315863290459,35.13929808114159],[139.91222466913325,35.14134533292082],[139.90211939019775,35.15089919793968],[139.90030941644648,35.15623805384314],[139.89471522772567,35.15607917151658],[139.8871741119957,35.15965555945655],[139.8707993640994,35.1565694684063],[139.8675168871946,35.16043027953384],[139.8595276914499,35.161121667531006],[139.85413075193276,35.1642955593926],[139.83809403401256,35.159234973515254],[139.82867652420225,35.158552000474515],[139.81815180326316,35.1548765324261],[139.82815763966346,35.15138458632964],[139.82997736746165,35.145335748046364],[139.83672097339422,35.13804750548803],[139.83895136221565,35.12941398236944],[139.83154674468653,35.123219747993005],[139.83169286653265,35.12000697304342],[139.8246939430711,35.11338866695348],[139.828341140931,35.09970619788277],[139.83606826254038,35.09966699103887],[139.8437458881623,35.10013974845066],[139.85567647249127,35.10798553200675],[139.8621303636254,35.10737497327642],[139.86919788647333,35.1109518918164],[139.88035177761253,35.109111306041996],[139.88809233509323,35.10950489253679],[139.90068457853056,35.11407680210277],[139.91309736764947,35.114900108053575],[139.91854930070974,35.11338761294803],[139.92433155655613,35.117782892066884],[139.92601658929425,35.12695841409959],[139.9308668615165,35.12865202726931],[139.9315863290459,35.13929808114159]]]},"properties":{"N03_001":"千葉県","N03_002":null,"N03_003":"安房郡","N03_004":"鋸南町","N03_007":"12463"}},{"type":"Feature","geometry":{"type":"Polygon","coordinates":[[[139.95852814515786,35.673111332721874],[139.97199383894463,35.67089672070716],[139.96369499402886,35.6722615768104],[139.95852814515786,35.673111332721874]]]},"properties":{"N03_001":"千葉県","N03_002":null,"N03_003":null,"N03_004":"所属未定地","N03_007":null}},{"type":"Feature","geometry":{"type":"Polygon","coordinates":[[[139.77301487048007,35.70489991516323],[139.77013861260696,35.70535158650654],[139.7698949682782,35.703366865488476],[139.76806080456254,35.7034660274353],[139.76640105176716,35.7017824138274],[139.7684982752752,35.70014158636519],[139.76602299656406,35.69963991934685],[139.76345658955006,35.700326306214095],[139.7613001951479,35.70158658645187],[139.75719769122054,35.701718532284474],[139.74972350213795,35.7030310541399],[139.74587044136786,35.702911054002016],[139.74160483819276,35.698390775414],[139.73886814544858,35.69469189171747],[139.73628364497426,35.69218997328869],[139.73165861245502,35.68962163992677],[139.73001469582164,35.68538413516973],[139.7314993901848,35.681495279583544],[139.73383379998995,35.678878027598955],[139.73677522699518,35.678873027368354],[139.73906131083095,35.674025532252585],[139.74320603163312,35.67142969402522],[139.74664741964273,35.670468306167436],[139.74780241265125,35.66961746837154],[139.74996158236115,35.670830802199816],[139.7543168875144,35.66990497353578],[139.76368416299374,35.67251272148496],[139.77032228384644,35.67841050514073],[139.77090066123662,35.684508531843335],[139.76967569467763,35.68691158600092],[139.77043208837028,35.68929797302309],[139.77453128459115,35.69061380258495],[139.78022688716123,35.6929754681434],[139.78258856081345,35.694717694166286],[139.7825433078275,35.69657130662057],[139.78266080425283,35.697855441375566],[139.77997747098357,35.69807797321994],[139.78039360618004,35.700331306444696],[139.77664413741707,35.70061574851803],[139.77317053209447,35.70187880226496],[139.77301487048007,35.70489991516323]]]},"properties":{"N03_001":"東京都","N03_002":null,"N03_003":null,"N03_004":"千代田区","N03_007":"13101"}},{"type":"Feature","geometry":{"type":"Polygon","coordinates":[[[139.7543168875144,35.66990497353578],[139.75806827543067,35.6686702250509],[139.75787880716132,35.666699413846914],[139.75899795139435,35.6590049736007],[139.7645739045621,35.65616703607992],[139.76721055852056,35.65812125209413],[139.7706507522305,35.65493997320124],[139.76964450169248,35.65426177556054],[139.76723866413306,35.65520908093441],[139.76731097322295,35.65105472119848],[139.76836144072797,35.65037255934618],[139.77162930005227,35.652586171314795],[139.77276333346117,35.651482640211725],[139.7694895332155,35.64926555955799],[139.77278775634989,35.6460388019492],[139.77951230924577,35.65058194669956],[139.7801888593284,35.65054494589259],[139.78852608371187,35.656176027501715],[139.78959242515032,35.65625936048116],[139.78923221879188,35.65914936065451],[139.7890661616741,35.66564408100959],[139.78716535729552,35.672281027347594],[139.7878581976977,35.676981585831584],[139.7890843063957,35.6791618653279],[139.7918579774638,35.682570170876716],[139.7926357462428,35.684374612898125],[139.7923660575476,35.687107108506325],[139.7904013368065,35.68929294644456],[139.78915411177286,35.69102738730413],[139.78891525283672,35.6947037756095],[139.7825433078275,35.69657130662057],[139.78258856081345,35.694717694166286],[139.78022688716123,35.6929754681434],[139.77453128459115,35.69061380258495],[139.77043208837028,35.68929797302309],[139.76967569467763,35.68691158600092],[139.77090066123662,35.684508531843335],[139.77032228384644,35.67841050514073],[139.76368416299374,35.67251272148496],[139.7543168875144,35.66990497353578]]]},"properties":{"N03_001":"東京都","N03_002":null,"N03_003":null,"N03_004":"中央区","N03_007":"13102"}},{"type":"Feature","geometry":{"type":"MultiPolygon","coordinates":[[[[139.75941297053225,35.62800006365205],[139.75919975476495,35.63359583787769],[139.75525591462883,35.63361046804869],[139.75400544779325,35.63091905437091],[139.75350734119093,35.624048559493474],[139.75754910580667,35.62409277556122],[139.7574324385563,35.62793000016944],[139.75941297053225,35.62800006365205]]],[[[139.7823763423944,35.62950860443857],[139.77700647247082,35.63609363111624],[139.77477505842228,35.63482936058659],[139.77710160815275,35.63226908155292],[139.7771665895665,35.6314191080055],[139.7740142544543,35.629354108105645],[139.76873246413197,35.62643567586582],[139.77134968913685,35.62313830618791],[139.7741030616071,35.624984973178016],[139.7823763423944,35.62950860443857]]],[[[139.7314993901848,35.681495279583544],[139.72845632899646,35.682814171336986],[139.72674849509454,35.67928805428276],[139.7249332170491,35.67934527927807],[139.71958403407598,35.678310000506144],[139.71994844386563,35.67532419825318],[139.71947566756808,35.67449808102168],[139.71655841883603,35.673433081371684],[139.71493341134794,35.67299446851996],[139.71381255570498,35.6693489191174],[139.70856389101084,35.66406700019195],[139.71216250299722,35.660730332838625],[139.7137925035213,35.65975838694004],[139.71287775630344,35.658450054126774],[139.7149799746462,35.6571428382714],[139.71804527966594,35.65698227960854],[139.72253055843862,35.65552225185047],[139.72156968948968,35.65383227913645],[139.7235602201281,35.6467011715219],[139.72249214030012,35.64439727931102],[139.7213168612842,35.6444092250058],[139.71920241216162,35.641847559217524],[139.7168979515793,35.63995646841636],[139.71667905299591,35.63826036052728],[139.7199623617737,35.634577306697395],[139.72221238729196,35.63597894597166],[139.72599849533435,35.63503366766969],[139.72685294480766,35.634270613598005],[139.7267162784335,35.632208387207356],[139.72869878172344,35.63207561309912],[139.73065211460346,35.630698387720486],[139.73152321772238,35.62871172146885],[139.731229300392,35.62633450483361],[139.73394958500546,35.62611338762281],[139.73539930023753,35.623202000671824],[139.7377865245286,35.624532279641016],[139.74333461759863,35.625134198584476],[139.7444348904579,35.62339474786938],[139.74677321770992,35.62323836026218],[139.750252970798,35.624823523287034],[139.75198985754594,35.626342837951654],[139.75262586349288,35.63442333287054],[139.75484299630727,35.63881197319404],[139.7555330227309,35.639047135117266],[139.75965197166124,35.63677517153701],[139.76042577263138,35.63677833355331],[139.7603540211212,35.644978135232805],[139.75908342476032,35.644970946052354],[139.76134413782177,35.65235902684765],[139.7625043064287,35.65187583819943],[139.7645739045621,35.65616703607992],[139.75899795139435,35.6590049736007],[139.75787880716132,35.666699413846914],[139.75806827543067,35.6686702250509],[139.7543168875144,35.66990497353578],[139.74996158236115,35.670830802199816],[139.74780241265125,35.66961746837154],[139.74664741964273,35.670468306167436],[139.74320603163312,35.67142969402522],[139.73906131083095,35.674025532252585],[139.73677522699518,35.678873027368354],[139.73383379998995,35.678878027598955],[139.7314993901848,35.681495279583544]]]]},"properties":{"N03_001":"東京都","N03_002":null,"N03_003":null,"N03_004":"港区","N03_007":"13103"}},{"type":"Feature","geometry":{"type":"Polygon","coordinates":[[[139.74587044136786,35.702911054002016],[139.74484961102075,35.703620225193276],[139.74340379974558,35.70774272104978],[139.742807691322,35.70813244135911],[139.73585241276766,35.70918217128105],[139.73541600514454,35.7082235588702],[139.7324465507678,35.707393838055225],[139.73184461743517,35.70926605388536],[139.7259879121125,35.709209667292384],[139.72325902728232,35.71041410862426],[139.72250961142947,35.71226577494559],[139.71441236124156,35.71317550484571],[139.71211347555652,35.71476022540412],[139.7104209730495,35.71345913483128],[139.70734622604755,35.713853305885436],[139.70587678328695,35.71343941449743],[139.70456347646947,35.71587608090944],[139.70593878075022,35.71885077464361],[139.70486516199765,35.72043633337012],[139.7045996371636,35.723013559228434],[139.69981686085953,35.723546054107146],[139.69897294424607,35.72243217090801],[139.69493430657303,35.72182577513945],[139.6939379126046,35.72219077488438],[139.68664900095075,35.72272358632449],[139.68440871598955,35.722513865322696],[139.68272204918333,35.723644413858665],[139.68134985731012,35.727044387188755],[139.6773443065946,35.72937272117417],[139.67569202266873,35.725837468224654],[139.67518564230363,35.723706919438825],[139.67576450083106,35.72194941393434],[139.67367613474585,35.72026305379694],[139.67358444886327,35.71862027930251],[139.67641114126127,35.71966219785219],[139.6796911412798,35.71637361307418],[139.6798758370004,35.71418750474959],[139.6814502720125,35.71401305425911],[139.6816236064443,35.7122144416432],[139.68034219213848,35.71126389241476],[139.68278274982413,35.710122505249444],[139.68786250385153,35.71129083790191],[139.6900755771262,35.711483612978384],[139.6943311411693,35.711039999896116],[139.6930775231093,35.709631946657055],[139.68869053214246,35.70733722483311],[139.68758855956446,35.70449972078552],[139.68745102534456,35.70178419808235],[139.68841241230302,35.699331414113544],[139.68561208802748,35.69421394611675],[139.6839901175499,35.69199061337616],[139.68481844437514,35.69142338669698],[139.6832189488954,35.68871644081116],[139.6841883919808,35.68755699975577],[139.68565089467313,35.683787279159674],[139.68767308736244,35.681593694501466],[139.69502955916687,35.68664894619195],[139.70210294383497,35.689169467846824],[139.70271014265904,35.68777197279837],[139.70578016911952,35.68804808085429],[139.70711211363323,35.686149198326916],[139.7074076389514,35.684462802216615],[139.71140739263717,35.68336725169735],[139.7147895845717,35.68086225219122],[139.71290511008283,35.67728780229032],[139.71289425436646,35.67461835994942],[139.71485955902153,35.675078080788865],[139.71655841883603,35.673433081371684],[139.71947566756808,35.67449808102168],[139.71994844386563,35.67532419825318],[139.71958403407598,35.678310000506144],[139.7249332170491,35.67934527927807],[139.72674849509454,35.67928805428276],[139.72845632899646,35.682814171336986],[139.7314993901848,35.681495279583544],[139.73001469582164,35.68538413516973],[139.73165861245502,35.68962163992677],[139.73628364497426,35.69218997328869],[139.73886814544858,35.69469189171747],[139.74160483819276,35.698390775414],[139.74587044136786,35.702911054002016]]]},"properties":{"N03_001":"東京都","N03_002":null,"N03_003":null,"N03_004":"新宿区","N03_007":"13104"}},{"type":"Feature","geometry":{"type":"Polygon","coordinates":[[[139.77013861260696,35.70535158650654],[139.77016333317135,35.70742853210112],[139.77123642042454,35.70899130650366],[139.76662167345168,35.708707973302666],[139.7676486380742,35.711017973700564],[139.76762975410998,35.712966027560185],[139.76568197184554,35.713585198198416],[139.76599700435838,35.71659408155165],[139.76714591435257,35.71824130589158],[139.76325841854123,35.721873252148896],[139.76492457810684,35.72721600031821],[139.76278878177698,35.73074710829246],[139.76093710826103,35.732206000206816],[139.75993739309627,35.731577946065386],[139.7536246172823,35.735157946582035],[139.75276044164116,35.73505738708877],[139.7491940343773,35.73287380258398],[139.74504041568275,35.735855440975854],[139.7424470820672,35.7337871351682],[139.74341066157285,35.732834919495986],[139.7408573028223,35.73036019836451],[139.73887066175166,35.73162186535683],[139.73596841820802,35.72935408092616],[139.73739005210928,35.72689658630844],[139.73414780817484,35.7255796406879],[139.7319672507881,35.72410436042793],[139.72648725078602,35.72705158626172],[139.72481280216914,35.72663713549548],[139.72274972861715,35.7251488024753],[139.7234544229833,35.72240410846291],[139.7247246955883,35.7200088379376],[139.72272411232802,35.71897466704729],[139.71831741901372,35.71775717115656],[139.7176135025611,35.71449689221788],[139.7198071082115,35.71398577512349],[139.72250961142947,35.71226577494559],[139.72325902728232,35.71041410862426],[139.7259879121125,35.709209667292384],[139.73184461743517,35.70926605388536],[139.7324465507678,35.707393838055225],[139.73541600514454,35.7082235588702],[139.73585241276766,35.70918217128105],[139.742807691322,35.70813244135911],[139.74340379974558,35.70774272104978],[139.74484961102075,35.703620225193276],[139.74587044136786,35.702911054002016],[139.74972350213795,35.7030310541399],[139.75719769122054,35.701718532284474],[139.7613001951479,35.70158658645187],[139.76345658955006,35.700326306214095],[139.76602299656406,35.69963991934685],[139.7684982752752,35.70014158636519],[139.76640105176716,35.7017824138274],[139.76806080456254,35.7034660274353],[139.7698949682782,35.703366865488476],[139.77013861260696,35.70535158650654]]]},"properties":{"N03_001":"東京都","N03_002":null,"N03_003":null,"N03_004":"文京区","N03_007":"13105"}},{"type":"Feature","geometry":{"type":"Polygon","coordinates":[[[139.7825433078275,35.69657130662057],[139.78891525283672,35.6947037756095],[139.7899547206339,35.69670933276956],[139.7934825550759,35.70122266679272],[139.79702282714186,35.70778308082458],[139.79939749689697,35.71055294596175],[139.80664444888225,35.717431693917604],[139.80843050606302,35.7203709733418],[139.80934136191433,35.72433597272703],[139.8097186122243,35.7281345858425],[139.80143053219342,35.729251801929195],[139.79506577286713,35.72897153271009],[139.79443581126372,35.73023069419122],[139.79120581148177,35.73121822513912],[139.7894613363717,35.72874322541958],[139.78775824974355,35.72797461353764],[139.7844571343893,35.72786017121001],[139.78223155604155,35.72612766685842],[139.78145544741108,35.72461766737149],[139.77674267253633,35.7249357216063],[139.77517433222977,35.72612210814884],[139.76977211404525,35.728125999880454],[139.76605291790793,35.727531558934345],[139.7647482228523,35.730141837575786],[139.76278878177698,35.73074710829246],[139.76492457810684,35.72721600031821],[139.76325841854123,35.721873252148896],[139.76714591435257,35.71824130589158],[139.76599700435838,35.71659408155165],[139.76568197184554,35.713585198198416],[139.76762975410998,35.712966027560185],[139.7676486380742,35.711017973700564],[139.76662167345168,35.708707973302666],[139.77123642042454,35.70899130650366],[139.77016333317135,35.70742853210112],[139.77013861260696,35.70535158650654],[139.77301487048007,35.70489991516323],[139.77317053209447,35.70187880226496],[139.77664413741707,35.70061574851803],[139.78039360618004,35.700331306444696],[139.77997747098357,35.69807797321994],[139.78266080425283,35.697855441375566],[139.7825433078275,35.69657130662057]]]},"properties":{"N03_001":"東京都","N03_002":null,"N03_003":null,"N03_004":"台東区","N03_007":"13106"}},{"type":"Feature","geometry":{"type":"Polygon","coordinates":[[[139.7904013368065,35.68929294644456],[139.79348024562194,35.69081461305537],[139.79638968913287,35.68975100020856],[139.7991696896296,35.689717387147766],[139.80048525299208,35.68830183805943],[139.80480944160763,35.688502108040396],[139.80500496859958,35.68677572096655],[139.80946666715306,35.68699264009831],[139.80937861273287,35.68844235982709],[139.8118769779402,35.68855708094458],[139.81146894923268,35.69190874809033],[139.81338588834808,35.69267430587456],[139.81969452721881,35.693033748705105],[139.8186896113366,35.708007640640176],[139.82886185559028,35.70402927912801],[139.8306824125633,35.70300844158635],[139.83540158251708,35.70301650490785],[139.8343882749989,35.70473233313072],[139.83564022032,35.70668538722089],[139.8394952533033,35.70981455939443],[139.8393127763636,35.71087094623721],[139.83596914466034,35.7121992790735],[139.833629442345,35.71401817140156],[139.83315944225455,35.715757891913256],[139.83549642052344,35.7178695594327],[139.83904642015122,35.71711427939409],[139.8421547734241,35.71931091906373],[139.83710977999237,35.72395510804188],[139.82976703042414,35.73117955898948],[139.82382260702775,35.73770789240535],[139.82036289188693,35.74342872069033],[139.81658316528092,35.74146483813183],[139.8144970304137,35.73880486565207],[139.81414561582756,35.736211801833235],[139.81138891136925,35.73297958623897],[139.8097186122243,35.7281345858425],[139.80934136191433,35.72433597272703],[139.80843050606302,35.7203709733418],[139.80664444888225,35.717431693917604],[139.79939749689697,35.71055294596175],[139.79702282714186,35.70778308082458],[139.7934825550759,35.70122266679272],[139.7899547206339,35.69670933276956],[139.78891525283672,35.6947037756095],[139.78915411177286,35.69102738730413],[139.7904013368065,35.68929294644456]]]},"properties":{"N03_001":"東京都","N03_002":null,"N03_003":null,"N03_004":"墨田区","N03_007":"13107"}},{"type":"Feature","geometry":{"type":"MultiPolygon","coordinates":[[[[139.79447687430832,35.592182251909435],[139.80442583758236,35.59763961327758],[139.80377773035798,35.59841992803729],[139.7934299744138,35.59280301794496],[139.79447687430832,35.592182251909435]]],[[[139.81019743286527,35.593761405664395],[139.81111655078826,35.59426031536134],[139.80787291830063,35.59824661339053],[139.8088651367168,35.59878190156354],[139.81186407356824,35.59509573967671],[139.81701163467926,35.59788903664975],[139.81523446280028,35.60007387391022],[139.8205664982454,35.60296689220837],[139.81953347668866,35.60457073954802],[139.82146479956089,35.60561853246935],[139.82032177742815,35.60739517105037],[139.80559618741415,35.59940543211508],[139.80694883342198,35.59774385639389],[139.8103207524009,35.59426126144808],[139.81019743286527,35.593761405664395]]],[[[139.8172709469967,35.60973433287319],[139.81059313906223,35.613184387649426],[139.79894792580615,35.606873558867676],[139.79854978064793,35.60707145918053],[139.79114053250964,35.59713417090529],[139.7902633850473,35.595454838070395],[139.79214618769652,35.594252973296136],[139.81870443666048,35.60866667662589],[139.8172709469967,35.60973433287319]]],[[[139.79762758884226,35.61737969441742],[139.79791773081865,35.61773173043508],[139.7898781451603,35.62762264067237],[139.78528814573144,35.62513336041633],[139.79437802982227,35.613942107842036],[139.79762758884226,35.61737969441742]]],[[[139.77134968913685,35.62313830618791],[139.77344089528117,35.620266467823285],[139.77316786020867,35.61850458621774],[139.7867298318164,35.60184044997686],[139.79262811909246,35.609578910238554],[139.78099193323123,35.62388285670852],[139.7849473674271,35.626349441673426],[139.7823763423944,35.62950860443857],[139.7741030616071,35.624984973178016],[139.77134968913685,35.62313830618791]]],[[[139.84011577202534,35.63116013563183],[139.8370119976057,35.6317727753933],[139.82585131028975,35.63069908109776],[139.82741705605235,35.61979777534708],[139.82941085662583,35.61998950541141],[139.8317123350563,35.62124238692667],[139.832935642366,35.61973905411412],[139.83062998748403,35.61848560422732],[139.8355243327818,35.61249013531153],[139.83868391732904,35.61420733320193],[139.84011577202534,35.63116013563183]]],[[[139.82480875502006,35.639673775524386],[139.82615771740484,35.642627505255234],[139.82295549959667,35.64168325218037],[139.82043736729076,35.63908730603441],[139.82115836636558,35.63406094655551],[139.82554944205322,35.63448394627716],[139.82512396919594,35.63746405402293],[139.83276849526987,35.63820544162786],[139.83295380057746,35.640359387176034],[139.82480875502006,35.639673775524386]]],[[[139.78246775668174,35.63900305394782],[139.7901445018673,35.6431283062264],[139.7898926071582,35.64351633311236],[139.78226744528638,35.6393811082516],[139.78246775668174,35.63900305394782]]],[[[139.78959242515032,35.65625936048116],[139.7924186382096,35.65293419815475],[139.7866029185899,35.64949839583437],[139.7761291442447,35.64241146831466],[139.7787970568388,35.639358386880076],[139.7801612843159,35.63935438759495],[139.79469761380392,35.64721650553736],[139.79483061004464,35.65042933354698],[139.7976660834231,35.64774435991433],[139.79809399524174,35.64474155957538],[139.7958838654481,35.643119505460845],[139.79443841839839,35.644898171113766],[139.78437036330172,35.63944119825277],[139.78263489028802,35.637688108419525],[139.78108160822967,35.638733414715375],[139.7788610894678,35.63708577488865],[139.78492963729298,35.62961225220374],[139.78729878161357,35.62726922509472],[139.79202050654123,35.629870225430636],[139.7985701305072,35.62181515344662],[139.8021927247146,35.62622386483952],[139.8003343323636,35.63106469418034],[139.80148579823106,35.63281120727146],[139.80136946822643,35.63635896439473],[139.80699046753614,35.63690074837092],[139.8060366933388,35.64488474783292],[139.80860600516303,35.64487638683585],[139.80771557741207,35.643344946612046],[139.80812413761896,35.64046205468014],[139.82041525386092,35.641631081609205],[139.82167289278982,35.64294108086625],[139.83448036377786,35.64406761302996],[139.83367533115165,35.63462508138247],[139.8212470044458,35.63343997367588],[139.8216660057816,35.63197725244828],[139.836063748843,35.63332505470754],[139.84025416329905,35.63389222564575],[139.8409838181546,35.6430569069122],[139.8417294164795,35.650748531419815],[139.84254674473652,35.65340391945534],[139.84295847055705,35.65682109951416],[139.845542970132,35.65671677545885],[139.84688700423192,35.67384953223018],[139.84822678363923,35.67913453223292],[139.84551483843916,35.681288413929224],[139.84758822361766,35.68809397325833],[139.84788933912182,35.69054730671286],[139.8477063046023,35.69496702760631],[139.845111608514,35.6985575861637],[139.84381216639838,35.699535640257636],[139.83540158251708,35.70301650490785],[139.8306824125633,35.70300844158635],[139.82886185559028,35.70402927912801],[139.8186896113366,35.708007640640176],[139.81969452721881,35.693033748705105],[139.81338588834808,35.69267430587456],[139.81146894923268,35.69190874809033],[139.8118769779402,35.68855708094458],[139.80937861273287,35.68844235982709],[139.80946666715306,35.68699264009831],[139.80500496859958,35.68677572096655],[139.80480944160763,35.688502108040396],[139.80048525299208,35.68830183805943],[139.7991696896296,35.689717387147766],[139.79638968913287,35.68975100020856],[139.79348024562194,35.69081461305537],[139.7904013368065,35.68929294644456],[139.7923660575476,35.687107108506325],[139.7926357462428,35.684374612898125],[139.7918579774638,35.682570170876716],[139.7890843063957,35.6791618653279],[139.7878581976977,35.676981585831584],[139.78716535729552,35.672281027347594],[139.7890661616741,35.66564408100959],[139.78923221879188,35.65914936065451],[139.78959242515032,35.65625936048116]]]]},"properties":{"N03_001":"東京都","N03_002":null,"N03_003":null,"N03_004":"江東区","N03_007":"13108"}},{"type":"Feature","geometry":{"type":"MultiPolygon","coordinates":[[[[139.77314888541275,35.59575684750058],[139.76347875514045,35.60871722571943],[139.76387869084897,35.60892325230628],[139.76194630407872,35.614649332900456],[139.75798944265875,35.61767917135671],[139.75301861271885,35.61764781109764],[139.75174622670704,35.60466583835779],[139.7490758112997,35.60071191951954],[139.74867561658652,35.59534200013326],[139.7491067443808,35.59219005442753],[139.75018197112115,35.5913540095799],[139.74947498168513,35.58886186498313],[139.7502708304345,35.58934783793245],[139.7560133335486,35.58925446851896],[139.75596968944967,35.5849297753889],[139.76256749729225,35.585009748501136],[139.76286946805158,35.58972391912363],[139.76256172544333,35.5946094681525],[139.7654167195061,35.59448194608501],[139.7667970043783,35.59256527946411],[139.77314888541275,35.59575684750058]]],[[[139.76873246413197,35.62643567586582],[139.76758508478395,35.625785081116646],[139.76765686147507,35.622077134951894],[139.770626148578,35.61873586486831],[139.77344089528117,35.620266467823285],[139.77134968913685,35.62313830618791],[139.76873246413197,35.62643567586582]]],[[[139.75350734119093,35.624048559493474],[139.75313241203128,35.61899108167313],[139.75940221823782,35.6190376944341],[139.7597495597944,35.619353027320415],[139.75941297053225,35.62800006365205],[139.7574324385563,35.62793000016944],[139.75754910580667,35.62409277556122],[139.75350734119093,35.624048559493474]]],[[[139.71920241216162,35.641847559217524],[139.71764099933273,35.6416611711262],[139.71534267212667,35.64037869382173],[139.71461374822593,35.63856619837139],[139.71322875565028,35.63755174794717],[139.71440041464746,35.634282026894084],[139.7146334492676,35.62904674814179],[139.71169564276394,35.62795899982612],[139.70907425357404,35.6263837211319],[139.70750338527307,35.62619927917342],[139.70401616151673,35.62470844154137],[139.70146505826585,35.62589569413103],[139.69848447567813,35.625612360022444],[139.69676557716969,35.62459319791782],[139.70163836571805,35.62315125192879],[139.70245447529385,35.62249013511172],[139.70238141437085,35.62013069447602],[139.69815639400247,35.61528374794665],[139.69637525341523,35.61417933370933],[139.69558192008765,35.61227683781439],[139.69539272429483,35.60749238686424],[139.69820883347097,35.603581279352625],[139.70106744550628,35.60141350492938],[139.71164053198504,35.60067263983052],[139.71443581106394,35.599992639948425],[139.7153382753412,35.59691680206879],[139.7173716083131,35.59637819809541],[139.71894688778866,35.592827332915135],[139.7203274451556,35.59239622490588],[139.72108827520378,35.594290108102086],[139.72824163474377,35.5943828920569],[139.72890108961371,35.592713171175944],[139.73055108926144,35.59215702682536],[139.72893355424026,35.588833441010536],[139.73010827567646,35.58737150489111],[139.73587466928063,35.587368135131385],[139.73879358085912,35.58790786505597],[139.74654131043314,35.590169062852],[139.7469571344642,35.592191333263486],[139.74771572070404,35.60271850485515],[139.74848255552558,35.60282380197691],[139.75057600547837,35.60599936028228],[139.75040387883598,35.60740799987934],[139.75149596606605,35.61833538686864],[139.7518310255814,35.62475046865927],[139.750252970798,35.624823523287034],[139.74677321770992,35.62323836026218],[139.7444348904579,35.62339474786938],[139.74333461759863,35.625134198584476],[139.7377865245286,35.624532279641016],[139.73539930023753,35.623202000671824],[139.73394958500546,35.62611338762281],[139.731229300392,35.62633450483361],[139.73152321772238,35.62871172146885],[139.73065211460346,35.630698387720486],[139.72869878172344,35.63207561309912],[139.7267162784335,35.632208387207356],[139.72685294480766,35.634270613598005],[139.72599849533435,35.63503366766969],[139.72221238729196,35.63597894597166],[139.7199623617737,35.634577306697395],[139.71667905299591,35.63826036052728],[139.7168979515793,35.63995646841636],[139.71920241216162,35.641847559217524]]]]},"properties":{"N03_001":"東京都","N03_002":null,"N03_003":null,"N03_004":"品川区","N03_007":"13109"}},{"type":"Feature","geometry":{"type":"Polygon","coordinates":[[[139.71764099933273,35.6416611711262],[139.7152360053375,35.64262313544941],[139.71062516232143,35.641929251833574],[139.70862374808758,35.642007586381055],[139.6986962525301,35.64885538686667],[139.69289128430535,35.65395844142898],[139.69114211371766,35.656652892117336],[139.6873309991264,35.66157122503205],[139.68527155613742,35.66259372092355],[139.67965902664287,35.66381538697061],[139.67500291805027,35.66387958597414],[139.6762353831565,35.661486532277706],[139.6794973285389,35.6573293064024],[139.68315844430686,35.65372513570651],[139.68458705604792,35.651350414689944],[139.683909533798,35.64920402704428],[139.6847153578276,35.645778198205335],[139.68430172544436,35.64376597322115],[139.68608116692656,35.640538198021176],[139.68609367138583,35.63804486497861],[139.68423975382416,35.63425155925575],[139.68203722443843,35.631130720606336],[139.67983413723573,35.62621655874722],[139.6779696897495,35.62534766706125],[139.6764002459746,35.62724769442559],[139.67199383864477,35.62970797334435],[139.6638451877053,35.63194241361157],[139.66148297118187,35.631706305812706],[139.66225547321153,35.63022853242086],[139.6618090798308,35.627484640495844],[139.66349185576462,35.62670241388537],[139.66382211469886,35.62431880217105],[139.66562128399516,35.621759918885175],[139.66649572000154,35.61852546847564],[139.66477016926086,35.61827327879664],[139.66486600546182,35.616730505308624],[139.663220973669,35.61566189218263],[139.6634087557096,35.60852772147723],[139.66510736731118,35.6074882796604],[139.66850791171078,35.60651494610795],[139.6732493389859,35.60814853222905],[139.67725766500928,35.607939360712976],[139.67929766555494,35.60558046866373],[139.68025961099227,35.602886586346926],[139.6802807263868,35.600666586487534],[139.68073238728994,35.603082973100754],[139.68190600525804,35.60573546861701],[139.6847571340346,35.605337693979436],[139.68470491579933,35.60934769364121],[139.68400383953383,35.61309155878591],[139.68612771702055,35.61168433286571],[139.69130383970048,35.610929054332416],[139.69383328098115,35.609268225048595],[139.69539272429483,35.60749238686424],[139.69558192008765,35.61227683781439],[139.69637525341523,35.61417933370933],[139.69815639400247,35.61528374794665],[139.70238141437085,35.62013069447602],[139.70245447529385,35.62249013511172],[139.70163836571805,35.62315125192879],[139.69676557716969,35.62459319791782],[139.69848447567813,35.625612360022444],[139.70146505826585,35.62589569413103],[139.70401616151673,35.62470844154137],[139.70750338527307,35.62619927917342],[139.70907425357404,35.6263837211319],[139.71169564276394,35.62795899982612],[139.7146334492676,35.62904674814179],[139.71440041464746,35.634282026894084],[139.71322875565028,35.63755174794717],[139.71461374822593,35.63856619837139],[139.71534267212667,35.64037869382173],[139.71764099933273,35.6416611711262]]]},"properties":{"N03_001":"東京都","N03_002":null,"N03_003":null,"N03_004":"目黒区","N03_007":"13110"}},{"type":"Feature","geometry":{"type":"MultiPolygon","coordinates":[[[[139.81666666733292,35.53325913550077],[139.8260277824562,35.54157017162618],[139.82308749759,35.54384372161053],[139.81980192072217,35.54238325228533],[139.80708869059072,35.531106748477725],[139.81096442326964,35.52819808107665],[139.81666666733292,35.53325913550077]]],[[[139.76422891113543,35.57500000005001],[139.76361466968137,35.574438386922054],[139.75760844397462,35.57446038703728],[139.75714121919202,35.57150055900365],[139.75847966310607,35.56844191885949],[139.7656105584806,35.564896333598995],[139.77217406078432,35.57278680266887],[139.7734699748595,35.57488433284573],[139.76422891113543,35.57500000005001]]],[[[139.74947498168513,35.58886186498313],[139.75407408674982,35.57834010820949],[139.7559181061357,35.577066748231914],[139.76247700480997,35.577155505022574],[139.76402610951743,35.5780211987194],[139.76755691352082,35.581466639973485],[139.7690880290893,35.58021217115481],[139.76669111550268,35.57714283807155],[139.78300533183062,35.57709925242858],[139.78496533138502,35.577630946011425],[139.78753457845812,35.58001846797799],[139.78176834043666,35.58448125200823],[139.77853352849957,35.586484279625836],[139.77716199762813,35.58522736015459],[139.77548789974685,35.585180892184496],[139.773178003662,35.58686994669074],[139.7767789116175,35.59028766724208],[139.77287814541012,35.595514532369805],[139.77314888541275,35.59575684750058],[139.7667970043783,35.59256527946411],[139.7654167195061,35.59448194608501],[139.76256172544333,35.5946094681525],[139.76286946805158,35.58972391912363],[139.76256749729225,35.585009748501136],[139.75596968944967,35.5849297753889],[139.7560133335486,35.58925446851896],[139.7502708304345,35.58934783793245],[139.74947498168513,35.58886186498313]]],[[[139.79447687430832,35.592182251909435],[139.80583247708716,35.58544774801521],[139.8117148643496,35.58863854083603],[139.80561418914363,35.59615904500396],[139.80442583758236,35.59763961327758],[139.79447687430832,35.592182251909435]]],[[[139.69539272429483,35.60749238686424],[139.69383328098115,35.609268225048595],[139.69130383970048,35.610929054332416],[139.68612771702055,35.61168433286571],[139.68400383953383,35.61309155878591],[139.68470491579933,35.60934769364121],[139.6847571340346,35.605337693979436],[139.68190600525804,35.60573546861701],[139.68073238728994,35.603082973100754],[139.6802807263868,35.600666586487534],[139.68062319160708,35.59485574839414],[139.67565345074627,35.59178689195153],[139.67430233538448,35.59377105449062],[139.66967011728218,35.59910050528413],[139.66506788617403,35.598970224995924],[139.66262841846685,35.598429667695086],[139.65990452757194,35.59996633297993],[139.65753258186328,35.59898022545707],[139.65577644602627,35.59647497324147],[139.65380700448975,35.59732969431002],[139.65297477366698,35.595936919653184],[139.65705033750316,35.59341608128716],[139.6551386387373,35.590146360366305],[139.6562906100237,35.58972830601658],[139.66332978084472,35.589866081254684],[139.66441394324897,35.589568000063196],[139.6672909212391,35.587182171520055],[139.669309222043,35.58471883850365],[139.67125894954097,35.578521639961764],[139.6764066932144,35.56603830622288],[139.67878972846324,35.56298774828599],[139.6815511156915,35.56119413500136],[139.6860922180815,35.55937272097435],[139.6896177565543,35.55728689187663],[139.69206635507828,35.556648559383575],[139.69778358004828,35.55612908129211],[139.699866083453,35.555398802113075],[139.70307581149962,35.55332213530835],[139.70417858627275,35.551825747959924],[139.7035335547298,35.54941102689742],[139.6984460314593,35.54540161359364],[139.69776155655063,35.543756892066995],[139.6979426728161,35.541451613101515],[139.6999323616892,35.53836217117731],[139.70222652413486,35.537027414483646],[139.70574236162076,35.536245748042916],[139.7107515305588,35.5365435324581],[139.71730238749524,35.53800405394401],[139.71950795143084,35.53912100023405],[139.72237158258258,35.541507666945336],[139.72611189444842,35.5434704139285],[139.73074077876402,35.542764865206436],[139.73273632941812,35.541202919079524],[139.7346380034412,35.54098346831245],[139.73766775646186,35.544390946485066],[139.73940664150336,35.545124559450926],[139.74677719810927,35.54382844122961],[139.75008386497848,35.54458397337174],[139.75648691384004,35.54455313561874],[139.76807910576622,35.53933922522509],[139.77649638150285,35.53447000069002],[139.7787851884857,35.53699910832222],[139.7820741126303,35.53869369455839],[139.78441691311014,35.53538033313589],[139.78654491681448,35.53580438686299],[139.78761941600328,35.534312559077364],[139.7949075884145,35.53213574826623],[139.80624386566194,35.53752138690254],[139.80916625222085,35.53907017145133],[139.8039556944998,35.54603027927402],[139.8012550843547,35.5483044416967],[139.7854365239765,35.57056055882276],[139.77099666746233,35.568973721260306],[139.76373325608495,35.56046253202027],[139.76101968940725,35.56316313497075],[139.7585917770889,35.56436780203251],[139.7556846951926,35.56273030655848],[139.75339703034876,35.56225061357503],[139.75296447533037,35.56338230604865],[139.74978422885908,35.566625801839336],[139.7502376652361,35.56737805415395],[139.7560066677736,35.568539774990654],[139.75635525309247,35.569070640297866],[139.75409260738797,35.57448480183217],[139.7526070047096,35.57549689256757],[139.75068686130965,35.57520580270568],[139.75008841824592,35.57670213519543],[139.7517218038182,35.57724210793697],[139.75194345072975,35.579464279652825],[139.74784455308372,35.58869072129983],[139.74654131043314,35.590169062852],[139.73879358085912,35.58790786505597],[139.73587466928063,35.587368135131385],[139.73010827567646,35.58737150489111],[139.72893355424026,35.588833441010536],[139.73055108926144,35.59215702682536],[139.72890108961371,35.592713171175944],[139.72824163474377,35.5943828920569],[139.72108827520378,35.594290108102086],[139.7203274451556,35.59239622490588],[139.71894688778866,35.592827332915135],[139.7173716083131,35.59637819809541],[139.7153382753412,35.59691680206879],[139.71443581106394,35.599992639948425],[139.71164053198504,35.60067263983052],[139.70106744550628,35.60141350492938],[139.69820883347097,35.603581279352625],[139.69539272429483,35.60749238686424]]]]},"properties":{"N03_001":"東京都","N03_002":null,"N03_003":null,"N03_004":"大田区","N03_007":"13111"}},{"type":"Feature","geometry":{"type":"Polygon","coordinates":[[[139.67500291805027,35.66387958597414],[139.6728259660456,35.66740013500828],[139.67234795119703,35.669982919576114],[139.67270433273882,35.67229566741116],[139.66205927441604,35.67144346804167],[139.66175622626884,35.67252291889764],[139.6551172762414,35.67055183789705],[139.6503297542148,35.66990269465367],[139.6477311154987,35.66843102697038],[139.6452147215822,35.667682414212095],[139.641279144417,35.66719522537937],[139.6391121667931,35.66584383842246],[139.63259518821746,35.66808494626332],[139.62504739322264,35.66913469431074],[139.62503182955538,35.6701330002378],[139.62163224473238,35.672646973179326],[139.61248097381792,35.676166892688],[139.6121002206487,35.67462880197769],[139.61328936451264,35.672903559651616],[139.61655883362334,35.67264046838295],[139.61618658983934,35.66990161366857],[139.61098880698796,35.67008713571278],[139.60877939035663,35.671501865518735],[139.60918552509202,35.674886865136784],[139.6082299747336,35.67643877482965],[139.60326360633042,35.68064930622057],[139.59794364518314,35.68181680250348],[139.59417863883323,35.68214066725807],[139.59124367165816,35.68162177552455],[139.58773228311838,35.68174927960564],[139.58708894949552,35.68055483783553],[139.58833780834323,35.67893010823798],[139.58678252978996,35.67780817160991],[139.58663722452832,35.673978721640765],[139.5826744752469,35.67377538762412],[139.5845394425413,35.67216344099006],[139.58850136264778,35.6705137480111],[139.58888941651344,35.669409586483255],[139.58996050637234,35.66663346835992],[139.58770883329612,35.66436625230074],[139.5874285604798,35.66255541430098],[139.58896856045078,35.66244513493507],[139.5897518555638,35.660930721575596],[139.58988797784798,35.65725044125492],[139.59097878174543,35.655320720974544],[139.5923343325635,35.655432108305206],[139.5930834768211,35.651524360660744],[139.59196124521532,35.651358775687015],[139.59206233530858,35.64590991920744],[139.58956566802124,35.64514074794721],[139.58763819784463,35.64616738701534],[139.58658594068868,35.64264710867718],[139.58450538341674,35.64093600009636],[139.5861795334588,35.637097973292896],[139.58779092161376,35.634971865359375],[139.58975674427836,35.63441964025424],[139.59140644591474,35.63306269369503],[139.5912708950358,35.631054640659215],[139.5935486383482,35.62655494629602],[139.59202335878228,35.623627441280924],[139.58993975451608,35.62446161361265],[139.58934085639544,35.62126605438493],[139.5902355514296,35.618430775260094],[139.59310055854405,35.6175705053746],[139.59662306180496,35.61849883865051],[139.60006805429737,35.61839855884648],[139.60473722464326,35.6158246676743],[139.6071963946979,35.61564105399151],[139.60899416374968,35.61647717168415],[139.61219167360696,35.61585302689571],[139.6155813883704,35.61332774857681],[139.61794055831024,35.6138774681707],[139.623972802303,35.610948586707934],[139.62487472159114,35.609761919576954],[139.63116641999432,35.60723802711334],[139.63179919647575,35.60579108089371],[139.6348750325568,35.60362774822204],[139.63729114127318,35.60282441441524],[139.6398880802708,35.60013025240926],[139.6489230877304,35.594875532579806],[139.65043252963756,35.59258413554949],[139.6551386387373,35.590146360366305],[139.65705033750316,35.59341608128716],[139.65297477366698,35.595936919653184],[139.65380700448975,35.59732969431002],[139.65577644602627,35.59647497324147],[139.65753258186328,35.59898022545707],[139.65990452757194,35.59996633297993],[139.66262841846685,35.598429667695086],[139.66506788617403,35.598970224995924],[139.66967011728218,35.59910050528413],[139.67430233538448,35.59377105449062],[139.67565345074627,35.59178689195153],[139.68062319160708,35.59485574839414],[139.6802807263868,35.600666586487534],[139.68025961099227,35.602886586346926],[139.67929766555494,35.60558046866373],[139.67725766500928,35.607939360712976],[139.6732493389859,35.60814853222905],[139.66850791171078,35.60651494610795],[139.66510736731118,35.6074882796604],[139.6634087557096,35.60852772147723],[139.663220973669,35.61566189218263],[139.66486600546182,35.616730505308624],[139.66477016926086,35.61827327879664],[139.66649572000154,35.61852546847564],[139.66562128399516,35.621759918885175],[139.66382211469886,35.62431880217105],[139.66349185576462,35.62670241388537],[139.6618090798308,35.627484640495844],[139.66225547321153,35.63022853242086],[139.66148297118187,35.631706305812706],[139.6638451877053,35.63194241361157],[139.67199383864477,35.62970797334435],[139.6764002459746,35.62724769442559],[139.6779696897495,35.62534766706125],[139.67983413723573,35.62621655874722],[139.68203722443843,35.631130720606336],[139.68423975382416,35.63425155925575],[139.68609367138583,35.63804486497861],[139.68608116692656,35.640538198021176],[139.68430172544436,35.64376597322115],[139.6847153578276,35.645778198205335],[139.683909533798,35.64920402704428],[139.68458705604792,35.651350414689944],[139.68315844430686,35.65372513570651],[139.6794973285389,35.6573293064024],[139.6762353831565,35.661486532277706],[139.67500291805027,35.66387958597414]]]},"properties":{"N03_001":"東京都","N03_002":null,"N03_003":null,"N03_004":"世田谷区","N03_007":"13112"}},{"type":"Feature","geometry":{"type":"Polygon","coordinates":[[[139.71655841883603,35.673433081371684],[139.71485955902153,35.675078080788865],[139.71289425436646,35.67461835994942],[139.71290511008283,35.67728780229032],[139.7147895845717,35.68086225219122],[139.71140739263717,35.68336725169735],[139.7074076389514,35.684462802216615],[139.70711211363323,35.686149198326916],[139.70578016911952,35.68804808085429],[139.70271014265904,35.68777197279837],[139.70210294383497,35.689169467846824],[139.69502955916687,35.68664894619195],[139.68767308736244,35.681593694501466],[139.68565089467313,35.683787279159674],[139.6841883919808,35.68755699975577],[139.6832189488954,35.68871644081116],[139.68481844437514,35.69142338669698],[139.6839901175499,35.69199061337616],[139.68033561629568,35.689797559010174],[139.67583277646156,35.6858609188464],[139.67506055829824,35.68451119833321],[139.67130272404154,35.68149289188352],[139.66796547302818,35.6800192789666],[139.6653915566751,35.67698458596993],[139.6641207264904,35.67634791902128],[139.6615951361067,35.67475069428917],[139.66175622626884,35.67252291889764],[139.66205927441604,35.67144346804167],[139.67270433273882,35.67229566741116],[139.67234795119703,35.669982919576114],[139.6728259660456,35.66740013500828],[139.67500291805027,35.66387958597414],[139.67965902664287,35.66381538697061],[139.68527155613742,35.66259372092355],[139.6873309991264,35.66157122503205],[139.69114211371766,35.656652892117336],[139.69289128430535,35.65395844142898],[139.6986962525301,35.64885538686667],[139.70862374808758,35.642007586381055],[139.71062516232143,35.641929251833574],[139.7152360053375,35.64262313544941],[139.71764099933273,35.6416611711262],[139.71920241216162,35.641847559217524],[139.7213168612842,35.6444092250058],[139.72249214030012,35.64439727931102],[139.7235602201281,35.6467011715219],[139.72156968948968,35.65383227913645],[139.72253055843862,35.65552225185047],[139.71804527966594,35.65698227960854],[139.7149799746462,35.6571428382714],[139.71287775630344,35.658450054126774],[139.7137925035213,35.65975838694004],[139.71216250299722,35.660730332838625],[139.70856389101084,35.66406700019195],[139.71381255570498,35.6693489191174],[139.71493341134794,35.67299446851996],[139.71655841883603,35.673433081371684]]]},"properties":{"N03_001":"東京都","N03_002":null,"N03_003":null,"N03_004":"渋谷区","N03_007":"13113"}},{"type":"Feature","geometry":{"type":"Polygon","coordinates":[[[139.6773443065946,35.72937272117417],[139.67796905302941,35.73067855926814],[139.67467961177476,35.73305855930511],[139.67145542262972,35.733540505090275],[139.670393191093,35.7323310545346],[139.66470092141049,35.73097136053991],[139.66343282786283,35.7281160813921],[139.66225085609221,35.726923865444064],[139.65645302218934,35.726364441266014],[139.65178160803487,35.72632666704209],[139.64743549934883,35.726745000181666],[139.64739713427036,35.72548944138464],[139.64357377451017,35.725308333213036],[139.63993433240353,35.72630972111676],[139.63827182948137,35.72802666719696],[139.63643046759205,35.73227833357828],[139.6350735282208,35.73230444089728],[139.63354328139735,35.735283613348145],[139.6283360313828,35.735289440955],[139.6264754473841,35.73320861298714],[139.6245454222335,35.730145558970435],[139.62433263364414,35.7294122526734],[139.62899591433006,35.721010027091154],[139.63187369631407,35.71971891899295],[139.63135258145655,35.71851338768272],[139.63218894916076,35.716947000703556],[139.63696786017863,35.716496720946964],[139.64178814540662,35.71475700043527],[139.64166282757753,35.71281227946315],[139.64284172546536,35.711503387271534],[139.6515673022892,35.708988666993434],[139.65403202385892,35.70933227906147],[139.6582217773132,35.70922089263013],[139.65819897500273,35.70503783822568],[139.66090953344826,35.70467783871135],[139.6610850586286,35.701426721166285],[139.66253756265849,35.699241198622474],[139.6606958635233,35.69620258638031],[139.66116778276705,35.69519591945618],[139.66437474719692,35.69548813526927],[139.66599252953165,35.694959802452956],[139.66754666774455,35.69175119855902],[139.6664080540885,35.69042508165222],[139.6641158116954,35.68919872114412],[139.66353080450313,35.68812705392048],[139.66093549957372,35.68677455899876],[139.65921992226163,35.68668538762057],[139.66054518840974,35.68428761338271],[139.65927155683698,35.68190319857382],[139.66257988385462,35.679433748368865],[139.66499933984767,35.67901541432997],[139.6641207264904,35.67634791902128],[139.6653915566751,35.67698458596993],[139.66796547302818,35.6800192789666],[139.67130272404154,35.68149289188352],[139.67506055829824,35.68451119833321],[139.67583277646156,35.6858609188464],[139.68033561629568,35.689797559010174],[139.6839901175499,35.69199061337616],[139.68561208802748,35.69421394611675],[139.68841241230302,35.699331414113544],[139.68745102534456,35.70178419808235],[139.68758855956446,35.70449972078552],[139.68869053214246,35.70733722483311],[139.6930775231093,35.709631946657055],[139.6943311411693,35.711039999896116],[139.6900755771262,35.711483612978384],[139.68786250385153,35.71129083790191],[139.68278274982413,35.710122505249444],[139.68034219213848,35.71126389241476],[139.6816236064443,35.7122144416432],[139.6814502720125,35.71401305425911],[139.6798758370004,35.71418750474959],[139.6796911412798,35.71637361307418],[139.67641114126127,35.71966219785219],[139.67358444886327,35.71862027930251],[139.67367613474585,35.72026305379694],[139.67576450083106,35.72194941393434],[139.67518564230363,35.723706919438825],[139.67569202266873,35.725837468224654],[139.6773443065946,35.72937272117417]]]},"properties":{"N03_001":"東京都","N03_002":null,"N03_003":null,"N03_004":"中野区","N03_007":"13114"}},{"type":"Feature","geometry":{"type":"Polygon","coordinates":[[[139.66175622626884,35.67252291889764],[139.6615951361067,35.67475069428917],[139.6641207264904,35.67634791902128],[139.66499933984767,35.67901541432997],[139.66257988385462,35.679433748368865],[139.65927155683698,35.68190319857382],[139.66054518840974,35.68428761338271],[139.65921992226163,35.68668538762057],[139.66093549957372,35.68677455899876],[139.66353080450313,35.68812705392048],[139.6641158116954,35.68919872114412],[139.6664080540885,35.69042508165222],[139.66754666774455,35.69175119855902],[139.66599252953165,35.694959802452956],[139.66437474719692,35.69548813526927],[139.66116778276705,35.69519591945618],[139.6606958635233,35.69620258638031],[139.66253756265849,35.699241198622474],[139.6610850586286,35.701426721166285],[139.66090953344826,35.70467783871135],[139.65819897500273,35.70503783822568],[139.6582217773132,35.70922089263013],[139.65403202385892,35.70933227906147],[139.6515673022892,35.708988666993434],[139.64284172546536,35.711503387271534],[139.64166282757753,35.71281227946315],[139.64178814540662,35.71475700043527],[139.63696786017863,35.716496720946964],[139.63218894916076,35.716947000703556],[139.63135258145655,35.71851338768272],[139.63187369631407,35.71971891899295],[139.62899591433006,35.721010027091154],[139.62433263364414,35.7294122526734],[139.6245454222335,35.730145558970435],[139.62178014363883,35.73044889220267],[139.61599486427167,35.7298313871089],[139.6153945784971,35.73028527944217],[139.60955289275182,35.72870833352283],[139.6019481454906,35.72600808130795],[139.59979756250755,35.7239144685779],[139.5956533597148,35.72154474869126],[139.59384613519103,35.71829197369567],[139.58945364576925,35.72028058608021],[139.58681224428972,35.7197586402491],[139.58509416326513,35.71801780188008],[139.58508722409613,35.71610225221724],[139.58644496836064,35.71408558638075],[139.58665136277023,35.71191225234861],[139.59145355363864,35.70877283779629],[139.59547325608594,35.70543505438428],[139.5940590793631,35.70331172085929],[139.59025486437054,35.6948195324955],[139.58828680946004,35.695617026700674],[139.58671652404837,35.693962865294054],[139.591894553291,35.690881198008924],[139.59405481208,35.68899677568072],[139.59316452732116,35.68798955927082],[139.59056452703135,35.68700094623671],[139.59167477337212,35.68541566719932],[139.59361228358011,35.68412789198868],[139.59417863883323,35.68214066725807],[139.59794364518314,35.68181680250348],[139.60326360633042,35.68064930622057],[139.6082299747336,35.67643877482965],[139.60918552509202,35.674886865136784],[139.60877939035663,35.671501865518735],[139.61098880698796,35.67008713571278],[139.61618658983934,35.66990161366857],[139.61655883362334,35.67264046838295],[139.61328936451264,35.672903559651616],[139.6121002206487,35.67462880197769],[139.61248097381792,35.676166892688],[139.62163224473238,35.672646973179326],[139.62503182955538,35.6701330002378],[139.62504739322264,35.66913469431074],[139.63259518821746,35.66808494626332],[139.6391121667931,35.66584383842246],[139.641279144417,35.66719522537937],[139.6452147215822,35.667682414212095],[139.6477311154987,35.66843102697038],[139.6503297542148,35.66990269465367],[139.6551172762414,35.67055183789705],[139.66175622626884,35.67252291889764]]]},"properties":{"N03_001":"東京都","N03_002":null,"N03_003":null,"N03_004":"杉並区","N03_007":"13115"}},{"type":"Feature","geometry":{"type":"Polygon","coordinates":[[[139.72250961142947,35.71226577494559],[139.7198071082115,35.71398577512349],[139.7176135025611,35.71449689221788],[139.71831741901372,35.71775717115656],[139.72272411232802,35.71897466704729],[139.7247246955883,35.7200088379376],[139.7234544229833,35.72240410846291],[139.72274972861715,35.7251488024753],[139.72481280216914,35.72663713549548],[139.72648725078602,35.72705158626172],[139.7319672507881,35.72410436042793],[139.73414780817484,35.7255796406879],[139.73739005210928,35.72689658630844],[139.73596841820802,35.72935408092616],[139.73887066175166,35.73162186535683],[139.7408573028223,35.73036019836451],[139.74341066157285,35.732834919495986],[139.7424470820672,35.7337871351682],[139.74504041568275,35.735855440975854],[139.7491940343773,35.73287380258398],[139.75276044164116,35.73505738708877],[139.74955710867368,35.73654100046684],[139.74835408647198,35.73869350530106],[139.7438790536754,35.739595721365504],[139.74421464379088,35.740985441025316],[139.74106131043118,35.7423490542655],[139.7355573938587,35.74054627958719],[139.73178435836155,35.74331294583584],[139.73263518806357,35.745088225541224],[139.72790907984017,35.74471377572024],[139.7259790537904,35.742060441136516],[139.72362736710932,35.73993130608494],[139.72001180380175,35.741785171248694],[139.71951294446683,35.74504266768503],[139.71480182974074,35.74574461282367],[139.7137832171219,35.74528127940755],[139.71042849497917,35.74579266719786],[139.70830316585852,35.741637945934485],[139.7040503375531,35.737152414452396],[139.70220727684443,35.73734213543128],[139.7009928665276,35.73990825196432],[139.6992217255023,35.73972519855914],[139.6988659141307,35.7423929465773],[139.6945348124317,35.742226838198064],[139.69257758818526,35.74363433295815],[139.68961144061552,35.74132377497227],[139.68258666704116,35.739102135655116],[139.6807602725686,35.73875602706903],[139.68075219215996,35.73787325254864],[139.67874185575215,35.73442299992155],[139.67928214055837,35.73359327910657],[139.67796905302941,35.73067855926814],[139.6773443065946,35.72937272117417],[139.68134985731012,35.727044387188755],[139.68272204918333,35.723644413858665],[139.68440871598955,35.722513865322696],[139.68664900095075,35.72272358632449],[139.6939379126046,35.72219077488438],[139.69493430657303,35.72182577513945],[139.69897294424607,35.72243217090801],[139.69981686085953,35.723546054107146],[139.7045996371636,35.723013559228434],[139.70486516199765,35.72043633337012],[139.70593878075022,35.71885077464361],[139.70456347646947,35.71587608090944],[139.70587678328695,35.71343941449743],[139.70734622604755,35.713853305885436],[139.7104209730495,35.71345913483128],[139.71211347555652,35.71476022540412],[139.71441236124156,35.71317550484571],[139.72250961142947,35.71226577494559]]]},"properties":{"N03_001":"東京都","N03_002":null,"N03_003":null,"N03_004":"豊島区","N03_007":"13116"}},{"type":"Feature","geometry":{"type":"Polygon","coordinates":[[[139.76093710826103,35.732206000206816],[139.7613212842499,35.73380989251257],[139.76342044130035,35.73369238709404],[139.76376241210573,35.73493377527359],[139.76624158218328,35.736157387453545],[139.7711246697678,35.73789877530828],[139.76900522760923,35.739259333551445],[139.76817691333395,35.74146238747926],[139.76589053272198,35.741618505289864],[139.76288386529825,35.74365710828897],[139.7603155256411,35.743451838031945],[139.75719914452498,35.74546183809343],[139.75780027206497,35.74761017097268],[139.75538250320005,35.74757710829698],[139.75470416346639,35.749188224856766],[139.75218639448656,35.74929517133512],[139.749778612593,35.75012044140527],[139.74963749727272,35.75118794656652],[139.75088697845138,35.75370572094232],[139.75758725055118,35.75316905410864],[139.75796394328142,35.754855171429085],[139.75006756206835,35.75646017169964],[139.74834282785923,35.75809100049935],[139.7488878341063,35.759810720988014],[139.75816511083121,35.76459319871719],[139.7601043063687,35.766759865175686],[139.7597034767341,35.768786802169245],[139.7579384951655,35.770178198165354],[139.75497569397317,35.76838402730107],[139.75127708277125,35.76743236021531],[139.74572649857907,35.76713125190582],[139.7404253836246,35.76918736020855],[139.73672708268873,35.7702193061761],[139.73575319155657,35.7716326402342],[139.7361735023054,35.774162639993904],[139.7378754476938,35.77742819795304],[139.73804907980127,35.780220694529476],[139.73783297001557,35.78052791912819],[139.7385369134479,35.787403747884696],[139.7363796889715,35.78900736050133],[139.73387163446841,35.79004708110796],[139.72658883370775,35.78749125191979],[139.72446216639594,35.78727430666396],[139.72314549956525,35.78838902713193],[139.72224108915498,35.790726532403596],[139.71742552536773,35.79191653242208],[139.70919552535327,35.7920173329336],[139.7052580290349,35.79340789256025],[139.69685968942315,35.798904000319396],[139.69643719871783,35.79770927886017],[139.6919046695649,35.79184955901002],[139.69063713449623,35.79057313504222],[139.6894690797343,35.786796748671065],[139.69127933947004,35.78440900007536],[139.69497961171976,35.78262177557451],[139.69907516208912,35.78226983848231],[139.70215185522397,35.784077333702044],[139.70307822348127,35.78260761305097],[139.70239321707334,35.78107594619803],[139.70446038973523,35.774955667570055],[139.7062509210432,35.768435694251934],[139.7063328276979,35.76695513497157],[139.70831810629568,35.76540653208582],[139.71028089554693,35.765018198531095],[139.71089503267967,35.76362208109424],[139.71326031171407,35.763083198331],[139.71629642024368,35.76072430628176],[139.72172136285064,35.753856838522324],[139.72270247733752,35.7532279462128],[139.72140963714514,35.74631100045235],[139.71951294446683,35.74504266768503],[139.72001180380175,35.741785171248694],[139.72362736710932,35.73993130608494],[139.7259790537904,35.742060441136516],[139.72790907984017,35.74471377572024],[139.73263518806357,35.745088225541224],[139.73178435836155,35.74331294583584],[139.7355573938587,35.74054627958719],[139.74106131043118,35.7423490542655],[139.74421464379088,35.740985441025316],[139.7438790536754,35.739595721365504],[139.74835408647198,35.73869350530106],[139.74955710867368,35.73654100046684],[139.75276044164116,35.73505738708877],[139.7536246172823,35.735157946582035],[139.75993739309627,35.731577946065386],[139.76093710826103,35.732206000206816]]]},"properties":{"N03_001":"東京都","N03_002":null,"N03_003":null,"N03_004":"北区","N03_007":"13117"}},{"type":"Feature","geometry":{"type":"Polygon","coordinates":[[[139.76278878177698,35.73074710829246],[139.7647482228523,35.730141837575786],[139.76605291790793,35.727531558934345],[139.76977211404525,35.728125999880454],[139.77517433222977,35.72612210814884],[139.77674267253633,35.7249357216063],[139.78145544741108,35.72461766737149],[139.78223155604155,35.72612766685842],[139.7844571343893,35.72786017121001],[139.78775824974355,35.72797461353764],[139.7894613363717,35.72874322541958],[139.79120581148177,35.73121822513912],[139.79443581126372,35.73023069419122],[139.79506577286713,35.72897153271009],[139.80143053219342,35.729251801929195],[139.8097186122243,35.7281345858425],[139.81138891136925,35.73297958623897],[139.81414561582756,35.736211801833235],[139.8144970304137,35.73880486565207],[139.8130356419814,35.740735414208075],[139.80910730256005,35.7408604145765],[139.80244364545797,35.73863125243042],[139.7948028021077,35.7398254145113],[139.79242308715584,35.74077513546416],[139.78997530521622,35.742852640437036],[139.78893505850624,35.744399306183084],[139.788688106471,35.74702486520539],[139.79090758831467,35.748489305936744],[139.7911239696955,35.7502995863569],[139.78879591449993,35.752505135004014],[139.78466258181277,35.75386346832448],[139.78247369670385,35.75414874856597],[139.77610481218744,35.753680973398275],[139.77164922273346,35.753611838015956],[139.76441338546942,35.75399489255028],[139.75796394328142,35.754855171429085],[139.75758725055118,35.75316905410864],[139.75088697845138,35.75370572094232],[139.74963749727272,35.75118794656652],[139.749778612593,35.75012044140527],[139.75218639448656,35.74929517133512],[139.75470416346639,35.749188224856766],[139.75538250320005,35.74757710829698],[139.75780027206497,35.74761017097268],[139.75719914452498,35.74546183809343],[139.7603155256411,35.743451838031945],[139.76288386529825,35.74365710828897],[139.76589053272198,35.741618505289864],[139.76817691333395,35.74146238747926],[139.76900522760923,35.739259333551445],[139.7711246697678,35.73789877530828],[139.76624158218328,35.736157387453545],[139.76376241210573,35.73493377527359],[139.76342044130035,35.73369238709404],[139.7613212842499,35.73380989251257],[139.76093710826103,35.732206000206816],[139.76278878177698,35.73074710829246]]]},"properties":{"N03_001":"東京都","N03_002":null,"N03_003":null,"N03_004":"荒川区","N03_007":"13118"}},{"type":"Feature","geometry":{"type":"Polygon","coordinates":[[[139.71951294446683,35.74504266768503],[139.72140963714514,35.74631100045235],[139.72270247733752,35.7532279462128],[139.72172136285064,35.753856838522324],[139.71629642024368,35.76072430628176],[139.71326031171407,35.763083198331],[139.71089503267967,35.76362208109424],[139.71028089554693,35.765018198531095],[139.70831810629568,35.76540653208582],[139.7063328276979,35.76695513497157],[139.7062509210432,35.768435694251934],[139.70446038973523,35.774955667570055],[139.70239321707334,35.78107594619803],[139.70307822348127,35.78260761305097],[139.70215185522397,35.784077333702044],[139.69907516208912,35.78226983848231],[139.69497961171976,35.78262177557451],[139.69127933947004,35.78440900007536],[139.6894690797343,35.786796748671065],[139.69063713449623,35.79057313504222],[139.6919046695649,35.79184955901002],[139.69643719871783,35.79770927886017],[139.69685968942315,35.798904000319396],[139.69315664186558,35.8004023329014],[139.6878324772871,35.80084091967274],[139.68189328164965,35.79929869387968],[139.67838189400925,35.7988225864932],[139.67383464385375,35.79916980214472],[139.66976630427155,35.80024146846904],[139.66600433223425,35.800504531858735],[139.65777652476686,35.80050174845695],[139.653362309523,35.80022591919089],[139.64823839248788,35.79763008096353],[139.64369085634803,35.79821841384876],[139.64056834005692,35.7976920271654],[139.63941022010567,35.79284872109167],[139.63754131018334,35.79084927907104],[139.6342310253416,35.79033538756812],[139.631567082355,35.788202612960276],[139.6316923615134,35.7863359459472],[139.6278748122728,35.78465764013805],[139.62773703073947,35.783129027382756],[139.62452669385186,35.78081125233746],[139.62471391741337,35.77982569430043],[139.62518946811952,35.77793402703378],[139.62870058416468,35.777495414182056],[139.62939642020865,35.776880973078505],[139.62939386523476,35.772048775430676],[139.63020888573158,35.772337107971225],[139.63472968952362,35.769874613122965],[139.63483024631887,35.76879738718969],[139.6405189115186,35.76910933322921],[139.64296422841642,35.77092597365481],[139.6459364464099,35.769184586699396],[139.6479142543394,35.76861597324864],[139.6511242800616,35.7691737210904],[139.66113335941702,35.76866922570423],[139.66724033707192,35.7672911711507],[139.66901477321323,35.766538414316415],[139.67069552517842,35.762044559608796],[139.67369661500686,35.75840510850901],[139.673194617038,35.75538874819222],[139.6750248642062,35.75188736011364],[139.67207391697775,35.74522017137389],[139.67587922284793,35.745394612871166],[139.6808406108056,35.74381738726265],[139.6791963946979,35.740185198188385],[139.6807602725686,35.73875602706903],[139.68258666704116,35.739102135655116],[139.68961144061552,35.74132377497227],[139.69257758818526,35.74363433295815],[139.6945348124317,35.742226838198064],[139.6988659141307,35.7423929465773],[139.6992217255023,35.73972519855914],[139.7009928665276,35.73990825196432],[139.70220727684443,35.73734213543128],[139.7040503375531,35.737152414452396],[139.70830316585852,35.741637945934485],[139.71042849497917,35.74579266719786],[139.7137832171219,35.74528127940755],[139.71480182974074,35.74574461282367],[139.71951294446683,35.74504266768503]]]},"properties":{"N03_001":"東京都","N03_002":null,"N03_003":null,"N03_004":"板橋区","N03_007":"13119"}},{"type":"Feature","geometry":{"type":"Polygon","coordinates":[[[139.67796905302941,35.73067855926814],[139.67928214055837,35.73359327910657],[139.67874185575215,35.73442299992155],[139.68075219215996,35.73787325254864],[139.6807602725686,35.73875602706903],[139.6791963946979,35.740185198188385],[139.6808406108056,35.74381738726265],[139.67587922284793,35.745394612871166],[139.67207391697775,35.74522017137389],[139.6750248642062,35.75188736011364],[139.673194617038,35.75538874819222],[139.67369661500686,35.75840510850901],[139.67069552517842,35.762044559608796],[139.66901477321323,35.766538414316415],[139.66724033707192,35.7672911711507],[139.66113335941702,35.76866922570423],[139.6511242800616,35.7691737210904],[139.6479142543394,35.76861597324864],[139.6459364464099,35.769184586699396],[139.64296422841642,35.77092597365481],[139.6405189115186,35.76910933322921],[139.63483024631887,35.76879738718969],[139.63472968952362,35.769874613122965],[139.63020888573158,35.772337107971225],[139.62939386523476,35.772048775430676],[139.62939642020865,35.776880973078505],[139.62870058416468,35.777495414182056],[139.62518946811952,35.77793402703378],[139.62471391741337,35.77982569430043],[139.62428469528254,35.77413017087076],[139.62560163460785,35.77301544140954],[139.62408328131846,35.7712532252562],[139.6229921140948,35.766871864944676],[139.61772905305338,35.76664797332535],[139.6168176657028,35.76843658637944],[139.61723297082506,35.77034822489071],[139.61485547360132,35.77087350540802],[139.6102073932567,35.770571027431004],[139.6087490274457,35.768837135425485],[139.6071445784596,35.76937602718198],[139.60635683529972,35.77094964021376],[139.60383736750055,35.770116586511335],[139.6031665245156,35.77085964055999],[139.59864428000958,35.769096306549386],[139.59739014304068,35.770976027221934],[139.5984401437977,35.772141586365194],[139.60438380007236,35.77501738714278],[139.59693849541532,35.776412107932515],[139.59720075211305,35.77836600019083],[139.59414352840122,35.778703504962834],[139.59341406041062,35.777188225556245],[139.5887609996205,35.77852850498658],[139.58653763900088,35.77518183807143],[139.58398486480974,35.77483183811887],[139.5836867836182,35.77278074803314],[139.58224258123016,35.771207135001305],[139.57816508475094,35.770851306542625],[139.5768894944547,35.76807436014366],[139.57433671936417,35.76819102739404],[139.5745908956534,35.76622797284273],[139.5699961352135,35.7653679736531],[139.57107557707627,35.76334269411012],[139.56823805414297,35.7635082521042],[139.5651602728284,35.76186133353377],[139.56278583779624,35.76159522503963],[139.56777022051938,35.75506550486921],[139.56769688710176,35.753223838109705],[139.56901050612998,35.751922171071385],[139.56779547348242,35.75006050518823],[139.56883075233736,35.7475885593646],[139.5667654736477,35.74743133358925],[139.56816406062296,35.74275941401578],[139.56825208806345,35.73808025220194],[139.567330117491,35.73636080240914],[139.5694237221271,35.73415608113828],[139.5659997800659,35.72704777493493],[139.5652575623867,35.72426777533764],[139.56563975447114,35.7216569463111],[139.57395447511897,35.71942861333986],[139.5763200257486,35.71822805438126],[139.57943917048135,35.71555919839835],[139.58203138803822,35.713943640086995],[139.58665136277023,35.71191225234861],[139.58644496836064,35.71408558638075],[139.58508722409613,35.71610225221724],[139.58509416326513,35.71801780188008],[139.58681224428972,35.7197586402491],[139.58945364576925,35.72028058608021],[139.59384613519103,35.71829197369567],[139.5956533597148,35.72154474869126],[139.59979756250755,35.7239144685779],[139.6019481454906,35.72600808130795],[139.60955289275182,35.72870833352283],[139.6153945784971,35.73028527944217],[139.61599486427167,35.7298313871089],[139.62178014363883,35.73044889220267],[139.6245454222335,35.730145558970435],[139.6264754473841,35.73320861298714],[139.6283360313828,35.735289440955],[139.63354328139735,35.735283613348145],[139.6350735282208,35.73230444089728],[139.63643046759205,35.73227833357828],[139.63827182948137,35.72802666719696],[139.63993433240353,35.72630972111676],[139.64357377451017,35.725308333213036],[139.64739713427036,35.72548944138464],[139.64743549934883,35.726745000181666],[139.65178160803487,35.72632666704209],[139.65645302218934,35.726364441266014],[139.66225085609221,35.726923865444064],[139.66343282786283,35.7281160813921],[139.66470092141049,35.73097136053991],[139.670393191093,35.7323310545346],[139.67145542262972,35.733540505090275],[139.67467961177476,35.73305855930511],[139.67796905302941,35.73067855926814]]]},"properties":{"N03_001":"東京都","N03_002":null,"N03_003":null,"N03_004":"練馬区","N03_007":"13120"}},{"type":"Feature","geometry":{"type":"Polygon","coordinates":[[[139.82036289188693,35.74342872069033],[139.81716457878235,35.74913872167474],[139.81453878143964,35.75233733320141],[139.81346710882008,35.754469559222855],[139.81321046748917,35.75901622571831],[139.8135401958234,35.759666225116234],[139.81716328106063,35.760732613319476],[139.81973717313213,35.76044900042109],[139.82025269870314,35.7559787214409],[139.82354102569786,35.75586900055396],[139.8243971982721,35.76135622570928],[139.82624691306467,35.761684837984944],[139.82542383913892,35.7591253872269],[139.82754939039216,35.75735010842084],[139.8298666150523,35.75766122528535],[139.83100247768232,35.759079802391],[139.83100666762368,35.762738414446346],[139.83234360607264,35.763836468678164],[139.8358658377383,35.763013694226686],[139.83747778257361,35.76318758623819],[139.83767447509706,35.76576258627438],[139.8416903113589,35.76644425260025],[139.84359561684425,35.76839369411374],[139.8457975879884,35.76951508125603],[139.8512992481618,35.76988227894407],[139.85217978067237,35.76574922504676],[139.8565706108451,35.76442672161596],[139.85807258118473,35.765872558971466],[139.85880036384583,35.76790950541937],[139.8577637225178,35.77082617139075],[139.85431708246745,35.77482227922485],[139.84966708207025,35.77967589242854],[139.84805489082066,35.781872279682034],[139.8452657460174,35.78770672138813],[139.84432050638634,35.79119144143192],[139.84426549935336,35.79385227905948],[139.84674775680355,35.79650641403981],[139.84338666746078,35.79979808111659],[139.8380077566527,35.80080644146415],[139.8366096894856,35.8001553332021],[139.83276549962818,35.795679505404905],[139.830852412309,35.79462922495884],[139.82605016927994,35.793360360692134],[139.8244418298267,35.79494619820855],[139.82247600536346,35.79565008138621],[139.82048630479915,35.79753925213481],[139.8196451886746,35.799587306109345],[139.82075192046477,35.80553533308921],[139.82292111581694,35.80940672114332],[139.82464503254232,35.810645892493994],[139.82492697809766,35.81190450538867],[139.823391997243,35.814152000214676],[139.82105561612389,35.81507700060314],[139.8196536449998,35.811779775716104],[139.8179297282744,35.810424775283195],[139.81329775658628,35.8083208922954],[139.809608301382,35.80831036033493],[139.804711051274,35.80879480263809],[139.80230383955063,35.808553135019224],[139.79884102519327,35.80619397317338],[139.7953532564477,35.80534341416728],[139.7924310254715,35.805290918940784],[139.78792435812272,35.80668927928684],[139.7814946173828,35.807145667238785],[139.77923433239857,35.808248721701204],[139.7771501958249,35.81101844114818],[139.77175522762172,35.8168748380034],[139.770297717066,35.81748566742965],[139.76621883383223,35.81747483869293],[139.76578380028218,35.81574483805389],[139.7612743324446,35.812888171252155],[139.75714627877778,35.81205625249413],[139.75520124574098,35.810731532234456],[139.7519084706994,35.81093764065963],[139.75077319172942,35.81017069432215],[139.7506556683245,35.80666874866387],[139.75529871606295,35.80318402682144],[139.75627647248132,35.80174513493006],[139.7598125815855,35.79893319860827],[139.76076924800248,35.797410414359206],[139.75996978038108,35.79433764046979],[139.75559613535347,35.790029027217884],[139.75626221822688,35.78863930665875],[139.7550008300243,35.786895693881206],[139.7522827505486,35.78623041410236],[139.74885581104695,35.78599958601211],[139.74670302202696,35.786816252268295],[139.74629442314915,35.78388764060219],[139.74261827521332,35.78169625267998],[139.73804907980127,35.780220694529476],[139.7378754476938,35.77742819795304],[139.7361735023054,35.774162639993904],[139.73575319155657,35.7716326402342],[139.73672708268873,35.7702193061761],[139.7404253836246,35.76918736020855],[139.74572649857907,35.76713125190582],[139.75127708277125,35.76743236021531],[139.75497569397317,35.76838402730107],[139.7579384951655,35.770178198165354],[139.7597034767341,35.768786802169245],[139.7601043063687,35.766759865175686],[139.75816511083121,35.76459319871719],[139.7488878341063,35.759810720988014],[139.74834282785923,35.75809100049935],[139.75006756206835,35.75646017169964],[139.75796394328142,35.754855171429085],[139.76441338546942,35.75399489255028],[139.77164922273346,35.753611838015956],[139.77610481218744,35.753680973398275],[139.78247369670385,35.75414874856597],[139.78466258181277,35.75386346832448],[139.78879591449993,35.752505135004014],[139.7911239696955,35.7502995863569],[139.79090758831467,35.748489305936744],[139.788688106471,35.74702486520539],[139.78893505850624,35.744399306183084],[139.78997530521622,35.742852640437036],[139.79242308715584,35.74077513546416],[139.7948028021077,35.7398254145113],[139.80244364545797,35.73863125243042],[139.80910730256005,35.7408604145765],[139.8130356419814,35.740735414208075],[139.8144970304137,35.73880486565207],[139.81658316528092,35.74146483813183],[139.82036289188693,35.74342872069033]]]},"properties":{"N03_001":"東京都","N03_002":null,"N03_003":null,"N03_004":"足立区","N03_007":"13121"}},{"type":"Feature","geometry":{"type":"Polygon","coordinates":[[[139.8421547734241,35.71931091906373],[139.8513555771982,35.710853135164086],[139.8545425550949,35.71282925236818],[139.85626810678775,35.71445786523833],[139.86223980572254,35.712832586155],[139.86660620041584,35.712911171613314],[139.86856871627333,35.71458200045902],[139.86626900141334,35.71852977512907],[139.86874263346579,35.72380089229739],[139.87055347686157,35.724708387382236],[139.8702718289818,35.728754505615996],[139.87218297016796,35.73004450485007],[139.87193131018194,35.73243450534818],[139.87351299642773,35.73517227907746],[139.87379299674944,35.73686477528918],[139.8769346694994,35.73764672141908],[139.87757858678242,35.74091505468607],[139.8799146954069,35.74012727915067],[139.88185277668435,35.74438246817641],[139.88394661514428,35.74486253257987],[139.88489756277238,35.74653583815848],[139.8828286382311,35.74748474792284],[139.88270642036503,35.74954030584047],[139.88591503235295,35.75067253251143],[139.88998228375544,35.75076502688455],[139.88404508461304,35.75740530611006],[139.88320841833388,35.75862336047976],[139.88266649856007,35.7620055865886],[139.87946153062524,35.76752446787992],[139.8807593395719,35.77166613548383],[139.88284741967277,35.7735347486298],[139.88848380008733,35.77578583804603],[139.8934174457586,35.77831555901588],[139.89446358033,35.77991777498539],[139.89377805411402,35.78274638743591],[139.88723972833088,35.784019170948056],[139.88311664161984,35.782568613051126],[139.87724939084683,35.781166108629066],[139.87454243868262,35.78177586516409],[139.8713410896197,35.78557669420911],[139.87155469569268,35.78797889221215],[139.8732583407999,35.790395000029264],[139.87595863798083,35.792186667181],[139.87660503199675,35.793827505435104],[139.87474810644005,35.79654027891081],[139.87077061007562,35.79731666723046],[139.86771557711222,35.79668333316937],[139.8638486128233,35.79482777548151],[139.85989500604978,35.79533335994665],[139.85648525349177,35.790959468504695],[139.8545719206577,35.79105391890329],[139.8526480297828,35.79215697336571],[139.84674775680355,35.79650641403981],[139.84426549935336,35.79385227905948],[139.84432050638634,35.79119144143192],[139.8452657460174,35.78770672138813],[139.84805489082066,35.781872279682034],[139.84966708207025,35.77967589242854],[139.85431708246745,35.77482227922485],[139.8577637225178,35.77082617139075],[139.85880036384583,35.76790950541937],[139.85807258118473,35.765872558971466],[139.8565706108451,35.76442672161596],[139.85217978067237,35.76574922504676],[139.8512992481618,35.76988227894407],[139.8457975879884,35.76951508125603],[139.84359561684425,35.76839369411374],[139.8416903113589,35.76644425260025],[139.83767447509706,35.76576258627438],[139.83747778257361,35.76318758623819],[139.8358658377383,35.763013694226686],[139.83234360607264,35.763836468678164],[139.83100666762368,35.762738414446346],[139.83100247768232,35.759079802391],[139.8298666150523,35.75766122528535],[139.82754939039216,35.75735010842084],[139.82542383913892,35.7591253872269],[139.82624691306467,35.761684837984944],[139.8243971982721,35.76135622570928],[139.82354102569786,35.75586900055396],[139.82025269870314,35.7559787214409],[139.81973717313213,35.76044900042109],[139.81716328106063,35.760732613319476],[139.8135401958234,35.759666225116234],[139.81321046748917,35.75901622571831],[139.81346710882008,35.754469559222855],[139.81453878143964,35.75233733320141],[139.81716457878235,35.74913872167474],[139.82036289188693,35.74342872069033],[139.82382260702775,35.73770789240535],[139.82976703042414,35.73117955898948],[139.83710977999237,35.72395510804188],[139.8421547734241,35.71931091906373]]]},"properties":{"N03_001":"東京都","N03_002":null,"N03_003":null,"N03_004":"葛飾区","N03_007":"13122"}},{"type":"Feature","geometry":{"type":"MultiPolygon","coordinates":[[[[139.85560474706153,35.63856361371984],[139.8525379518651,35.640209972911975],[139.8508255257775,35.64027505415049],[139.84991922229437,35.63839110846294],[139.85560474706153,35.63856361371984]]],[[[139.83540158251708,35.70301650490785],[139.84381216639838,35.699535640257636],[139.845111608514,35.6985575861637],[139.8477063046023,35.69496702760631],[139.84788933912182,35.69054730671286],[139.84758822361766,35.68809397325833],[139.84551483843916,35.681288413929224],[139.84822678363923,35.67913453223292],[139.84688700423192,35.67384953223018],[139.845542970132,35.65671677545885],[139.85038140098095,35.656526081413574],[139.84944116697636,35.64276150513939],[139.85188428053516,35.64212974848914],[139.85338953340033,35.64106163988282],[139.85798810606627,35.6391690544084],[139.86177319157957,35.638489505086625],[139.86611092128203,35.63858525230762],[139.86904313922957,35.63913300058755],[139.87146061041892,35.63864172163818],[139.8796043582546,35.64275002709212],[139.88349438475814,35.645118639913335],[139.8869039169822,35.65373364059508],[139.88738922263462,35.656165586372765],[139.88711044179354,35.6645133607031],[139.8872332568094,35.66879086550608],[139.8856496631015,35.67207364008647],[139.88562330756963,35.67486169401201],[139.88643192039683,35.67856613551879],[139.88794500635697,35.67999336050525],[139.89355836682523,35.68200280208771],[139.90378863803528,35.6831158381255],[139.90593725060364,35.68367194650318],[139.90864586381565,35.68550555893444],[139.9138525292709,35.690929720929944],[139.918735032296,35.69770944093801],[139.91864946809858,35.69983889255093],[139.91698644626752,35.70352277555571],[139.91621092129708,35.70800138765395],[139.91343732846997,35.710507775713324],[139.90812345033703,35.71386225234113],[139.905698197314,35.71783863984143],[139.90398236099725,35.719589748468195],[139.8986543320318,35.72345113516184],[139.89720797756615,35.726750306181714],[139.89793856071606,35.731871694323274],[139.90088581173086,35.73745753193958],[139.9009666409977,35.740062532459945],[139.8994505584966,35.74438558612593],[139.89666114119882,35.746705306404806],[139.8928780800594,35.748081973304465],[139.88998228375544,35.75076502688455],[139.88591503235295,35.75067253251143],[139.88270642036503,35.74954030584047],[139.8828286382311,35.74748474792284],[139.88489756277238,35.74653583815848],[139.88394661514428,35.74486253257987],[139.88185277668435,35.74438246817641],[139.8799146954069,35.74012727915067],[139.87757858678242,35.74091505468607],[139.8769346694994,35.73764672141908],[139.87379299674944,35.73686477528918],[139.87351299642773,35.73517227907746],[139.87193131018194,35.73243450534818],[139.87218297016796,35.73004450485007],[139.8702718289818,35.728754505615996],[139.87055347686157,35.724708387382236],[139.86874263346579,35.72380089229739],[139.86626900141334,35.71852977512907],[139.86856871627333,35.71458200045902],[139.86660620041584,35.712911171613314],[139.86223980572254,35.712832586155],[139.85626810678775,35.71445786523833],[139.8545425550949,35.71282925236818],[139.8513555771982,35.710853135164086],[139.8421547734241,35.71931091906373],[139.83904642015122,35.71711427939409],[139.83549642052344,35.7178695594327],[139.83315944225455,35.715757891913256],[139.833629442345,35.71401817140156],[139.83596914466034,35.7121992790735],[139.8393127763636,35.71087094623721],[139.8394952533033,35.70981455939443],[139.83564022032,35.70668538722089],[139.8343882749989,35.70473233313072],[139.83540158251708,35.70301650490785]]]]},"properties":{"N03_001":"東京都","N03_002":null,"N03_003":null,"N03_004":"江戸川区","N03_007":"13123"}},{"type":"Feature","geometry":{"type":"Polygon","coordinates":[[[139.33123007820564,35.713460640296375],[139.32908703064197,35.71230833356282],[139.32763808073287,35.71039622560539],[139.3252048381329,35.71292074849379],[139.32293717331197,35.71628022535219],[139.31923705664497,35.719061946251884],[139.31589814548306,35.71424750571788],[139.31359313901226,35.71395055947079],[139.30849649841468,35.71588610825734],[139.30840538360167,35.71499333327574],[139.3049356426659,35.71154944155353],[139.30349980577148,35.71255417133801],[139.29584953302958,35.71146472092016],[139.29426038960537,35.71337555903489],[139.29141538341332,35.71365083791591],[139.28877428050873,35.71314194664359],[139.28538038929355,35.713352225225094],[139.28317955938917,35.71278110806173],[139.28185150534273,35.713644441038184],[139.27690260716963,35.713965559263215],[139.27432289198794,35.71497500059587],[139.2719834504759,35.71452472083922],[139.27221594051332,35.71264638692128],[139.27074983153955,35.71069472138436],[139.2689748387179,35.710027775161734],[139.26086177754905,35.71044055948431],[139.2581070560958,35.712243333263245],[139.25509927441203,35.71269000044322],[139.25194566855782,35.71226194653167],[139.24963036305087,35.71049277502158],[139.24635841810652,35.710944170836854],[139.24506094730498,35.71335472084377],[139.24332177717838,35.712479441273274],[139.24109150526886,35.71404553237545],[139.23734455370823,35.71330636070002],[139.23583121953527,35.714473865076855],[139.23312622609456,35.71531525189744],[139.23005177766743,35.71536997294595],[139.2288570562082,35.71628441439424],[139.2262856687487,35.71592302722598],[139.2239501177038,35.71660802733862],[139.22200092170522,35.716199387092104],[139.2190409210018,35.71683494607595],[139.21724535708768,35.7188677214682],[139.2148198054897,35.71649661302831],[139.21012894979128,35.71361883823886],[139.2069136711291,35.71275966732486],[139.2044955776089,35.70738883782468],[139.20434031145624,35.704956892046994],[139.20534808004993,35.703202441539474],[139.20480749756803,35.69972883801552],[139.20054333330825,35.69912938771114],[139.20011496823122,35.694162171247285],[139.20016160797195,35.69013438749204],[139.1993902207821,35.68824550542581],[139.19563050604313,35.688431892617814],[139.19326688715717,35.68905827941609],[139.19137185552677,35.68782855904084],[139.18689131078543,35.68802574798991],[139.18406963750385,35.689052694626184],[139.1819868616044,35.68805853187581],[139.17895158224974,35.68921797293115],[139.17399155676503,35.68923325241275],[139.17141489028506,35.68874269471962],[139.17079875575803,35.68347353267745],[139.16999930072723,35.68011158628076],[139.16804622685197,35.67699380222223],[139.16598455354438,35.674994919579945],[139.16477369644895,35.67044686543056],[139.1616036716722,35.66790658641986],[139.16514338525906,35.66495964027524],[139.16513422836204,35.663337135600386],[139.16716894898786,35.661831585958964],[139.1669308561742,35.659618251880886],[139.1683603114792,35.65855574784956],[139.16858474718845,35.65669522500468],[139.16777919655271,35.653719666929135],[139.16674555176587,35.65273800025858],[139.16702167331164,35.65101299985014],[139.16933749772738,35.65147522530145],[139.17179138876168,35.65034133308609],[139.175246135301,35.649731613423285],[139.1761178085901,35.648187999976244],[139.1791628024215,35.645567747853306],[139.18109252899706,35.64574386568688],[139.18405642016774,35.64508858636924],[139.18808367152428,35.64657441387817],[139.19153394303714,35.64739802739712],[139.19255894983576,35.65037386516178],[139.19412425403118,35.65182386547906],[139.19573007808071,35.65128746844198],[139.1980300780258,35.65294858640817],[139.20526538379045,35.65157805468351],[139.2069448380339,35.64987694656389],[139.21146121985953,35.64911666690068],[139.21479038956488,35.64693777505835],[139.2157348386919,35.645559721404084],[139.21481260731605,35.64396138690853],[139.21446341135743,35.641396667022605],[139.21553286624885,35.63913697289303],[139.21545924864552,35.636943360048065],[139.2166495337491,35.634735305889706],[139.21854202299608,35.633651414181486],[139.2191595334857,35.631972252217736],[139.22143396930232,35.62946641454346],[139.21947894929417,35.626677532342285],[139.22023228349315,35.6255716944782],[139.22544980556415,35.62375310791964],[139.22720978060693,35.621103667400405],[139.22887450125734,35.62022589221118],[139.23038450164347,35.61712838696553],[139.22988144067597,35.61456755934546],[139.23455172528202,35.61168702723455],[139.23668282715084,35.609747027703236],[139.23797978084224,35.60935008134123],[139.2386375620739,35.60697674797859],[139.24264255520984,35.60628591935972],[139.24538756218635,35.605161747916384],[139.24687000015047,35.60522053210195],[139.2507483921247,35.60320066737694],[139.25222367148535,35.601667333180956],[139.25770533163586,35.604230667211596],[139.2613003373408,35.602853171136985],[139.26477505872208,35.60245869431333],[139.26613505848627,35.60562674867555],[139.26584199731042,35.60735146849555],[139.26879949430133,35.60935453208606],[139.2688039693278,35.612122306299455],[139.27153452779623,35.61397758609678],[139.27335730249763,35.613799252333706],[139.27558980562515,35.61548338754835],[139.2769506363628,35.61858505395713],[139.2790800780832,35.61878838707446],[139.2799156426928,35.62006617171653],[139.28185286601706,35.619787279359514],[139.2827800787377,35.62078977522799],[139.28567616102612,35.620797838549436],[139.28703396914239,35.622026721655914],[139.28922894985624,35.62022977548378],[139.29205061054734,35.62102561344136],[139.29352644658832,35.6205325592303],[139.2937411678207,35.61833310798659],[139.29678642065687,35.6155017211276],[139.29803669323883,35.61610727962733],[139.30348836639507,35.615177252028616],[139.3076172501361,35.61624002765518],[139.31012693960668,35.615781973259516],[139.31362778269613,35.61446391967422],[139.315300558574,35.612910865144386],[139.31749861227115,35.61524113537013],[139.3215008040189,35.61554027956032],[139.32278581111632,35.61481917166748],[139.32555691372067,35.614980000126934],[139.326385811656,35.61575722571547],[139.32843914465082,35.61500194628286],[139.3301283016798,35.61641250503311],[139.33106386550503,35.61540861341683],[139.3357568876703,35.61488777555047],[139.33737522758474,35.614208054458175],[139.33857272435182,35.619580838185186],[139.337394968603,35.62104444164771],[139.33805275073394,35.623366946227634],[139.34004941654734,35.62078833361477],[139.3415671735862,35.61974913551427],[139.33951577233506,35.61707833339841],[139.3416598577163,35.61369533297329],[139.34753000070907,35.60891272124513],[139.35161461712096,35.60868325203052],[139.3536535025072,35.607324135400575],[139.35957325660058,35.60647230655178],[139.36158041570366,35.6054224685721],[139.3658327242009,35.608720414715435],[139.36892875545777,35.60638525217769],[139.371336913268,35.605828586220355],[139.37338802943407,35.60421922513717],[139.375899468086,35.60431246864556],[139.37822749720135,35.603672946349434],[139.3798121143377,35.60248427912626],[139.38167763921172,35.60212310869457],[139.3863910517057,35.59867944090354],[139.38834900170514,35.602406946423514],[139.38751014377817,35.604827225296276],[139.3898293001821,35.60668753230385],[139.39146680914598,35.606787802215365],[139.39390114172443,35.60818872113265],[139.39366620013504,35.608627360064645],[139.3985272768124,35.611954946063975],[139.40081866484957,35.61456183785856],[139.40125408600738,35.6163186670729],[139.40285966364263,35.617730054098786],[139.40470744579204,35.62077313507217],[139.4073877564399,35.621343973445676],[139.4078685861664,35.6226036943051],[139.411791115068,35.62435038726062],[139.41319141435235,35.62561691868592],[139.41566966352423,35.62562386504936],[139.41984136218923,35.628597558830336],[139.42352577219674,35.62990233302628],[139.42501586339142,35.62986217110239],[139.42718192010955,35.631982919076506],[139.42978703034726,35.631967413865084],[139.42958308663918,35.63397380208722],[139.42679674407452,35.637979333179715],[139.42383758873382,35.63956683803917],[139.42274011726272,35.64113989259204],[139.41772230943707,35.6431170808886],[139.41556233573328,35.64521291944072],[139.41500372274368,35.647034000718634],[139.41177341101422,35.646034558947804],[139.4090678599938,35.644679559414215],[139.40640396916785,35.645256747900646],[139.39936114170337,35.64119033286761],[139.39823085666876,35.639772838545696],[139.39628474714345,35.64045255963799],[139.39201280284863,35.639592532569395],[139.39087197146432,35.64092446808979],[139.3873747472469,35.640720306696835],[139.38523031113004,35.64131613543134],[139.38202197163673,35.641316414221194],[139.37808416325356,35.639322504829806],[139.37882669299756,35.6422719465931],[139.37856474746513,35.644100279104634],[139.37654946838336,35.6454030541077],[139.37301474783237,35.64381389269704],[139.36880121900117,35.64431653188251],[139.36544141478953,35.64640583865855],[139.36129089515873,35.65053972083149],[139.35814869001013,35.65411194670901],[139.35735369651593,35.65580833338794],[139.359404254203,35.656816108276814],[139.3588892745205,35.65935889189939],[139.36216955977739,35.66054777495992],[139.3724248645159,35.66575253205377],[139.37046985709833,35.668562252446065],[139.37316321780827,35.6734528026048],[139.37650214066127,35.676453640623095],[139.3767113103787,35.67838280242444],[139.37511605785983,35.68218725214001],[139.37601328178755,35.68359086542614],[139.3752005320789,35.68578225244903],[139.37877719880873,35.68848141468561],[139.37626639417886,35.69163141425844],[139.36762549931746,35.692141441374474],[139.3633266670921,35.69374446853243],[139.35385167351603,35.693125865366426],[139.35219747133635,35.69248586553033],[139.34644688781373,35.69198466705876],[139.34038722439095,35.69365336001459],[139.33603333297197,35.6961047482356],[139.33566863809722,35.699220586161175],[139.33682169936196,35.70151113513083],[139.33300422836248,35.70511558641522],[139.33132169933697,35.70976655897954],[139.33144080464945,35.71187613557527],[139.33248616130732,35.712611802592676],[139.33123007820564,35.713460640296375]]]},"properties":{"N03_001":"東京都","N03_002":null,"N03_003":null,"N03_004":"八王子市","N03_007":"13201"}},{"type":"Feature","geometry":{"type":"Polygon","coordinates":[[[139.4144161093161,35.73302808128096],[139.4094573932441,35.73259433286222],[139.40882214002977,35.73362453234637],[139.40237394340284,35.7340033330874],[139.40027719833415,35.73376364037978],[139.39827302228218,35.734935865297984],[139.39530966351026,35.73350336039181],[139.3880680031359,35.73938253257785],[139.3870713627532,35.74120530637981],[139.38490077884796,35.74151530628643],[139.38508632967046,35.73763974807599],[139.38728883321312,35.737046414060785],[139.3911299482885,35.73365919851324],[139.38852713402014,35.73366641467334],[139.38385963731253,35.73552308122527],[139.38349603151676,35.73303363999054],[139.3811621406204,35.73486308136614],[139.37847797727693,35.73351530608653],[139.37796214054038,35.735092802390966],[139.37404852122233,35.73666613483431],[139.37027380039558,35.737356413967404],[139.36946566870574,35.735877333172425],[139.36546269814505,35.73906361319524],[139.3598763047478,35.73957861356223],[139.35900739327667,35.73733110794433],[139.35291544778977,35.7360597210793],[139.35346155660557,35.73305805388611],[139.35249072676572,35.73285555893693],[139.35334958561498,35.72795891946862],[139.355302114501,35.72629764052374],[139.3550474975441,35.725078468296715],[139.35716878151413,35.725800559148524],[139.36246761308996,35.72417391939092],[139.36186596664106,35.72629225268537],[139.36680763966092,35.72511697366946],[139.36983819757484,35.72577808149333],[139.3700481973665,35.72450946813751],[139.37328211447812,35.72529017140431],[139.37635985712177,35.72545225261939],[139.37770847056947,35.72421169451417],[139.38009155618045,35.725589748168375],[139.38179070018077,35.7231161350017],[139.3793148647892,35.721722532069236],[139.38249513644143,35.72075586519105],[139.38550236144488,35.72045697371044],[139.3888454220786,35.717895865501816],[139.3870973279794,35.71667197363274],[139.38898817146696,35.71439308167544],[139.39103875523438,35.71533308095695],[139.39457566833244,35.71163422513945],[139.39570011766637,35.712887559013666],[139.39840066126158,35.71108283820246],[139.39561063602207,35.70668061361948],[139.3945125817903,35.70615477552252],[139.39340092171528,35.7032101352396],[139.39396092145944,35.70241961317464],[139.39295089556742,35.69907589243854],[139.39023616156965,35.698790891886176],[139.38852975464454,35.69515477547259],[139.3885888850691,35.69306977554976],[139.38508861214984,35.69128255914285],[139.38769333298103,35.69038172083981],[139.39513583714927,35.689179505329946],[139.4056386128318,35.68559980248892],[139.41314972807754,35.683450081056435],[139.4175683661872,35.68276066707119],[139.4193053050958,35.68486261291929],[139.4214997803906,35.688581775428645],[139.42470422776418,35.686712333256665],[139.4270467448115,35.688831775266294],[139.42841175110152,35.69111983761047],[139.43121591458282,35.690280667618765],[139.43105094744328,35.6935745596183],[139.42989955981693,35.693933171478704],[139.4316468094528,35.6969373064116],[139.42751844462055,35.6983623064753],[139.42559374885252,35.70188313519856],[139.42727291801077,35.70362925168865],[139.42960822264138,35.704402027431684],[139.4303182230077,35.70354286461156],[139.43562849575858,35.70372869422391],[139.4320365891174,35.71054841427792],[139.4317088077136,35.71164897328462],[139.4282646696788,35.71735950533696],[139.43334024635533,35.718402838520205],[139.43655189431777,35.71477202735293],[139.44161219164937,35.71582674760634],[139.4433680298108,35.71290841429192],[139.44416024619852,35.71285508089733],[139.44612197155186,35.722875333429954],[139.43562834017587,35.72475589227065],[139.43358277642403,35.72708450504592],[139.4244494424878,35.72968033338071],[139.42643834085686,35.73017005470433],[139.425802217998,35.73104363995208],[139.42175805399108,35.73130280208272],[139.4162247214938,35.73208364024788],[139.4144161093161,35.73302808128096]]]},"properties":{"N03_001":"東京都","N03_002":null,"N03_003":null,"N03_004":"立川市","N03_007":"13202"}},{"type":"Feature","geometry":{"type":"Polygon","coordinates":[[[139.58665136277023,35.71191225234861],[139.58203138803822,35.713943640086995],[139.57943917048135,35.71555919839835],[139.5763200257486,35.71822805438126],[139.57395447511897,35.71942861333986],[139.56563975447114,35.7216569463111],[139.56189808013232,35.72197277472384],[139.55722280159114,35.72172833269644],[139.5545836457187,35.720776667409325],[139.54940610930453,35.716918613603184],[139.54086885951028,35.71315222499521],[139.53736108984253,35.71132000021788],[139.53188827542363,35.712596387313454],[139.52942272467908,35.71279250517006],[139.53000053189908,35.71750110808972],[139.52691330759944,35.71851361313668],[139.52645136284013,35.71728305396982],[139.52521744545302,35.71305972113588],[139.52738800315387,35.712815559290675],[139.52716077864704,35.70990917167097],[139.5325427246671,35.709109171650994],[139.53219325621387,35.70291638698171],[139.53355741894504,35.701081946245246],[139.53393464316935,35.69897277527343],[139.53641713444324,35.69829138683809],[139.53651880729717,35.695331387033946],[139.5421907523014,35.69529361370934],[139.5422726984787,35.696703053783764],[139.54901630445897,35.695049999957575],[139.5506949160079,35.69518305450565],[139.5501677172664,35.706780838564896],[139.5624335544651,35.7019333605362],[139.5706629708195,35.6988508649755],[139.57268325642724,35.69895808125051],[139.5766549161915,35.701433667529784],[139.57991516275467,35.69882283850325],[139.58482739376927,35.69724866699244],[139.58671652404837,35.693962865294054],[139.58828680946004,35.695617026700674],[139.59025486437054,35.6948195324955],[139.5940590793631,35.70331172085929],[139.59547325608594,35.70543505438428],[139.59145355363864,35.70877283779629],[139.58665136277023,35.71191225234861]]]},"properties":{"N03_001":"東京都","N03_002":null,"N03_003":null,"N03_004":"武蔵野市","N03_007":"13203"}},{"type":"Feature","geometry":{"type":"Polygon","coordinates":[[[139.59417863883323,35.68214066725807],[139.59361228358011,35.68412789198868],[139.59167477337212,35.68541566719932],[139.59056452703135,35.68700094623671],[139.59316452732116,35.68798955927082],[139.59405481208,35.68899677568072],[139.591894553291,35.690881198008924],[139.58671652404837,35.693962865294054],[139.58482739376927,35.69724866699244],[139.57991516275467,35.69882283850325],[139.5766549161915,35.701433667529784],[139.57268325642724,35.69895808125051],[139.5706629708195,35.6988508649755],[139.5624335544651,35.7019333605362],[139.5501677172664,35.706780838564896],[139.5506949160079,35.69518305450565],[139.54901630445897,35.695049999957575],[139.5422726984787,35.696703053783764],[139.5421907523014,35.69529361370934],[139.53651880729717,35.695331387033946],[139.53641713444324,35.69829138683809],[139.53393464316935,35.69897277527343],[139.53419849526438,35.694880838380016],[139.53136961121868,35.694613612927924],[139.5321476650828,35.68934250565218],[139.52854097358716,35.690671667663366],[139.52683236152438,35.689487505144314],[139.52487513637845,35.69010444096722],[139.5244687552289,35.688414441273494],[139.5262576389789,35.68694055945929],[139.52691736724273,35.68421610828682],[139.52884319166003,35.68285944141013],[139.5286806616832,35.68119750506088],[139.52538927429566,35.680900000334816],[139.5265948379814,35.67913805397808],[139.52625924876543,35.677242775034074],[139.52794396943875,35.67445305466481],[139.52923980527282,35.67372000017792],[139.53049175149317,35.6709516674855],[139.53243591398632,35.66989944090653],[139.53137033697158,35.66769864067976],[139.53440228343868,35.66753861351623],[139.53558953333038,35.66929222495628],[139.53747425423353,35.66702917095955],[139.53745089524273,35.66547446797239],[139.53908116736204,35.66454919868664],[139.54159866474663,35.66427336042727],[139.54438644617767,35.666646694689234],[139.54194564207774,35.66796361333013],[139.54139591439002,35.66989944090653],[139.54224596617848,35.67723861297168],[139.54293875531937,35.68046055920752],[139.54470902759965,35.68032361314431],[139.54543875549427,35.68206277517697],[139.55216263299917,35.680841108230595],[139.55458542277916,35.682123360704566],[139.56087066135206,35.68284253235703],[139.56227092106622,35.67800586507866],[139.56445394349475,35.67226310835582],[139.5643353058298,35.66903117155135],[139.56614389102776,35.664254252531805],[139.56885610962183,35.66350202719684],[139.57301358011273,35.664144278935396],[139.5748938655595,35.66225400022199],[139.57550160851247,35.66004066704318],[139.5777335540604,35.66105427943148],[139.57833635523866,35.66247427926464],[139.5821413625339,35.66502597337001],[139.57980469543043,35.665536775701696],[139.57890805426337,35.66891510864542],[139.5780900003533,35.67023177547611],[139.5783814139711,35.673141775672434],[139.58144583765534,35.67047817083096],[139.586018885763,35.670689306466386],[139.58888941651344,35.669409586483255],[139.58850136264778,35.6705137480111],[139.5845394425413,35.67216344099006],[139.5826744752469,35.67377538762412],[139.58663722452832,35.673978721640765],[139.58678252978996,35.67780817160991],[139.58833780834323,35.67893010823798],[139.58708894949552,35.68055483783553],[139.58773228311838,35.68174927960564],[139.59124367165816,35.68162177552455],[139.59417863883323,35.68214066725807]]]},"properties":{"N03_001":"東京都","N03_002":null,"N03_003":null,"N03_004":"三鷹市","N03_007":"13204"}},{"type":"Feature","geometry":{"type":"Polygon","coordinates":[[[139.33036583781325,35.7936168653261],[139.33036027280843,35.79433853259724],[139.32572944235994,35.795211865135514],[139.3239689115361,35.796867414499616],[139.32224586355585,35.79960797342926],[139.32147172533996,35.802059359851626],[139.3188036967333,35.80773183815387],[139.31833900174365,35.8098293332572],[139.31678900131146,35.811470171511246],[139.31675208863805,35.81268877536672],[139.31502486420618,35.814269054173565],[139.31502930056183,35.81680877560456],[139.31649683586033,35.819359054177085],[139.31615907927812,35.823667667428936],[139.3149215824651,35.82524489213813],[139.3114724126218,35.825278774995525],[139.30677739306225,35.82302933313724],[139.30259182954933,35.82405017157822],[139.30269131075545,35.82601377561531],[139.30118547333097,35.829771000131586],[139.30174050611947,35.831482945981236],[139.3011685606806,35.83495989228527],[139.2963141120067,35.83513961370227],[139.29560438413512,35.8338454416139],[139.29240328148637,35.83700238755017],[139.29091050671457,35.83795710783431],[139.28615632975084,35.83690572122208],[139.2851618945059,35.836015721548335],[139.2828843848066,35.8371685049226],[139.28184577216473,35.83951961333952],[139.27999661585125,35.83930961354787],[139.2718918940957,35.8396882254313],[139.2682404676235,35.83824183859002],[139.26366297056973,35.83741905424603],[139.26050435818968,35.83600127933562],[139.2588046431199,35.83727155913522],[139.2522554733115,35.8382490538508],[139.24681016915406,35.836892946352464],[139.24252795100415,35.8367871078388],[139.2409610253311,35.840154892634246],[139.23721352878135,35.840210721647566],[139.23567461699008,35.83833517113129],[139.2325348903729,35.836636000151316],[139.23066350281852,35.83674183866498],[139.22774433223526,35.83904572098328],[139.22454710836246,35.84049905418806],[139.22009294433394,35.841361000409904],[139.21933267276472,35.84252099994427],[139.21394350249068,35.845438504983065],[139.21264936457658,35.846611279387105],[139.2096801692045,35.84618183782163],[139.20746766520062,35.8464198919645],[139.20490099918186,35.84456655919939],[139.20480238762013,35.84302794598295],[139.20313791248475,35.841199054093124],[139.19931124501795,35.84124294640492],[139.1958095592638,35.84004600002294],[139.19244150557108,35.84027153200566],[139.1868862260186,35.842865135417696],[139.18415817126265,35.84279153220348],[139.18362817110324,35.84357458629819],[139.17729788638837,35.84659402769228],[139.17435761321337,35.8483120808379],[139.17099538353023,35.84864983831943],[139.16909316541728,35.849984559040195],[139.16616678317052,35.84996761311493],[139.16353066161082,35.85086817082947],[139.1625762003315,35.84955066762927],[139.1646992487714,35.8472520544388],[139.1664186904702,35.84456927964857],[139.16611810646555,35.84297150543068],[139.17108533102328,35.839980387285095],[139.17172033782344,35.840025107872464],[139.17533644612013,35.836066252655485],[139.1773503375481,35.83514986507424],[139.17690031140035,35.83305819847715],[139.17843085679863,35.83058902706199],[139.1752422187535,35.82682819806297],[139.1774116344394,35.82019013566628],[139.1742093644707,35.81282705422524],[139.1755148904998,35.80684150483165],[139.17364544727968,35.806794279632356],[139.17166513653683,35.80509427947749],[139.17153180305036,35.80355289185252],[139.16732121949872,35.80172510792744],[139.16481566870823,35.801600108458274],[139.16093286645867,35.79920036020849],[139.15825814509742,35.798286468245976],[139.15630535720652,35.798625360671906],[139.1546417256352,35.79769480247319],[139.14982005275328,35.796378414432354],[139.14872836662084,35.7944645321125],[139.14692308733072,35.79303144084838],[139.1475591966996,35.79163453200812],[139.14757027274993,35.78901258646175],[139.14687885957176,35.7850631354554],[139.14780941597178,35.782024532206435],[139.14281243824348,35.78104977502716],[139.14048494242627,35.77899450489252],[139.13716046718184,35.77803922523009],[139.13763849552026,35.772431999936884],[139.1393826721727,35.772053666843306],[139.14282102497043,35.776344775690916],[139.14446077864204,35.77695200063437],[139.14655939070337,35.77530369441001],[139.14824160856347,35.77529091954034],[139.1482429962174,35.77788508143141],[139.14913496810436,35.77883619813207],[139.1523396635447,35.775950081231315],[139.15297577201432,35.774142027532605],[139.1546043839852,35.77323535982407],[139.15749438415855,35.77353786568],[139.1586316731133,35.777914532429804],[139.16059997430943,35.777162612864345],[139.16304416345747,35.77824455933899],[139.16567639455002,35.77956427936806],[139.1672405844854,35.78111677541892],[139.17213391714665,35.782208440866896],[139.17561922264906,35.78486264059842],[139.1792150584282,35.786133198288496],[139.1819528663318,35.78763153266914],[139.18618425479963,35.78778430590103],[139.18878955929074,35.78907541399923],[139.19120038898677,35.78867874822572],[139.19553066151093,35.78683294638341],[139.19824483882826,35.78643572123161],[139.19889566830057,35.78445100021355],[139.20213425469217,35.782479613443456],[139.20357202333025,35.78015766734251],[139.20643897567822,35.77843517154599],[139.21053033700548,35.773177694395144],[139.21438396974452,35.77407186512454],[139.21525481206004,35.773237135085765],[139.21790396929282,35.772928531826324],[139.22077481210795,35.7739968652632],[139.22258396927487,35.77244602756218],[139.22389341185158,35.77284436067873],[139.23068674399815,35.76999546851613],[139.23173841839332,35.768889108145856],[139.23374425459372,35.76861800032049],[139.23527396901852,35.76937244158495],[139.2383025816988,35.76825938756076],[139.23836394334137,35.766999946390456],[139.2426414796206,35.766807721699024],[139.24481758806132,35.76740244156946],[139.25076786064835,35.765998000007755],[139.25191282711535,35.76448244091199],[139.25495810603184,35.76293133341437],[139.2568647730909,35.760708279463586],[139.26152671918283,35.759831640118136],[139.26427477306243,35.76055164004623],[139.2671908958432,35.76004136022067],[139.26932282778637,35.76113025215949],[139.274207276045,35.76089219801656],[139.27611255545014,35.761618585829126],[139.28772700469756,35.760919414199634],[139.28814282782935,35.75961358599824],[139.29009116767327,35.76007302714851],[139.29433613500464,35.75536080265897],[139.29654197143486,35.75454525246147],[139.29744199765014,35.760080531991036],[139.29654839259433,35.763151919125846],[139.29663620060023,35.76628246816142],[139.29520761314086,35.76979886502568],[139.29309428007707,35.772036892688504],[139.29213263321446,35.77534189221461],[139.29550319151917,35.77765577499406],[139.2984143320558,35.78127883864755],[139.3019446171504,35.77989494659454],[139.30331878123684,35.77813383840595],[139.3080223614429,35.77723410806766],[139.30918680902403,35.77570550520494],[139.311369857533,35.77676161325792],[139.31228097328835,35.77552466682994],[139.31843988319417,35.77841105442667],[139.3210731916745,35.77721966765358],[139.32374905337622,35.78004522510713],[139.32411988342596,35.78108410844487],[139.32066046760656,35.78336272161238],[139.32078577284517,35.78829855893139],[139.3220491440528,35.789781865640634],[139.32626383930483,35.78703133322949],[139.33007080442417,35.790612413831866],[139.32848275007893,35.79176908137805],[139.33036583781325,35.7936168653261]]]},"properties":{"N03_001":"東京都","N03_002":null,"N03_003":null,"N03_004":"青梅市","N03_007":"13205"}},{"type":"Feature","geometry":{"type":"Polygon","coordinates":[[[139.4640332812556,35.69724705370671],[139.46297243832748,35.69987289232017],[139.46024883341704,35.699849000031406],[139.45940518839882,35.692386774629995],[139.4560365501468,35.69127622521768],[139.45358403417595,35.687664027173184],[139.45293038895093,35.68355680194044],[139.4513603893705,35.68065986516069],[139.4516225813171,35.67938097345319],[139.45072674414394,35.67665041408537],[139.45115172507212,35.67357377490981],[139.45342977976054,35.67166210762025],[139.45080533140094,35.67155489224456],[139.44683616185944,35.67310544126315],[139.44191141408055,35.67209486498609],[139.441477250175,35.670715441664356],[139.4370083660433,35.67218402737103],[139.4360694423509,35.671520694624405],[139.43172888517995,35.672677081582094],[139.42982778222643,35.67081846799795],[139.43104306128828,35.669896802295625],[139.4367444231167,35.66391627921297],[139.44070053270343,35.66018683835193],[139.44201525340134,35.65796102707981],[139.45160635484945,35.65547241412065],[139.4552719204628,35.654327972857686],[139.4678819461949,35.65120797286971],[139.47255027207746,35.64928102699787],[139.47380697840936,35.649333532116884],[139.4739972506726,35.650746865275664],[139.4792456167919,35.65197713513675],[139.4864617517086,35.65265461331978],[139.4890181456709,35.6514996131167],[139.49037481254766,35.65203100003066],[139.49612483849057,35.65188236008288],[139.4994615058439,35.65144846867196],[139.50312260722262,35.64993846828571],[139.50679763909977,35.650878999965926],[139.51209433208783,35.65120177564148],[139.51683516221306,35.649304559557834],[139.52083513623256,35.646194837921485],[139.52096464310387,35.65101953252548],[139.5207132565116,35.65373730623173],[139.5175899488172,35.65640313509664],[139.5174607782924,35.65838508170623],[139.51943691348288,35.660442559676426],[139.5216327764316,35.66420783852101],[139.5232183666344,35.66778919791318],[139.52543061073413,35.669231694287305],[139.52645730286235,35.67238474795778],[139.5250928667425,35.67600917138623],[139.52428732869737,35.67971500054688],[139.5209353575807,35.680532252261685],[139.52049924844164,35.68163391907018],[139.5219256685349,35.68523002734395],[139.52226871672792,35.687361667007394],[139.51826955929278,35.69125197320005],[139.51620844446416,35.69071030613577],[139.51475508427973,35.68914641387596],[139.51457119360578,35.686091414187445],[139.51358814557648,35.68586058609725],[139.5058858884231,35.68656089267114],[139.50302863886066,35.68468366761721],[139.5011253055884,35.6845767481185],[139.50294808028968,35.68727255948107],[139.49989447544976,35.68717619802317],[139.4987100008659,35.685630080863575],[139.49632111552717,35.686737306381644],[139.49578722400122,35.68864341406237],[139.49237917026255,35.68952536030719],[139.48903500616063,35.690955919080466],[139.48840888556174,35.692916748709024],[139.48958752354542,35.69545119831423],[139.48808444973758,35.69497397307043],[139.48645917065426,35.69216650547992],[139.48352635477184,35.69125538704804],[139.47821744527891,35.69037177523728],[139.4773727237723,35.68934010805958],[139.47350744571213,35.68912261331798],[139.46784131032825,35.688350108270924],[139.46558269808315,35.6887826129273],[139.46589075274719,35.69156455951208],[139.4677913107205,35.6924976133742],[139.46681605711535,35.69533538721839],[139.46377325673052,35.69543150496003],[139.4640332812556,35.69724705370671]]]},"properties":{"N03_001":"東京都","N03_002":null,"N03_003":null,"N03_004":"府中市","N03_007":"13206"}},{"type":"Feature","geometry":{"type":"Polygon","coordinates":[[[139.37626639417886,35.69163141425844],[139.38508861214984,35.69128255914285],[139.3885888850691,35.69306977554976],[139.38852975464454,35.69515477547259],[139.39023616156965,35.698790891886176],[139.39295089556742,35.69907589243854],[139.39396092145944,35.70241961317464],[139.39340092171528,35.7032101352396],[139.3945125817903,35.70615477552252],[139.39561063602207,35.70668061361948],[139.39840066126158,35.71108283820246],[139.39570011766637,35.712887559013666],[139.39457566833244,35.71163422513945],[139.39103875523438,35.71533308095695],[139.38898817146696,35.71439308167544],[139.3870973279794,35.71667197363274],[139.3888454220786,35.717895865501816],[139.38550236144488,35.72045697371044],[139.38249513644143,35.72075586519105],[139.3793148647892,35.721722532069236],[139.38179070018077,35.7231161350017],[139.38009155618045,35.725589748168375],[139.37770847056947,35.72421169451417],[139.37635985712177,35.72545225261939],[139.37328211447812,35.72529017140431],[139.3700481973665,35.72450946813751],[139.36983819757484,35.72577808149333],[139.36680763966092,35.72511697366946],[139.36186596664106,35.72629225268537],[139.36246761308996,35.72417391939092],[139.35716878151413,35.725800559148524],[139.3550474975441,35.725078468296715],[139.35294372247483,35.72483669455784],[139.35255980549073,35.72290424303645],[139.3490310897131,35.721548027619406],[139.34627625224732,35.72094553221058],[139.3430695594127,35.721562504905705],[139.34161927401033,35.72130925222024],[139.33884649866707,35.71943889259086],[139.3394484706705,35.71738883852413],[139.33886224399748,35.715864802418764],[139.3334881067908,35.713419108704954],[139.33248616130732,35.712611802592676],[139.33144080464945,35.71187613557527],[139.33132169933697,35.70976655897954],[139.33300422836248,35.70511558641522],[139.33682169936196,35.70151113513083],[139.33566863809722,35.699220586161175],[139.33603333297197,35.6961047482356],[139.34038722439095,35.69365336001459],[139.34644688781373,35.69198466705876],[139.35219747133635,35.69248586553033],[139.35385167351603,35.693125865366426],[139.3633266670921,35.69374446853243],[139.36762549931746,35.692141441374474],[139.37626639417886,35.69163141425844]]]},"properties":{"N03_001":"東京都","N03_002":null,"N03_003":null,"N03_004":"昭島市","N03_007":"13207"}},{"type":"Feature","geometry":{"type":"Polygon","coordinates":[[[139.58888941651344,35.669409586483255],[139.586018885763,35.670689306466386],[139.58144583765534,35.67047817083096],[139.5783814139711,35.673141775672434],[139.5780900003533,35.67023177547611],[139.57890805426337,35.66891510864542],[139.57980469543043,35.665536775701696],[139.5821413625339,35.66502597337001],[139.57833635523866,35.66247427926464],[139.5777335540604,35.66105427943148],[139.57550160851247,35.66004066704318],[139.5748938655595,35.66225400022199],[139.57301358011273,35.664144278935396],[139.56885610962183,35.66350202719684],[139.56614389102776,35.664254252531805],[139.5643353058298,35.66903117155135],[139.56445394349475,35.67226310835582],[139.56227092106622,35.67800586507866],[139.56087066135206,35.68284253235703],[139.55458542277916,35.682123360704566],[139.55216263299917,35.680841108230595],[139.54543875549427,35.68206277517697],[139.54470902759965,35.68032361314431],[139.54293875531937,35.68046055920752],[139.54224596617848,35.67723861297168],[139.54139591439002,35.66989944090653],[139.54194564207774,35.66796361333013],[139.54438644617767,35.666646694689234],[139.54159866474663,35.66427336042727],[139.53908116736204,35.66454919868664],[139.53745089524273,35.66547446797239],[139.53747425423353,35.66702917095955],[139.53558953333038,35.66929222495628],[139.53440228343868,35.66753861351623],[139.53137033697158,35.66769864067976],[139.53243591398632,35.66989944090653],[139.53049175149317,35.6709516674855],[139.52923980527282,35.67372000017792],[139.52794396943875,35.67445305466481],[139.52625924876543,35.677242775034074],[139.5265948379814,35.67913805397808],[139.52538927429566,35.680900000334816],[139.5286806616832,35.68119750506088],[139.52884319166003,35.68285944141013],[139.52691736724273,35.68421610828682],[139.52515708283318,35.686016387346456],[139.5245120881624,35.68793889236605],[139.52226871672792,35.687361667007394],[139.5219256685349,35.68523002734395],[139.52049924844164,35.68163391907018],[139.5209353575807,35.680532252261685],[139.52428732869737,35.67971500054688],[139.5250928667425,35.67600917138623],[139.52645730286235,35.67238474795778],[139.52543061073413,35.669231694287305],[139.5232183666344,35.66778919791318],[139.5216327764316,35.66420783852101],[139.51943691348288,35.660442559676426],[139.5174607782924,35.65838508170623],[139.5175899488172,35.65640313509664],[139.5207132565116,35.65373730623173],[139.52096464310387,35.65101953252548],[139.52083513623256,35.646194837921485],[139.5239226338225,35.64343177525626],[139.52538875538687,35.64264761319686],[139.53088763935318,35.64195844112919],[139.53595097355867,35.63948233324311],[139.54772094706414,35.636693468129124],[139.54942817147298,35.634374586018396],[139.5551092742736,35.63421513532029],[139.55856396955164,35.63374597339799],[139.5619706356957,35.63259069474666],[139.56320622678595,35.63739041393649],[139.56336791229933,35.641370693702584],[139.5650365503966,35.645024586115824],[139.5667376648114,35.647592612808864],[139.56877822293666,35.647477360192056],[139.56947016941285,35.64903125199072],[139.57193044113706,35.6494409732224],[139.57432155679453,35.650744586393614],[139.57652321683085,35.65033846778166],[139.58062930000222,35.64730600067145],[139.58384097328235,35.64849683795876],[139.58557902735026,35.64551127942207],[139.58763819784463,35.64616738701534],[139.58956566802124,35.64514074794721],[139.59206233530858,35.64590991920744],[139.59196124521532,35.651358775687015],[139.5930834768211,35.651524360660744],[139.5923343325635,35.655432108305206],[139.59097878174543,35.655320720974544],[139.58988797784798,35.65725044125492],[139.5897518555638,35.660930721575596],[139.58896856045078,35.66244513493507],[139.5874285604798,35.66255541430098],[139.58770883329612,35.66436625230074],[139.58996050637234,35.66663346835992],[139.58888941651344,35.669409586483255]]]},"properties":{"N03_001":"東京都","N03_002":null,"N03_003":null,"N03_004":"調布市","N03_007":"13208"}},{"type":"Feature","geometry":{"type":"Polygon","coordinates":[[[139.26879949430133,35.60935453208606],[139.27133894953295,35.60984953243002],[139.274273671193,35.611047306188254],[139.2798794944432,35.61148089182973],[139.2828737098539,35.6132664408936],[139.28524841827993,35.61338867584675],[139.28605498155218,35.61251377489083],[139.29260512352766,35.61180827922874],[139.29684473449697,35.6094427483842],[139.29700304845198,35.608000359928724],[139.2987138000019,35.60747822523996],[139.2991999222387,35.6062286496325],[139.30159505876497,35.60599936927554],[139.30477195885885,35.604688081289964],[139.30611910551238,35.60546844101577],[139.3094083534129,35.604211883072026],[139.31403478617653,35.604352568516276],[139.3205636322059,35.606515973133696],[139.32619526599876,35.60468739600657],[139.32710799064137,35.603819333495494],[139.3294851101498,35.60368164908891],[139.3321364851107,35.604288062843864],[139.33789106432118,35.60434692796838],[139.33990149245994,35.60554588343581],[139.34188272410847,35.6045447212619],[139.34244478599817,35.60330744118551],[139.35049616176855,35.60099790123223],[139.35488544780526,35.60030130616042],[139.3567272890332,35.59900931492797],[139.3592470949775,35.59860179343809],[139.36307557727616,35.599040144587036],[139.3666257985418,35.59723987452065],[139.3704743977753,35.594394360211595],[139.3727821660642,35.59497777560392],[139.37524177768591,35.5938899286773],[139.37704542200868,35.591713523460385],[139.38532958549206,35.58819265786491],[139.3886181454111,35.588533080937],[139.39108452712924,35.58525950552183],[139.3942170303917,35.58559894653422],[139.3948250845101,35.58411700049925],[139.3991475886903,35.58465033354611],[139.39977313911913,35.58182619792075],[139.40112049351603,35.57977912600592],[139.40124348929567,35.577533676238204],[139.40324756282484,35.57556525183497],[139.4064971344353,35.57582158649706],[139.4089768611933,35.575329999979544],[139.41071058412626,35.57102394619824],[139.41342705651346,35.566247135097285],[139.41623442338005,35.56381272157989],[139.41618141464062,35.56197150538071],[139.41799802898595,35.56191761350709],[139.42244119340637,35.55943541451285],[139.42391167308529,35.55589264053299],[139.42629255535724,35.554030225514566],[139.42871897570024,35.550377306167775],[139.43198586375672,35.54873930617407],[139.43342664152635,35.54633238762966],[139.4360069394687,35.54682955893702],[139.4381471730536,35.545580802611994],[139.44069500636954,35.54296930628851],[139.44509747107145,35.541130721505624],[139.4481499481617,35.5378023872704],[139.44865050631586,35.535247639966656],[139.45057891178737,35.53350969471671],[139.45431795111267,35.53123822486424],[139.45492058411776,35.530149721432565],[139.45824985724516,35.52804994654787],[139.45696697884307,35.52534413562341],[139.45482308771534,35.522741360025805],[139.45612763977886,35.52032213515844],[139.4608181978017,35.519379360569076],[139.46328486460493,35.51783827961299],[139.46397430646914,35.516434387537004],[139.46404399583378,35.51334938736437],[139.46484814532573,35.51090161351868],[139.46750313915857,35.50776274845214],[139.46826783449308,35.50620553185985],[139.46780085612465,35.50226719827265],[139.47142946859515,35.50205972107932],[139.4738141891736,35.50125222521007],[139.47638308730973,35.5013536129789],[139.48035199784647,35.502970558944185],[139.48486422840153,35.50404750518828],[139.48113089527465,35.50531138721078],[139.47698678331346,35.511214135124305],[139.48035153019907,35.51473413557193],[139.4832832175465,35.51915302729043],[139.4864709994372,35.520301081130015],[139.48574988345047,35.522347748349944],[139.4874685211554,35.52411746844649],[139.48653658969192,35.52657636061059],[139.48779771709098,35.52788246850116],[139.4857730221073,35.53135244146205],[139.4867133073733,35.53560605397627],[139.48484053216487,35.53596355967062],[139.48495693951122,35.538059108640994],[139.4839816733156,35.53918133305211],[139.48163722437846,35.53994577567704],[139.48033252932282,35.543146333336665],[139.48088308708486,35.545957999861855],[139.48239338514668,35.54741633329718],[139.48202644646335,35.55002938724647],[139.48199036386427,35.555629387386375],[139.47972761383835,35.55938855893493],[139.47778538308899,35.56058550531685],[139.47636511076132,35.562498532381426],[139.4752231651171,35.55974853236893],[139.47040983164845,35.56040519844123],[139.46829177714392,35.56329602689016],[139.46902038897986,35.56487769425024],[139.46966708246998,35.56949825264229],[139.47153321708436,35.57086046833598],[139.47325182960833,35.573851027103274],[139.47324046757353,35.57667353225776],[139.47600632982835,35.58073161327337],[139.47811022001076,35.58068633330771],[139.48220299597153,35.58172050509728],[139.48498302254848,35.58460883792759],[139.48683747137227,35.58469605417963],[139.48986941604073,35.583578559303135],[139.48830133653746,35.578419108255275],[139.4862974455707,35.57853522512062],[139.4847838002322,35.57564661350045],[139.48374880736162,35.57195772127187],[139.48286795109516,35.57138383869324],[139.48641350218145,35.56894605451686],[139.4890790270755,35.5632041080832],[139.48924763916727,35.56180717136391],[139.49103097320096,35.56142577517943],[139.49289153022005,35.562526054334],[139.49467433275436,35.564856333552996],[139.49626710854034,35.564640225565995],[139.49805824958867,35.56789994602576],[139.50082852121932,35.56853438715228],[139.50060185519158,35.5704427215544],[139.50433717312205,35.57160717093427],[139.50657494267955,35.57171577486315],[139.50734910517713,35.57376550517398],[139.5054574451051,35.57478689220136],[139.49921635515068,35.580969946206096],[139.4974058112292,35.582094945925064],[139.49392664180118,35.5827816133808],[139.49310610935947,35.584356054688214],[139.4944594424494,35.58630717163874],[139.49288364586369,35.5891391079835],[139.4919719464482,35.588466612943876],[139.48631308747906,35.59165327967514],[139.48188586354183,35.59536827922278],[139.47929447515992,35.595743559118034],[139.47838946849924,35.59839966721091],[139.4768836454639,35.59954466695285],[139.47397252920894,35.59969744108412],[139.4711922445265,35.6010602251493],[139.47027505834728,35.603486054637756],[139.46658228374542,35.60658161285119],[139.4666650582459,35.60863217143759],[139.4637981067973,35.609161054639],[139.4631894941998,35.60808410839496],[139.46063394380155,35.608411892395],[139.45737725045979,35.60721217160449],[139.45515138882558,35.605160505053334],[139.45337306131773,35.604585505516695],[139.4528719716642,35.607447999925284],[139.45132725025246,35.609573559272405],[139.44905557715322,35.61163244108434],[139.4476561352331,35.61087717079306],[139.44593472101064,35.608705225166034],[139.44214167379926,35.6094532524657],[139.43816749760757,35.609587973289365],[139.43627302188247,35.606741306366246],[139.43386664113268,35.60586572102625],[139.43221775664426,35.60619627943481],[139.42823022024857,35.60804794665546],[139.4282738391165,35.6063901710688],[139.42585272482347,35.6058748923125],[139.4231107782399,35.60663458651703],[139.42053605699346,35.60978069382401],[139.41832133616083,35.610223198042206],[139.41575939068343,35.61216344128985],[139.41274966376602,35.61227983784431],[139.41018518829,35.610061748204686],[139.40793435808428,35.61204425234041],[139.40331211436262,35.60942117095033],[139.39858267235252,35.610437278957306],[139.3966379513804,35.60962725239585],[139.39574211420722,35.60827335992769],[139.39390114172443,35.60818872113265],[139.39146680914598,35.606787802215365],[139.3898293001821,35.60668753230385],[139.38751014377817,35.604827225296276],[139.38834900170514,35.602406946423514],[139.3863910517057,35.59867944090354],[139.38167763921172,35.60212310869457],[139.3798121143377,35.60248427912626],[139.37822749720135,35.603672946349434],[139.375899468086,35.60431246864556],[139.37338802943407,35.60421922513717],[139.371336913268,35.605828586220355],[139.36892875545777,35.60638525217769],[139.3658327242009,35.608720414715435],[139.36158041570366,35.6054224685721],[139.35957325660058,35.60647230655178],[139.3536535025072,35.607324135400575],[139.35161461712096,35.60868325203052],[139.34753000070907,35.60891272124513],[139.3416598577163,35.61369533297329],[139.33951577233506,35.61707833339841],[139.3415671735862,35.61974913551427],[139.34004941654734,35.62078833361477],[139.33805275073394,35.623366946227634],[139.337394968603,35.62104444164771],[139.33857272435182,35.619580838185186],[139.33737522758474,35.614208054458175],[139.3357568876703,35.61488777555047],[139.33106386550503,35.61540861341683],[139.3301283016798,35.61641250503311],[139.32843914465082,35.61500194628286],[139.326385811656,35.61575722571547],[139.32555691372067,35.614980000126934],[139.32278581111632,35.61481917166748],[139.3215008040189,35.61554027956032],[139.31749861227115,35.61524113537013],[139.315300558574,35.612910865144386],[139.31362778269613,35.61446391967422],[139.31012693960668,35.615781973259516],[139.3076172501361,35.61624002765518],[139.30348836639507,35.615177252028616],[139.29803669323883,35.61610727962733],[139.29678642065687,35.6155017211276],[139.2937411678207,35.61833310798659],[139.29352644658832,35.6205325592303],[139.29205061054734,35.62102561344136],[139.28922894985624,35.62022977548378],[139.28703396914239,35.622026721655914],[139.28567616102612,35.620797838549436],[139.2827800787377,35.62078977522799],[139.28185286601706,35.619787279359514],[139.2799156426928,35.62006617171653],[139.2790800780832,35.61878838707446],[139.2769506363628,35.61858505395713],[139.27558980562515,35.61548338754835],[139.27335730249763,35.613799252333706],[139.27153452779623,35.61397758609678],[139.2688039693278,35.612122306299455],[139.26879949430133,35.60935453208606]]]},"properties":{"N03_001":"東京都","N03_002":null,"N03_003":null,"N03_004":"町田市","N03_007":"13209"}},{"type":"Feature","geometry":{"type":"Polygon","coordinates":[[[139.52645136284013,35.71728305396982],[139.52292605729178,35.71780610866506],[139.52314719878427,35.719065558828504],[139.5147607527066,35.717213081318675],[139.508590999675,35.71636446844553],[139.5078209992398,35.712218081199524],[139.50057680907253,35.71232672110136],[139.4959003892916,35.71316366706964],[139.49539730224376,35.70963755932593],[139.49233535709106,35.709962559024916],[139.4916198052099,35.708069252294194],[139.48620228380844,35.70866202693105],[139.48571866438488,35.70837535993496],[139.48743255456884,35.706456197695445],[139.48658836636014,35.70428146791545],[139.48552085623862,35.7043292515681],[139.48445780858106,35.70225536009684],[139.4914411665767,35.70024897261203],[139.49092447458486,35.697093694018804],[139.48958752354542,35.69545119831423],[139.48840888556174,35.692916748709024],[139.48903500616063,35.690955919080466],[139.49237917026255,35.68952536030719],[139.49578722400122,35.68864341406237],[139.49632111552717,35.686737306381644],[139.4987100008659,35.685630080863575],[139.49989447544976,35.68717619802317],[139.50294808028968,35.68727255948107],[139.5011253055884,35.6845767481185],[139.50302863886066,35.68468366761721],[139.5058858884231,35.68656089267114],[139.51358814557648,35.68586058609725],[139.51457119360578,35.686091414187445],[139.51475508427973,35.68914641387596],[139.51620844446416,35.69071030613577],[139.51826955929278,35.69125197320005],[139.52226871672792,35.687361667007394],[139.5245120881624,35.68793889236605],[139.52515708283318,35.686016387346456],[139.52691736724273,35.68421610828682],[139.5262576389789,35.68694055945929],[139.5244687552289,35.688414441273494],[139.52487513637845,35.69010444096722],[139.52683236152438,35.689487505144314],[139.52854097358716,35.690671667663366],[139.5321476650828,35.68934250565218],[139.53136961121868,35.694613612927924],[139.53419849526438,35.694880838380016],[139.53393464316935,35.69897277527343],[139.53355741894504,35.701081946245246],[139.53219325621387,35.70291638698171],[139.5325427246671,35.709109171650994],[139.52716077864704,35.70990917167097],[139.52738800315387,35.712815559290675],[139.52521744545302,35.71305972113588],[139.52645136284013,35.71728305396982]]]},"properties":{"N03_001":"東京都","N03_002":null,"N03_003":null,"N03_004":"小金井市","N03_007":"13210"}},{"type":"Feature","geometry":{"type":"Polygon","coordinates":[[[139.44612197155186,35.722875333429954],[139.45789311327667,35.720814504585746],[139.45866642051897,35.71789035985228],[139.46490669298953,35.71684897280193],[139.4720211667435,35.715383693902425],[139.47193808017835,35.711028413930194],[139.4765858628474,35.70892953207232],[139.4784939175603,35.708700640222446],[139.48023839254603,35.71436397258013],[139.48571866438488,35.70837535993496],[139.48620228380844,35.70866202693105],[139.4916198052099,35.708069252294194],[139.49233535709106,35.709962559024916],[139.49539730224376,35.70963755932593],[139.4959003892916,35.71316366706964],[139.50057680907253,35.71232672110136],[139.5078209992398,35.712218081199524],[139.508590999675,35.71636446844553],[139.5147607527066,35.717213081318675],[139.52314719878427,35.719065558828504],[139.5246710891995,35.719405279530065],[139.52333136285222,35.72324889202281],[139.517677471738,35.72744500008673],[139.5167061094994,35.73058527888759],[139.5201680802927,35.73344305455339],[139.5211078340593,35.738951919195756],[139.5151066931195,35.73911694658989],[139.5126361358491,35.737975838214425],[139.50817333383236,35.73839194643125],[139.50675252910605,35.739995559047884],[139.50595055867143,35.73627138731473],[139.50560552567458,35.73205583860613],[139.50444080469947,35.732200838098265],[139.50477861254296,35.736654171153134],[139.5039586125,35.73674638763572],[139.50434861249857,35.7402275049954],[139.50328360655328,35.74141361364741],[139.50379586308873,35.742845559175294],[139.4981050323214,35.74585833299574],[139.49816946874603,35.74434138714537],[139.49133275060603,35.74151027907618],[139.48986250385155,35.744475000321074],[139.48573330714646,35.74387417135597],[139.48525216625455,35.7408866675857],[139.48679383986394,35.739744748021735],[139.48622269841883,35.73450613505014],[139.48327297067112,35.73504336036285],[139.4788271343648,35.7352222526049],[139.47877741984212,35.73720808158777],[139.47713269831547,35.73750613490023],[139.4772632564942,35.739900586143165],[139.47502408669231,35.74066613493426],[139.47100574671788,35.74275808122053],[139.46639102582526,35.74408169441472],[139.46185683562453,35.741876694354005],[139.45098844416145,35.73699474800924],[139.44709591484468,35.73521780186013],[139.44553313954282,35.735034198069854],[139.442473411219,35.73635336051922],[139.43591561601295,35.73324058658386],[139.4286766931749,35.73005866737367],[139.42643834085686,35.73017005470433],[139.4244494424878,35.72968033338071],[139.43358277642403,35.72708450504592],[139.43562834017587,35.72475589227065],[139.44612197155186,35.722875333429954]]]},"properties":{"N03_001":"東京都","N03_002":null,"N03_003":null,"N03_004":"小平市","N03_007":"13211"}},{"type":"Feature","geometry":{"type":"Polygon","coordinates":[[[139.41500372274368,35.647034000718634],[139.41680983120875,35.64905125201375],[139.42141511011926,35.64626235992],[139.4256107001737,35.6448248916555],[139.42676316518794,35.64383350511224],[139.43036097318043,35.647138224949174],[139.43309267198924,35.64827574862693],[139.43405016937993,35.6508557479944],[139.43769741940048,35.65003686490945],[139.4383399481302,35.654579640038435],[139.4391991055544,35.65713964028225],[139.44201525340134,35.65796102707981],[139.44070053270343,35.66018683835193],[139.4367444231167,35.66391627921297],[139.43104306128828,35.669896802295625],[139.42982778222643,35.67081846799795],[139.4277919464413,35.67272153237286],[139.4224072242141,35.679142054162526],[139.4190014142839,35.68216705426619],[139.4175683661872,35.68276066707119],[139.41314972807754,35.683450081056435],[139.4056386128318,35.68559980248892],[139.39513583714927,35.689179505329946],[139.38769333298103,35.69038172083981],[139.38508861214984,35.69128255914285],[139.37626639417886,35.69163141425844],[139.37877719880873,35.68848141468561],[139.3752005320789,35.68578225244903],[139.37601328178755,35.68359086542614],[139.37511605785983,35.68218725214001],[139.3767113103787,35.67838280242444],[139.37650214066127,35.676453640623095],[139.37316321780827,35.6734528026048],[139.37046985709833,35.668562252446065],[139.3724248645159,35.66575253205377],[139.36216955977739,35.66054777495992],[139.3588892745205,35.65935889189939],[139.359404254203,35.656816108276814],[139.35735369651593,35.65580833338794],[139.35814869001013,35.65411194670901],[139.36129089515873,35.65053972083149],[139.36544141478953,35.64640583865855],[139.36880121900117,35.64431653188251],[139.37301474783237,35.64381389269704],[139.37654946838336,35.6454030541077],[139.37856474746513,35.644100279104634],[139.37882669299756,35.6422719465931],[139.37808416325356,35.639322504829806],[139.38202197163673,35.641316414221194],[139.38523031113004,35.64131613543134],[139.3873747472469,35.640720306696835],[139.39087197146432,35.64092446808979],[139.39201280284863,35.639592532569395],[139.39628474714345,35.64045255963799],[139.39823085666876,35.639772838545696],[139.39936114170337,35.64119033286761],[139.40640396916785,35.645256747900646],[139.4090678599938,35.644679559414215],[139.41177341101422,35.646034558947804],[139.41500372274368,35.647034000718634]]]},"properties":{"N03_001":"東京都","N03_002":null,"N03_003":null,"N03_004":"日野市","N03_007":"13212"}},{"type":"Feature","geometry":{"type":"Polygon","coordinates":[[[139.48573330714646,35.74387417135597],[139.48702778230643,35.74737444157728],[139.48635138870566,35.748457505009924],[139.48883725063865,35.75078083786542],[139.49387866476866,35.75382358608965],[139.49394786040546,35.755946639925526],[139.4952323090239,35.756515801962735],[139.49476313900777,35.75828636022737],[139.4970839951303,35.75930219843775],[139.50479041524557,35.76110219870753],[139.49720121906103,35.76243358654085],[139.50120930046887,35.76562938768615],[139.50029044155065,35.769537441100056],[139.4992548902011,35.771674667352045],[139.49768489064525,35.77214661357539],[139.49650852165098,35.776924946329245],[139.49677910517164,35.77870022513531],[139.49598466925715,35.78160186523394],[139.49349411286312,35.78170019800581],[139.49375105097033,35.779580504936405],[139.49089518816243,35.780488559399544],[139.48957936399654,35.77914717110514],[139.48498491652072,35.78080161340381],[139.48146019553167,35.78055577562861],[139.47949933982272,35.77993744135989],[139.47855461730182,35.778496053849835],[139.47546596678103,35.77690550568457],[139.47451097310295,35.77534161342476],[139.47115511061997,35.77340383791682],[139.46984649811748,35.774206613244644],[139.46493150528477,35.77375633348805],[139.46319481279045,35.77287410845338],[139.4612528662269,35.77338161297109],[139.45891786017114,35.77166497355972],[139.45856116746393,35.76967663996504],[139.4513491964084,35.76932746828811],[139.44620834064244,35.76794469409242],[139.44496834011682,35.766659972979426],[139.44077194606848,35.76700219829286],[139.44000386568587,35.76374080239617],[139.44090664112866,35.762202748558025],[139.44054827568243,35.76022444150482],[139.44415355434307,35.75574722515438],[139.4461993905894,35.75565694671076],[139.44752574671588,35.75260083815823],[139.4468990793291,35.75203583818342],[139.44754238777102,35.749245279646004],[139.4487654477673,35.74783361293095],[139.4511760058681,35.74648946821446],[139.45069403400248,35.74199280222609],[139.45151680935328,35.73997446814724],[139.45014011727267,35.73889308105089],[139.45098844416145,35.73699474800924],[139.46185683562453,35.741876694354005],[139.46639102582526,35.74408169441472],[139.47100574671788,35.74275808122053],[139.47502408669231,35.74066613493426],[139.4772632564942,35.739900586143165],[139.47713269831547,35.73750613490023],[139.47877741984212,35.73720808158777],[139.4788271343648,35.7352222526049],[139.48327297067112,35.73504336036285],[139.48622269841883,35.73450613505014],[139.48679383986394,35.739744748021735],[139.48525216625455,35.7408866675857],[139.48573330714646,35.74387417135597]]]},"properties":{"N03_001":"東京都","N03_002":null,"N03_003":null,"N03_004":"東村山市","N03_007":"13213"}},{"type":"Feature","geometry":{"type":"Polygon","coordinates":[[[139.4303182230077,35.70354286461156],[139.4320037476749,35.70165646827144],[139.43550044129245,35.70133591931727],[139.44100155557737,35.701322585968626],[139.44161600477491,35.70036538715294],[139.44587574616878,35.700297892134074],[139.4485446426212,35.700951774804594],[139.4556068612677,35.69473650528556],[139.45940518839882,35.692386774629995],[139.46024883341704,35.699849000031406],[139.46297243832748,35.69987289232017],[139.4640332812556,35.69724705370671],[139.46377325673052,35.69543150496003],[139.46681605711535,35.69533538721839],[139.4677913107205,35.6924976133742],[139.46589075274719,35.69156455951208],[139.46558269808315,35.6887826129273],[139.46784131032825,35.688350108270924],[139.47350744571213,35.68912261331798],[139.4773727237723,35.68934010805958],[139.47821744527891,35.69037177523728],[139.48352635477184,35.69125538704804],[139.48645917065426,35.69216650547992],[139.48808444973758,35.69497397307043],[139.48958752354542,35.69545119831423],[139.49092447458486,35.697093694018804],[139.4914411665767,35.70024897261203],[139.48445780858106,35.70225536009684],[139.48552085623862,35.7043292515681],[139.48658836636014,35.70428146791545],[139.48743255456884,35.706456197695445],[139.48571866438488,35.70837535993496],[139.48023839254603,35.71436397258013],[139.4784939175603,35.708700640222446],[139.4765858628474,35.70892953207232],[139.47193808017835,35.711028413930194],[139.4720211667435,35.715383693902425],[139.46490669298953,35.71684897280193],[139.45866642051897,35.71789035985228],[139.45789311327667,35.720814504585746],[139.44612197155186,35.722875333429954],[139.44416024619852,35.71285508089733],[139.4433680298108,35.71290841429192],[139.44161219164937,35.71582674760634],[139.43655189431777,35.71477202735293],[139.43334024635533,35.718402838520205],[139.4282646696788,35.71735950533696],[139.4317088077136,35.71164897328462],[139.4320365891174,35.71054841427792],[139.43562849575858,35.70372869422391],[139.4303182230077,35.70354286461156]]]},"properties":{"N03_001":"東京都","N03_002":null,"N03_003":null,"N03_004":"国分寺市","N03_007":"13214"}},{"type":"Feature","geometry":{"type":"Polygon","coordinates":[[[139.4175683661872,35.68276066707119],[139.4190014142839,35.68216705426619],[139.4224072242141,35.679142054162526],[139.4277919464413,35.67272153237286],[139.42982778222643,35.67081846799795],[139.43172888517995,35.672677081582094],[139.4360694423509,35.671520694624405],[139.4370083660433,35.67218402737103],[139.441477250175,35.670715441664356],[139.44191141408055,35.67209486498609],[139.44683616185944,35.67310544126315],[139.45080533140094,35.67155489224456],[139.45342977976054,35.67166210762025],[139.45115172507212,35.67357377490981],[139.45072674414394,35.67665041408537],[139.4516225813171,35.67938097345319],[139.4513603893705,35.68065986516069],[139.45293038895093,35.68355680194044],[139.45358403417595,35.687664027173184],[139.4560365501468,35.69127622521768],[139.45940518839882,35.692386774629995],[139.4556068612677,35.69473650528556],[139.4485446426212,35.700951774804594],[139.44587574616878,35.700297892134074],[139.44161600477491,35.70036538715294],[139.44100155557737,35.701322585968626],[139.43550044129245,35.70133591931727],[139.4320037476749,35.70165646827144],[139.4303182230077,35.70354286461156],[139.42960822264138,35.704402027431684],[139.42727291801077,35.70362925168865],[139.42559374885252,35.70188313519856],[139.42751844462055,35.6983623064753],[139.4316468094528,35.6969373064116],[139.42989955981693,35.693933171478704],[139.43105094744328,35.6935745596183],[139.43121591458282,35.690280667618765],[139.42841175110152,35.69111983761047],[139.4270467448115,35.688831775266294],[139.42470422776418,35.686712333256665],[139.4214997803906,35.688581775428645],[139.4193053050958,35.68486261291929],[139.4175683661872,35.68276066707119]]]},"properties":{"N03_001":"東京都","N03_002":null,"N03_003":null,"N03_004":"国立市","N03_007":"13215"}},{"type":"Feature","geometry":{"type":"Polygon","coordinates":[[[139.33248616130732,35.712611802592676],[139.3334881067908,35.713419108704954],[139.33886224399748,35.715864802418764],[139.3394484706705,35.71738883852413],[139.33884649866707,35.71943889259086],[139.34161927401033,35.72130925222024],[139.3430695594127,35.721562504905705],[139.34627625224732,35.72094553221058],[139.3490310897131,35.721548027619406],[139.35255980549073,35.72290424303645],[139.35294372247483,35.72483669455784],[139.3550474975441,35.725078468296715],[139.355302114501,35.72629764052374],[139.35334958561498,35.72795891946862],[139.35249072676572,35.73285555893693],[139.35346155660557,35.73305805388611],[139.35291544778977,35.7360597210793],[139.35900739327667,35.73733110794433],[139.3598763047478,35.73957861356223],[139.35846953304258,35.74126115337958],[139.35491046784387,35.742768891970854],[139.3560457719949,35.74508638732698],[139.35466549971306,35.74559861328544],[139.35096494237825,35.74701277561917],[139.35043105175168,35.74514083857889],[139.35333491677306,35.74253389192563],[139.35207269849627,35.74124027921556],[139.3455216086354,35.74707333326779],[139.34232944254984,35.74614627882778],[139.34263771755673,35.749843892681554],[139.33874024646525,35.750109721486524],[139.3377600519849,35.75194866689753],[139.33577639486475,35.75114597340797],[139.3319336960833,35.751698505181935],[139.33155530543308,35.75311394635162],[139.32938367111956,35.75237753199758],[139.32733747154714,35.75294583788019],[139.3264468873141,35.754427081544634],[139.32492722461177,35.754845251906886],[139.32205778204104,35.75359886529543],[139.32094108935985,35.750048613452805],[139.31879997443934,35.75070000050465],[139.3174855253368,35.74906650521507],[139.31386830098143,35.74712417104371],[139.31670632933367,35.74331583805554],[139.32011182899782,35.733303333182334],[139.32198766549845,35.73272694599183],[139.32845763920875,35.72786694670231],[139.32845070003987,35.72369750533568],[139.32956983168242,35.72037527929575],[139.33123007820564,35.713460640296375],[139.33248616130732,35.712611802592676]]]},"properties":{"N03_001":"東京都","N03_002":null,"N03_003":null,"N03_004":"福生市","N03_007":"13218"}},{"type":"Feature","geometry":{"type":"Polygon","coordinates":[[[139.58763819784463,35.64616738701534],[139.58557902735026,35.64551127942207],[139.58384097328235,35.64849683795876],[139.58062930000222,35.64730600067145],[139.57652321683085,35.65033846778166],[139.57432155679453,35.650744586393614],[139.57193044113706,35.6494409732224],[139.56947016941285,35.64903125199072],[139.56877822293666,35.647477360192056],[139.5667376648114,35.647592612808864],[139.5650365503966,35.645024586115824],[139.56336791229933,35.641370693702584],[139.56320622678595,35.63739041393649],[139.5619706356957,35.63259069474666],[139.56265730219286,35.631390441215956],[139.5661761614008,35.629451558642586],[139.5656303367707,35.627201837994505],[139.56770756205447,35.62693850480821],[139.5711175232551,35.62441074795771],[139.57734557663707,35.62182130570875],[139.58004391689326,35.622020197973825],[139.58278503160398,35.6215976937786],[139.58638639371713,35.620455224728914],[139.5902355514296,35.618430775260094],[139.58934085639544,35.62126605438493],[139.58993975451608,35.62446161361265],[139.59202335878228,35.623627441280924],[139.5935486383482,35.62655494629602],[139.5912708950358,35.631054640659215],[139.59140644591474,35.63306269369503],[139.58975674427836,35.63441964025424],[139.58779092161376,35.634971865359375],[139.5861795334588,35.637097973292896],[139.58450538341674,35.64093600009636],[139.58658594068868,35.64264710867718],[139.58763819784463,35.64616738701534]]]},"properties":{"N03_001":"東京都","N03_002":null,"N03_003":null,"N03_004":"狛江市","N03_007":"13219"}},{"type":"Feature","geometry":{"type":"Polygon","coordinates":[[[139.42643834085686,35.73017005470433],[139.4286766931749,35.73005866737367],[139.43591561601295,35.73324058658386],[139.442473411219,35.73635336051922],[139.44553313954282,35.735034198069854],[139.44709591484468,35.73521780186013],[139.45098844416145,35.73699474800924],[139.45014011727267,35.73889308105089],[139.45151680935328,35.73997446814724],[139.45069403400248,35.74199280222609],[139.4511760058681,35.74648946821446],[139.4487654477673,35.74783361293095],[139.44754238777102,35.749245279646004],[139.4468990793291,35.75203583818342],[139.44752574671588,35.75260083815823],[139.4461993905894,35.75565694671076],[139.44415355434307,35.75574722515438],[139.44054827568243,35.76022444150482],[139.44090664112866,35.762202748558025],[139.44000386568587,35.76374080239617],[139.44077194606848,35.76700219829286],[139.439629728829,35.76916108111902],[139.43826972816544,35.767955531822395],[139.43545691320605,35.76712080268294],[139.4332202462175,35.767345532470415],[139.43155358033357,35.76634386487751],[139.4288216342111,35.76695886535941],[139.42762299620438,35.766445802132125],[139.4222124382535,35.76780302748779],[139.41956075212704,35.76590497323599],[139.41590297014602,35.76627469442167],[139.40950907908075,35.768689414584856],[139.40777574645358,35.76844358670223],[139.40488491620602,35.769159694364475],[139.4002815564487,35.76775136053692],[139.39845041535443,35.764404973310945],[139.39591121912747,35.76424441464809],[139.39168455299978,35.76335413528517],[139.39352452723517,35.762158613429335],[139.39471871629576,35.76278053239571],[139.40053705653997,35.761960252663584],[139.4026076133507,35.76108083801034],[139.40514374828547,35.7620388651016],[139.40753875530936,35.76084917085262],[139.40927094759627,35.75823138736871],[139.40902483822572,35.755227505145285],[139.40726508441617,35.7522322249373],[139.4074506100577,35.74863138712885],[139.41064756233516,35.74750250503661],[139.41058114110683,35.74378364020288],[139.41101224461943,35.740893919718644],[139.41208252958518,35.73909446803532],[139.41119722437247,35.73725835998539],[139.41360610973425,35.73526058620712],[139.4144161093161,35.73302808128096],[139.4162247214938,35.73208364024788],[139.42175805399108,35.73130280208272],[139.425802217998,35.73104363995208],[139.42643834085686,35.73017005470433]]]},"properties":{"N03_001":"東京都","N03_002":null,"N03_003":null,"N03_004":"東大和市","N03_007":"13220"}},{"type":"Feature","geometry":{"type":"Polygon","coordinates":[[[139.50479041524557,35.76110219870753],[139.50858791230235,35.7620468924502],[139.51637491616953,35.76557327898371],[139.52055438407763,35.77002772090265],[139.52304914480226,35.77193630621559],[139.5259516347602,35.77214046850787],[139.52844608342002,35.773043802429584],[139.53223444966022,35.77341519815292],[139.535954163454,35.775178252474404],[139.5374939170107,35.77687853231845],[139.54297894961894,35.77980741468048],[139.54379703050859,35.78283572159131],[139.54379289272788,35.78819433290221],[139.54077345043447,35.789855440975884],[139.53757900097014,35.7907587748976],[139.53982708215415,35.793741838714936],[139.54408655015425,35.79649569412106],[139.54622241213463,35.799234027228636],[139.5471993645591,35.80265819861705],[139.54525883352846,35.8045762519925],[139.54429189415566,35.80663625256108],[139.54169522765267,35.807306802367066],[139.53685992284727,35.80394346831645],[139.53249596621595,35.79830680191742],[139.53176680939077,35.796835171106295],[139.5292637227427,35.79412877562254],[139.52551508405395,35.79188489247389],[139.52255839285556,35.78922961355585],[139.52028282749052,35.788369613466955],[139.51684033781146,35.788952667331785],[139.51403975453115,35.78850072113141],[139.5131450325173,35.78601380249506],[139.5119050068107,35.785081306257325],[139.50846250364168,35.784658532265496],[139.50670302232663,35.78277019788635],[139.50374192085303,35.78285741413839],[139.49938053268545,35.78217269461419],[139.49803133647708,35.781207694179784],[139.49677910517164,35.77870022513531],[139.49650852165098,35.776924946329245],[139.49768489064525,35.77214661357539],[139.4992548902011,35.771674667352045],[139.50029044155065,35.769537441100056],[139.50120930046887,35.76562938768615],[139.49720121906103,35.76243358654085],[139.50479041524557,35.76110219870753]]]},"properties":{"N03_001":"東京都","N03_002":null,"N03_003":null,"N03_004":"清瀬市","N03_007":"13221"}},{"type":"Feature","geometry":{"type":"Polygon","coordinates":[[[139.5201680802927,35.73344305455339],[139.52970924868293,35.73972441435029],[139.53116620075957,35.74047246862955],[139.52717175127532,35.74365302716552],[139.52842011729467,35.74472358642441],[139.53205177756752,35.74443913535788],[139.5335264984492,35.744904694596016],[139.53719902751322,35.7484435862026],[139.54458435818162,35.75476077498985],[139.5451235287279,35.75758189249041],[139.54697966378058,35.76030272119368],[139.54668802982883,35.762692441103354],[139.54763608343853,35.76617213483621],[139.54702333306045,35.76800797308954],[139.54783752348294,35.77398046792433],[139.54656863853188,35.77414074869665],[139.54166722456284,35.77199908159241],[139.53660775654282,35.77025963987052],[139.5327860830114,35.76944353209336],[139.53030189471679,35.76834910842467],[139.52704910533203,35.768261613382776],[139.5213782754871,35.76756994659581],[139.51637491616953,35.76557327898371],[139.50858791230235,35.7620468924502],[139.50479041524557,35.76110219870753],[139.4970839951303,35.75930219843775],[139.49476313900777,35.75828636022737],[139.4952323090239,35.756515801962735],[139.49394786040546,35.755946639925526],[139.49387866476866,35.75382358608965],[139.48883725063865,35.75078083786542],[139.48635138870566,35.748457505009924],[139.48702778230643,35.74737444157728],[139.48573330714646,35.74387417135597],[139.48986250385155,35.744475000321074],[139.49133275060603,35.74151027907618],[139.49816946874603,35.74434138714537],[139.4981050323214,35.74585833299574],[139.50379586308873,35.742845559175294],[139.50328360655328,35.74141361364741],[139.50434861249857,35.7402275049954],[139.5039586125,35.73674638763572],[139.50477861254296,35.736654171153134],[139.50444080469947,35.732200838098265],[139.50560552567458,35.73205583860613],[139.50595055867143,35.73627138731473],[139.50675252910605,35.739995559047884],[139.50817333383236,35.73839194643125],[139.5126361358491,35.737975838214425],[139.5151066931195,35.73911694658989],[139.5211078340593,35.738951919195756],[139.5201680802927,35.73344305455339]]]},"properties":{"N03_001":"東京都","N03_002":null,"N03_003":null,"N03_004":"東久留米市","N03_007":"13222"}},{"type":"Feature","geometry":{"type":"Polygon","coordinates":[[[139.4144161093161,35.73302808128096],[139.41360610973425,35.73526058620712],[139.41119722437247,35.73725835998539],[139.41208252958518,35.73909446803532],[139.41101224461943,35.740893919718644],[139.41058114110683,35.74378364020288],[139.41064756233516,35.74750250503661],[139.4074506100577,35.74863138712885],[139.40726508441617,35.7522322249373],[139.40902483822572,35.755227505145285],[139.40927094759627,35.75823138736871],[139.40753875530936,35.76084917085262],[139.40514374828547,35.7620388651016],[139.4026076133507,35.76108083801034],[139.40053705653997,35.761960252663584],[139.39471871629576,35.76278053239571],[139.39352452723517,35.762158613429335],[139.39168455299978,35.76335413528517],[139.39045817180727,35.764075802556306],[139.39181649883244,35.76683136037906],[139.38960150550508,35.767135802475366],[139.38484425465867,35.7652177482006],[139.3802231395863,35.766374973326435],[139.37902566800028,35.77119691960223],[139.3760292483512,35.77022330636055],[139.37432311302132,35.76902191912632],[139.37255036310887,35.771124694149364],[139.3678189497848,35.77292274828625],[139.36852228347664,35.77105525209828],[139.36712061002822,35.76925525182844],[139.36738224439512,35.76779889240504],[139.36559975482487,35.7662147213324],[139.36299000048825,35.76252389196412],[139.36262389097988,35.7602294408361],[139.36087111501,35.76024110864029],[139.36019055844758,35.75869777488248],[139.35751247721907,35.75553222513213],[139.35811939009784,35.75076000057362],[139.35655355440304,35.75071110803128],[139.355888003029,35.74855666695669],[139.35640383976545,35.74661527887207],[139.35466549971306,35.74559861328544],[139.3560457719949,35.74508638732698],[139.35491046784387,35.742768891970854],[139.35846953304258,35.74126115337958],[139.3598763047478,35.73957861356223],[139.36546269814505,35.73906361319524],[139.36946566870574,35.735877333172425],[139.37027380039558,35.737356413967404],[139.37404852122233,35.73666613483431],[139.37796214054038,35.735092802390966],[139.37847797727693,35.73351530608653],[139.3811621406204,35.73486308136614],[139.38349603151676,35.73303363999054],[139.38385963731253,35.73552308122527],[139.38852713402014,35.73366641467334],[139.3911299482885,35.73365919851324],[139.38728883321312,35.737046414060785],[139.38508632967046,35.73763974807599],[139.38490077884796,35.74151530628643],[139.3870713627532,35.74120530637981],[139.3880680031359,35.73938253257785],[139.39530966351026,35.73350336039181],[139.39827302228218,35.734935865297984],[139.40027719833415,35.73376364037978],[139.40237394340284,35.7340033330874],[139.40882214002977,35.73362453234637],[139.4094573932441,35.73259433286222],[139.4144161093161,35.73302808128096]]]},"properties":{"N03_001":"東京都","N03_002":null,"N03_003":null,"N03_004":"武蔵村山市","N03_007":"13223"}},{"type":"Feature","geometry":{"type":"Polygon","coordinates":[[[139.39390114172443,35.60818872113265],[139.39574211420722,35.60827335992769],[139.3966379513804,35.60962725239585],[139.39858267235252,35.610437278957306],[139.40331211436262,35.60942117095033],[139.40793435808428,35.61204425234041],[139.41018518829,35.610061748204686],[139.41274966376602,35.61227983784431],[139.41575939068343,35.61216344128985],[139.41832133616083,35.610223198042206],[139.42053605699346,35.60978069382401],[139.4231107782399,35.60663458651703],[139.42585272482347,35.6058748923125],[139.4282738391165,35.6063901710688],[139.42823022024857,35.60804794665546],[139.43221775664426,35.60619627943481],[139.43386664113268,35.60586572102625],[139.43627302188247,35.606741306366246],[139.43816749760757,35.609587973289365],[139.44214167379926,35.6094532524657],[139.44593472101064,35.608705225166034],[139.4476561352331,35.61087717079306],[139.44905557715322,35.61163244108434],[139.4507194677293,35.61318383816365],[139.452414228434,35.61578300028526],[139.45295481181518,35.61810830625336],[139.4553484176954,35.61820219817298],[139.46073594041138,35.62216108126893],[139.46216374815856,35.62487746822063],[139.46415819771823,35.624514414388045],[139.4652060053529,35.62873941429257],[139.46452600547082,35.62962080205841],[139.46857603125886,35.63164246812545],[139.47156435790885,35.63373050505879],[139.46900994875023,35.640162441043856],[139.46885469518804,35.64462272136154],[139.47179444945436,35.64633991925194],[139.47378639382703,35.64679546813642],[139.47380697840936,35.649333532116884],[139.47255027207746,35.64928102699787],[139.4678819461949,35.65120797286971],[139.4552719204628,35.654327972857686],[139.45160635484945,35.65547241412065],[139.44201525340134,35.65796102707981],[139.4391991055544,35.65713964028225],[139.4383399481302,35.654579640038435],[139.43769741940048,35.65003686490945],[139.43405016937993,35.6508557479944],[139.43309267198924,35.64827574862693],[139.43036097318043,35.647138224949174],[139.42676316518794,35.64383350511224],[139.4256107001737,35.6448248916555],[139.42141511011926,35.64626235992],[139.41680983120875,35.64905125201375],[139.41500372274368,35.647034000718634],[139.41556233573328,35.64521291944072],[139.41772230943707,35.6431170808886],[139.42274011726272,35.64113989259204],[139.42383758873382,35.63956683803917],[139.42679674407452,35.637979333179715],[139.42958308663918,35.63397380208722],[139.42978703034726,35.631967413865084],[139.42718192010955,35.631982919076506],[139.42501586339142,35.62986217110239],[139.42352577219674,35.62990233302628],[139.41984136218923,35.628597558830336],[139.41566966352423,35.62562386504936],[139.41319141435235,35.62561691868592],[139.411791115068,35.62435038726062],[139.4078685861664,35.6226036943051],[139.4073877564399,35.621343973445676],[139.40470744579204,35.62077313507217],[139.40285966364263,35.617730054098786],[139.40125408600738,35.6163186670729],[139.40081866484957,35.61456183785856],[139.3985272768124,35.611954946063975],[139.39366620013504,35.608627360064645],[139.39390114172443,35.60818872113265]]]},"properties":{"N03_001":"東京都","N03_002":null,"N03_003":null,"N03_004":"多摩市","N03_007":"13224"}},{"type":"Feature","geometry":{"type":"Polygon","coordinates":[[[139.47380697840936,35.649333532116884],[139.47378639382703,35.64679546813642],[139.47179444945436,35.64633991925194],[139.46885469518804,35.64462272136154],[139.46900994875023,35.640162441043856],[139.47156435790885,35.63373050505879],[139.46857603125886,35.63164246812545],[139.46452600547082,35.62962080205841],[139.4652060053529,35.62873941429257],[139.46415819771823,35.624514414388045],[139.46786208826484,35.62052164056132],[139.4741384703142,35.61966827926773],[139.4762365247958,35.61888744110257],[139.47671177782638,35.615327999987244],[139.47800011781123,35.61373827919829],[139.47965871677638,35.61326410805219],[139.48126844478293,35.61005661302232],[139.48350732860035,35.608619107885545],[139.48655121986292,35.60843410834747],[139.4882690014133,35.6071571708668],[139.489068975353,35.60466689236324],[139.4940392746928,35.60578410844988],[139.49757483880785,35.6048688018538],[139.49976483817682,35.60546741399003],[139.50002347600264,35.60728046791934],[139.4957809997934,35.612358532120595],[139.4944157201095,35.61546213566908],[139.49488131082387,35.6173907479847],[139.4980335281249,35.61842853235095],[139.4992165889745,35.62021741430226],[139.50341910560735,35.62286158659299],[139.50607802947752,35.622823802476546],[139.5096102463159,35.624080171562696],[139.51437027247016,35.62466017132988],[139.51615055870138,35.6257035054125],[139.51695697808213,35.627887107903746],[139.51659808023726,35.629594612901144],[139.5174558634974,35.63066069443556],[139.5232597804146,35.63217013544346],[139.52339228382687,35.633544305825126],[139.5221073028098,35.6345662522308],[139.52118313969027,35.63677041412336],[139.52339233508826,35.638820387251144],[139.52428319181593,35.641528441084745],[139.52538875538687,35.64264761319686],[139.5239226338225,35.64343177525626],[139.52083513623256,35.646194837921485],[139.51683516221306,35.649304559557834],[139.51209433208783,35.65120177564148],[139.50679763909977,35.650878999965926],[139.50312260722262,35.64993846828571],[139.4994615058439,35.65144846867196],[139.49612483849057,35.65188236008288],[139.49037481254766,35.65203100003066],[139.4890181456709,35.6514996131167],[139.4864617517086,35.65265461331978],[139.4792456167919,35.65197713513675],[139.4739972506726,35.650746865275664],[139.47380697840936,35.649333532116884]]]},"properties":{"N03_001":"東京都","N03_002":null,"N03_003":null,"N03_004":"稲城市","N03_007":"13225"}},{"type":"Feature","geometry":{"type":"Polygon","coordinates":[[[139.29654197143486,35.75454525246147],[139.30260586346992,35.755198305957094],[139.306700558584,35.752619973033404],[139.31105027265198,35.75062886503014],[139.31386830098143,35.74712417104371],[139.3174855253368,35.74906650521507],[139.31879997443934,35.75070000050465],[139.32094108935985,35.750048613452805],[139.32205778204104,35.75359886529543],[139.32492722461177,35.754845251906886],[139.3264468873141,35.754427081544634],[139.32733747154714,35.75294583788019],[139.32938367111956,35.75237753199758],[139.33155530543308,35.75311394635162],[139.3319336960833,35.751698505181935],[139.33577639486475,35.75114597340797],[139.3377600519849,35.75194866689753],[139.33874024646525,35.750109721486524],[139.34263771755673,35.749843892681554],[139.34307914438705,35.75321833335943],[139.3422030221518,35.75421722564448],[139.33914219215853,35.75457889250191],[139.33845444911356,35.75686972116074],[139.33584360659722,35.75929358652985],[139.3359819717906,35.76139358624505],[139.335012555685,35.765984694538076],[139.33319228379696,35.76760302725796],[139.33364119298676,35.770951360616834],[139.33151705636715,35.772920252667575],[139.32878591423867,35.77133774803872],[139.3210731916745,35.77721966765358],[139.31843988319417,35.77841105442667],[139.31228097328835,35.77552466682994],[139.311369857533,35.77676161325792],[139.30918680902403,35.77570550520494],[139.3080223614429,35.77723410806766],[139.30331878123684,35.77813383840595],[139.3019446171504,35.77989494659454],[139.2984143320558,35.78127883864755],[139.29550319151917,35.77765577499406],[139.29213263321446,35.77534189221461],[139.29309428007707,35.772036892688504],[139.29520761314086,35.76979886502568],[139.29663620060023,35.76628246816142],[139.29654839259433,35.763151919125846],[139.29744199765014,35.760080531991036],[139.29654197143486,35.75454525246147]]]},"properties":{"N03_001":"東京都","N03_002":null,"N03_003":null,"N03_004":"羽村市","N03_007":"13227"}},{"type":"Feature","geometry":{"type":"Polygon","coordinates":[[[139.33123007820564,35.713460640296375],[139.32956983168242,35.72037527929575],[139.32845070003987,35.72369750533568],[139.32845763920875,35.72786694670231],[139.32198766549845,35.73272694599183],[139.32011182899782,35.733303333182334],[139.31670632933367,35.74331583805554],[139.31386830098143,35.74712417104371],[139.31105027265198,35.75062886503014],[139.306700558584,35.752619973033404],[139.30260586346992,35.755198305957094],[139.29654197143486,35.75454525246147],[139.29433613500464,35.75536080265897],[139.29009116767327,35.76007302714851],[139.28814282782935,35.75961358599824],[139.28772700469756,35.760919414199634],[139.27611255545014,35.761618585829126],[139.274207276045,35.76089219801656],[139.26932282778637,35.76113025215949],[139.2671908958432,35.76004136022067],[139.26427477306243,35.76055164004623],[139.26152671918283,35.759831640118136],[139.2568647730909,35.760708279463586],[139.25585866464576,35.75938719786092],[139.2618503114428,35.755587748375945],[139.2645916995474,35.755461360353536],[139.26854891170296,35.754454973118584],[139.27029474760457,35.75340830614846],[139.27344085671018,35.75391358664274],[139.27546391762576,35.75362553199278],[139.27761444934742,35.75229108106856],[139.27850250378754,35.749774414657566],[139.27989360660467,35.7493463598467],[139.2806305587534,35.74731441452866],[139.2804724777227,35.74437608119126],[139.27930581151406,35.74211297323518],[139.28242994838342,35.740540279310494],[139.28465411209766,35.74058917095351],[139.28364744517353,35.73769277570108],[139.2844321926916,35.73223777505331],[139.28364769158782,35.73135638728752],[139.27805252980045,35.733662108719386],[139.2701293640789,35.73327917109691],[139.26292027265254,35.732383108193915],[139.26147435885468,35.73365638723254],[139.25802518811201,35.73449389257911],[139.25734105134848,35.73539997303038],[139.25294549973512,35.73635553238199],[139.24538269865263,35.73665941420063],[139.24405077842073,35.73879525189943],[139.23944050647424,35.73976274795251],[139.23262296997416,35.738894667454986],[139.22822185515452,35.74012410814112],[139.2261157463447,35.74005300054557],[139.21858605740067,35.744437721623626],[139.21567160825816,35.744412694390405],[139.21477522699524,35.74667602717699],[139.21237160806334,35.748539360403186],[139.21276053247266,35.75204825242497],[139.21100608376378,35.75179297356692],[139.20801632899042,35.75253213534984],[139.2051319208016,35.75377713520669],[139.2043302462439,35.75579325245667],[139.20140747117796,35.757530441376844],[139.1981055257495,35.75770433338835],[139.195886083476,35.759659613300585],[139.19367413705186,35.76076600065045],[139.18918691304566,35.762249891919055],[139.1874430223777,35.76113627941584],[139.1862991440903,35.76219183798298],[139.18148275022884,35.76289597297085],[139.18060053238867,35.76407069440705],[139.18068469544244,35.768576802377595],[139.1789847213679,35.770353467938264],[139.17705527897806,35.77077041432324],[139.16710055824421,35.776050108325876],[139.16660250380255,35.775542054322386],[139.16304416345747,35.77824455933899],[139.16059997430943,35.777162612864345],[139.1586316731133,35.777914532429804],[139.15749438415855,35.77353786568],[139.1546043839852,35.77323535982407],[139.15297577201432,35.774142027532605],[139.1523396635447,35.775950081231315],[139.14913496810436,35.77883619813207],[139.1482429962174,35.77788508143141],[139.14824160856347,35.77529091954034],[139.14655939070337,35.77530369441001],[139.14446077864204,35.77695200063437],[139.14282102497043,35.776344775690916],[139.1393826721727,35.772053666843306],[139.13763849552026,35.772431999936884],[139.1360954477468,35.770255892395596],[139.13913988309923,35.76800477510034],[139.14349544725712,35.766320612905986],[139.145071556807,35.76403064040181],[139.14721208806748,35.76213230646084],[139.14464708219714,35.760206748242865],[139.14218403426582,35.759978973351],[139.14041345082012,35.759010333360266],[139.13992900132246,35.75763672145757],[139.14073316520353,35.75544786512694],[139.14482955913695,35.755202585830716],[139.14739732862392,35.754028973258585],[139.14934399572883,35.75424674858863],[139.15194983171943,35.75149453264663],[139.15398289219684,35.75009983793723],[139.15420761299106,35.74828177568344],[139.15597955980888,35.746617613512115],[139.15657508457252,35.74469705462542],[139.16117983108438,35.743038171474495],[139.16410177697549,35.741327080880126],[139.1645223098568,35.737759865125724],[139.1658453573774,35.736176532221236],[139.16431949474895,35.73249208084491],[139.1649808957518,35.730334027193635],[139.16619505875497,35.72939653252399],[139.16534697828047,35.72710486569707],[139.16549433219768,35.72257566763301],[139.16724418986757,35.72206653264442],[139.16573194657212,35.71842986494636],[139.16644053230482,35.71405708146921],[139.1652188590632,35.71154736052233],[139.16532411211813,35.70623961306774],[139.16795827585383,35.704064892280996],[139.17032022020203,35.70323600064097],[139.17211216614362,35.70168933309628],[139.17259658956107,35.69685127906331],[139.1718263040408,35.69263822507406],[139.1696804415992,35.690872945829824],[139.1697154477098,35.68973683858428],[139.17141489028506,35.68874269471962],[139.17399155676503,35.68923325241275],[139.17895158224974,35.68921797293115],[139.1819868616044,35.68805853187581],[139.18406963750385,35.689052694626184],[139.18689131078543,35.68802574798991],[139.19137185552677,35.68782855904084],[139.19326688715717,35.68905827941609],[139.19563050604313,35.688431892617814],[139.1993902207821,35.68824550542581],[139.20016160797195,35.69013438749204],[139.20011496823122,35.694162171247285],[139.20054333330825,35.69912938771114],[139.20480749756803,35.69972883801552],[139.20534808004993,35.703202441539474],[139.20434031145624,35.704956892046994],[139.2044955776089,35.70738883782468],[139.2069136711291,35.71275966732486],[139.21012894979128,35.71361883823886],[139.2148198054897,35.71649661302831],[139.21724535708768,35.7188677214682],[139.2190409210018,35.71683494607595],[139.22200092170522,35.716199387092104],[139.2239501177038,35.71660802733862],[139.2262856687487,35.71592302722598],[139.2288570562082,35.71628441439424],[139.23005177766743,35.71536997294595],[139.23312622609456,35.71531525189744],[139.23583121953527,35.714473865076855],[139.23734455370823,35.71330636070002],[139.24109150526886,35.71404553237545],[139.24332177717838,35.712479441273274],[139.24506094730498,35.71335472084377],[139.24635841810652,35.710944170836854],[139.24963036305087,35.71049277502158],[139.25194566855782,35.71226194653167],[139.25509927441203,35.71269000044322],[139.2581070560958,35.712243333263245],[139.26086177754905,35.71044055948431],[139.2689748387179,35.710027775161734],[139.27074983153955,35.71069472138436],[139.27221594051332,35.71264638692128],[139.2719834504759,35.71452472083922],[139.27432289198794,35.71497500059587],[139.27690260716963,35.713965559263215],[139.28185150534273,35.713644441038184],[139.28317955938917,35.71278110806173],[139.28538038929355,35.713352225225094],[139.28877428050873,35.71314194664359],[139.29141538341332,35.71365083791591],[139.29426038960537,35.71337555903489],[139.29584953302958,35.71146472092016],[139.30349980577148,35.71255417133801],[139.3049356426659,35.71154944155353],[139.30840538360167,35.71499333327574],[139.30849649841468,35.71588610825734],[139.31359313901226,35.71395055947079],[139.31589814548306,35.71424750571788],[139.31923705664497,35.719061946251884],[139.32293717331197,35.71628022535219],[139.3252048381329,35.71292074849379],[139.32763808073287,35.71039622560539],[139.32908703064197,35.71230833356282],[139.33123007820564,35.713460640296375]]]},"properties":{"N03_001":"東京都","N03_002":null,"N03_003":null,"N03_004":"あきる野市","N03_007":"13228"}},{"type":"Feature","geometry":{"type":"Polygon","coordinates":[[[139.56278583779624,35.76159522503963],[139.56183442342,35.75960300007847],[139.5577844237123,35.75958300005544],[139.55539216681507,35.75774661321566],[139.55524632915478,35.75573605467525],[139.55204494232032,35.7559635588712],[139.55006102529615,35.75437522483679],[139.54715824935374,35.75338410809019],[139.54677907899134,35.7550891084756],[139.54458435818162,35.75476077498985],[139.53719902751322,35.7484435862026],[139.5335264984492,35.744904694596016],[139.53205177756752,35.74443913535788],[139.52842011729467,35.74472358642441],[139.52717175127532,35.74365302716552],[139.53116620075957,35.74047246862955],[139.52970924868293,35.73972441435029],[139.5201680802927,35.73344305455339],[139.5167061094994,35.73058527888759],[139.517677471738,35.72744500008673],[139.52333136285222,35.72324889202281],[139.5246710891995,35.719405279530065],[139.52314719878427,35.719065558828504],[139.52292605729178,35.71780610866506],[139.52645136284013,35.71728305396982],[139.52691330759944,35.71851361313668],[139.53000053189908,35.71750110808972],[139.52942272467908,35.71279250517006],[139.53188827542363,35.712596387313454],[139.53736108984253,35.71132000021788],[139.54086885951028,35.71315222499521],[139.54940610930453,35.716918613603184],[139.5545836457187,35.720776667409325],[139.55722280159114,35.72172833269644],[139.56189808013232,35.72197277472384],[139.56563975447114,35.7216569463111],[139.5652575623867,35.72426777533764],[139.5659997800659,35.72704777493493],[139.5694237221271,35.73415608113828],[139.567330117491,35.73636080240914],[139.56825208806345,35.73808025220194],[139.56816406062296,35.74275941401578],[139.5667654736477,35.74743133358925],[139.56883075233736,35.7475885593646],[139.56779547348242,35.75006050518823],[139.56901050612998,35.751922171071385],[139.56769688710176,35.753223838109705],[139.56777022051938,35.75506550486921],[139.56278583779624,35.76159522503963]]]},"properties":{"N03_001":"東京都","N03_002":null,"N03_003":null,"N03_004":"西東京市","N03_007":"13229"}},{"type":"Feature","geometry":{"type":"Polygon","coordinates":[[[139.3210731916745,35.77721966765358],[139.32878591423867,35.77133774803872],[139.33151705636715,35.772920252667575],[139.33364119298676,35.770951360616834],[139.33319228379696,35.76760302725796],[139.335012555685,35.765984694538076],[139.3359819717906,35.76139358624505],[139.33584360659722,35.75929358652985],[139.33845444911356,35.75686972116074],[139.33914219215853,35.75457889250191],[139.3422030221518,35.75421722564448],[139.34307914438705,35.75321833335943],[139.34263771755673,35.749843892681554],[139.34232944254984,35.74614627882778],[139.3455216086354,35.74707333326779],[139.35207269849627,35.74124027921556],[139.35333491677306,35.74253389192563],[139.35043105175168,35.74514083857889],[139.35096494237825,35.74701277561917],[139.35466549971306,35.74559861328544],[139.35640383976545,35.74661527887207],[139.355888003029,35.74855666695669],[139.35655355440304,35.75071110803128],[139.35811939009784,35.75076000057362],[139.35751247721907,35.75553222513213],[139.36019055844758,35.75869777488248],[139.36087111501,35.76024110864029],[139.36262389097988,35.7602294408361],[139.36299000048825,35.76252389196412],[139.36559975482487,35.7662147213324],[139.36738224439512,35.76779889240504],[139.36712061002822,35.76925525182844],[139.36852228347664,35.77105525209828],[139.3678189497848,35.77292274828625],[139.37255036310887,35.771124694149364],[139.37432311302132,35.76902191912632],[139.3760292483512,35.77022330636055],[139.37902566800028,35.77119691960223],[139.38154097373706,35.774495532143135],[139.3813360056522,35.77729525207428],[139.38013739372582,35.778746640045426],[139.3755209991948,35.78045855891543],[139.37360763938113,35.779688586359214],[139.36991070001886,35.78154164033447],[139.3694212457939,35.78325525262784],[139.36749486469637,35.78437827923426],[139.36782713451476,35.78704105400152],[139.36986883298027,35.7876074416302],[139.3687144236318,35.79028880268612],[139.3699205583871,35.79172741398901],[139.3598422186435,35.79162158626724],[139.3585747474267,35.79297630611171],[139.35665474701898,35.79347713496185],[139.3530580541859,35.79299713530958],[139.3502647212399,35.793405748576504],[139.34970863804324,35.79490686545955],[139.34670783419926,35.7964051980415],[139.34268111524136,35.79403186557818],[139.33849946827593,35.79459408125189],[139.33487944253227,35.79369880255774],[139.33278330720395,35.791890198473936],[139.33036583781325,35.7936168653261],[139.32848275007893,35.79176908137805],[139.33007080442417,35.790612413831866],[139.32626383930483,35.78703133322949],[139.3220491440528,35.789781865640634],[139.32078577284517,35.78829855893139],[139.32066046760656,35.78336272161238],[139.32411988342596,35.78108410844487],[139.32374905337622,35.78004522510713],[139.3210731916745,35.77721966765358]]]},"properties":{"N03_001":"東京都","N03_002":null,"N03_003":"西多摩郡","N03_004":"瑞穂町","N03_007":"13303"}},{"type":"Feature","geometry":{"type":"Polygon","coordinates":[[[139.16304416345747,35.77824455933899],[139.16660250380255,35.775542054322386],[139.16710055824421,35.776050108325876],[139.17705527897806,35.77077041432324],[139.1789847213679,35.770353467938264],[139.18068469544244,35.768576802377595],[139.18060053238867,35.76407069440705],[139.18148275022884,35.76289597297085],[139.1862991440903,35.76219183798298],[139.1874430223777,35.76113627941584],[139.18918691304566,35.762249891919055],[139.19367413705186,35.76076600065045],[139.195886083476,35.759659613300585],[139.1981055257495,35.75770433338835],[139.20140747117796,35.757530441376844],[139.2043302462439,35.75579325245667],[139.2051319208016,35.75377713520669],[139.20801632899042,35.75253213534984],[139.21100608376378,35.75179297356692],[139.21276053247266,35.75204825242497],[139.21237160806334,35.748539360403186],[139.21477522699524,35.74667602717699],[139.21567160825816,35.744412694390405],[139.21858605740067,35.744437721623626],[139.2261157463447,35.74005300054557],[139.22822185515452,35.74012410814112],[139.23262296997416,35.738894667454986],[139.23944050647424,35.73976274795251],[139.24405077842073,35.73879525189943],[139.24538269865263,35.73665941420063],[139.25294549973512,35.73635553238199],[139.25734105134848,35.73539997303038],[139.25802518811201,35.73449389257911],[139.26147435885468,35.73365638723254],[139.26292027265254,35.732383108193915],[139.2701293640789,35.73327917109691],[139.27805252980045,35.733662108719386],[139.28364769158782,35.73135638728752],[139.2844321926916,35.73223777505331],[139.28364744517353,35.73769277570108],[139.28465411209766,35.74058917095351],[139.28242994838342,35.740540279310494],[139.27930581151406,35.74211297323518],[139.2804724777227,35.74437608119126],[139.2806305587534,35.74731441452866],[139.27989360660467,35.7493463598467],[139.27850250378754,35.749774414657566],[139.27761444934742,35.75229108106856],[139.27546391762576,35.75362553199278],[139.27344085671018,35.75391358664274],[139.27029474760457,35.75340830614846],[139.26854891170296,35.754454973118584],[139.2645916995474,35.755461360353536],[139.2618503114428,35.755587748375945],[139.25585866464576,35.75938719786092],[139.2568647730909,35.760708279463586],[139.25495810603184,35.76293133341437],[139.25191282711535,35.76448244091199],[139.25076786064835,35.765998000007755],[139.24481758806132,35.76740244156946],[139.2426414796206,35.766807721699024],[139.23836394334137,35.766999946390456],[139.2383025816988,35.76825938756076],[139.23527396901852,35.76937244158495],[139.23374425459372,35.76861800032049],[139.23173841839332,35.768889108145856],[139.23068674399815,35.76999546851613],[139.22389341185158,35.77284436067873],[139.22258396927487,35.77244602756218],[139.22077481210795,35.7739968652632],[139.21790396929282,35.772928531826324],[139.21525481206004,35.773237135085765],[139.21438396974452,35.77407186512454],[139.21053033700548,35.773177694395144],[139.20643897567822,35.77843517154599],[139.20357202333025,35.78015766734251],[139.20213425469217,35.782479613443456],[139.19889566830057,35.78445100021355],[139.19824483882826,35.78643572123161],[139.19553066151093,35.78683294638341],[139.19120038898677,35.78867874822572],[139.18878955929074,35.78907541399923],[139.18618425479963,35.78778430590103],[139.1819528663318,35.78763153266914],[139.1792150584282,35.786133198288496],[139.17561922264906,35.78486264059842],[139.17213391714665,35.782208440866896],[139.1672405844854,35.78111677541892],[139.16567639455002,35.77956427936806],[139.16304416345747,35.77824455933899]]]},"properties":{"N03_001":"東京都","N03_002":null,"N03_003":"西多摩郡","N03_004":"日の出町","N03_007":"13305"}},{"type":"Feature","geometry":{"type":"Polygon","coordinates":[[[139.17141489028506,35.68874269471962],[139.1697154477098,35.68973683858428],[139.1696804415992,35.690872945829824],[139.1718263040408,35.69263822507406],[139.17259658956107,35.69685127906331],[139.17211216614362,35.70168933309628],[139.17032022020203,35.70323600064097],[139.16795827585383,35.704064892280996],[139.16532411211813,35.70623961306774],[139.1652188590632,35.71154736052233],[139.16644053230482,35.71405708146921],[139.16573194657212,35.71842986494636],[139.16724418986757,35.72206653264442],[139.16549433219768,35.72257566763301],[139.16534697828047,35.72710486569707],[139.16619505875497,35.72939653252399],[139.1649808957518,35.730334027193635],[139.16431949474895,35.73249208084491],[139.1658453573774,35.736176532221236],[139.1645223098568,35.737759865125724],[139.16410177697549,35.741327080880126],[139.16117983108438,35.743038171474495],[139.15657508457252,35.74469705462542],[139.15597955980888,35.746617613512115],[139.15420761299106,35.74828177568344],[139.15398289219684,35.75009983793723],[139.15194983171943,35.75149453264663],[139.14934399572883,35.75424674858863],[139.14739732862392,35.754028973258585],[139.14482955913695,35.755202585830716],[139.14073316520353,35.75544786512694],[139.13992900132246,35.75763672145757],[139.14041345082012,35.759010333360266],[139.14218403426582,35.759978973351],[139.14464708219714,35.760206748242865],[139.14721208806748,35.76213230646084],[139.145071556807,35.76403064040181],[139.14349544725712,35.766320612905986],[139.13913988309923,35.76800477510034],[139.1360954477468,35.770255892395596],[139.13284124552717,35.76642227946468],[139.13075121929342,35.76511586490528],[139.12821316520547,35.76698113527124],[139.1251337228431,35.76760197325251],[139.12296428017748,35.76942530643282],[139.12115289269195,35.76956141432788],[139.11815678330902,35.77144000005603],[139.11502372246684,35.77259555963741],[139.11434927409982,35.77354361324723],[139.1097164984177,35.77551525182747],[139.10754260770523,35.77683913571758],[139.10585066097929,35.77911302744434],[139.1022087160594,35.7783755321052],[139.10119758849794,35.77760358643644],[139.0966211931136,35.77591827940512],[139.0953900527088,35.77472161361163],[139.0954119970661,35.77268077489788],[139.09341891145368,35.76996466763535],[139.0884739172376,35.77018938753025],[139.08677724997017,35.771244360638775],[139.08290194626784,35.76989936066701],[139.080073606312,35.77010436022812],[139.07502861198088,35.77199544113677],[139.07359496853303,35.77002933338707],[139.07060302211187,35.76852210830873],[139.06903994823506,35.76685627969363],[139.06649355473382,35.765643505243645],[139.06361522776058,35.765602918839704],[139.0609479770676,35.76410346840038],[139.05830408626468,35.76439486493115],[139.05693158232668,35.76366235993004],[139.05488710855332,35.76017680261742],[139.05319072637099,35.75964791941601],[139.04917294397626,35.76005819822734],[139.04579128444027,35.758047919376054],[139.04312403464655,35.757671532415316],[139.0426965248248,35.75510791959488],[139.0400715305767,35.75137958669865],[139.0396781976907,35.75011208130758],[139.04107955907443,35.74783069463092],[139.04137705660594,35.74606294584834],[139.03986900145333,35.744510721392714],[139.03445511061489,35.74245989211039],[139.03196927476233,35.74419127950398],[139.02786094772466,35.7442901356813],[139.02711649882747,35.74237710861672],[139.02167953318394,35.74013350515719],[139.01747953375354,35.73964044105355],[139.0146234110416,35.73857905398023],[139.01229092128904,35.73866905453332],[139.0137948125806,35.73498933359093],[139.0179603373997,35.73110936060857],[139.01916839220758,35.72897574783252],[139.02089949451613,35.72728074790825],[139.02198727669156,35.725038801899245],[139.02252836639104,35.72199133313359],[139.02466197107321,35.71988744115254],[139.02897752349395,35.71676800054286],[139.03234975453756,35.716214946262824],[139.03477778196918,35.71495883798002],[139.0387150066923,35.71128691955573],[139.04283805473256,35.70974830633929],[139.04667277652743,35.709484134984905],[139.04842167372135,35.70800580242587],[139.05068167362037,35.70736886568068],[139.05202221835077,35.704904440887276],[139.0585377822929,35.70207361340658],[139.06311778216002,35.70046277563665],[139.06486053248761,35.69815474834303],[139.0667360830039,35.698401694082975],[139.0706066670641,35.69762613493822],[139.07210941621668,35.69540836000783],[139.0748083401329,35.695558640319064],[139.0765452790415,35.69490364069054],[139.07792138836146,35.69562502737318],[139.08166027210393,35.69551669414017],[139.08812749748608,35.69162838714038],[139.09224500660184,35.69057061354306],[139.0929661090987,35.691466171027],[139.09542472157375,35.69106977505015],[139.09710752309377,35.69226589225718],[139.10562474768403,35.69101591914938],[139.1082633594665,35.68974174798336],[139.11049364576525,35.687740359829775],[139.11261503225796,35.6849636940193],[139.11633586300968,35.68388510831113],[139.11934725007563,35.68051317134581],[139.1227097279716,35.678377053957945],[139.1268511410674,35.67686291938827],[139.12871917055338,35.6753793060102],[139.13103639431426,35.672045413964725],[139.13351527930672,35.672896532349114],[139.13673141412357,35.672412081052755],[139.13893085637403,35.67054430607493],[139.1428539176742,35.66995600016935],[139.14290031100063,35.66935183831674],[139.14716031139926,35.6668171081231],[139.15139642040856,35.66671738769736],[139.15359780879191,35.66602155884789],[139.1616036716722,35.66790658641986],[139.16477369644895,35.67044686543056],[139.16598455354438,35.674994919579945],[139.16804622685197,35.67699380222223],[139.16999930072723,35.68011158628076],[139.17079875575803,35.68347353267745],[139.17141489028506,35.68874269471962]]]},"properties":{"N03_001":"東京都","N03_002":null,"N03_003":"西多摩郡","N03_004":"檜原村","N03_007":"13307"}},{"type":"Feature","geometry":{"type":"Polygon","coordinates":[[[139.16353066161082,35.85086817082947],[139.16215399561042,35.85210789256524],[139.1594006618111,35.85706510856795],[139.1551192746349,35.858569802054774],[139.15027594068215,35.860935919257315],[139.14754316538483,35.862710640483726],[139.1443609475997,35.862857306419585],[139.13891175117647,35.86401117167827],[139.13536063598463,35.86538700040978],[139.13123756276343,35.86446836002682],[139.12919671955308,35.86556086544164],[139.12608394381903,35.865036694687774],[139.12182280218065,35.86492919782427],[139.1192697545955,35.864291108148166],[139.11601306125385,35.86445500059784],[139.11444639458546,35.86536889256041],[139.11173416340102,35.864680278971775],[139.1081896897025,35.8656555595565],[139.10267747148816,35.86657913541882],[139.10143939011584,35.86571608123222],[139.09909136277622,35.86867441459259],[139.0944955510289,35.869506171472665],[139.09165671958203,35.869033946459524],[139.08922771728544,35.87103355935136],[139.08399299657958,35.8734296671455],[139.08253938998098,35.87487299988908],[139.0777618558251,35.875340198591346],[139.0748954736473,35.874089360335745],[139.0725529447626,35.87172380251155],[139.07045182898878,35.871546586605746],[139.06144680942282,35.873706559410266],[139.0591865244386,35.875047108637204],[139.05781985710075,35.87749738709476],[139.05557513668327,35.87745627908407],[139.04984208814187,35.87883291900408],[139.04832652454957,35.8812087479854],[139.04287097351664,35.88560125269572],[139.04034875559068,35.88630735989682],[139.03761072645398,35.889094027067756],[139.03404044131344,35.89093041390754],[139.029329585592,35.89290846825128],[139.0249735025252,35.89598538711596],[139.02356044186092,35.897358441438996],[139.02089180351402,35.897157892622715],[139.0183993000877,35.89842400046729],[139.01337875562513,35.89825566716536],[139.0105478867756,35.89709983868664],[139.00680511076735,35.893637892175036],[139.00665703019786,35.88962455962576],[139.00495783403687,35.88738069446356],[139.0028945014801,35.88622069402987],[139.0007628024614,35.884000414487616],[138.99588085611663,35.88444708166753],[138.99458224407533,35.883256801959874],[138.98875138886558,35.88114680268285],[138.9852588851894,35.88118486558915],[138.9836730611629,35.88256125190031],[138.97892778209155,35.88501069398836],[138.97590024679903,35.88323738739558],[138.97248747161962,35.881979892358174],[138.96802189429502,35.88221350564879],[138.96669632957196,35.88063989261701],[138.96640910499627,35.878974613487685],[138.96520408629965,35.87778572143395],[138.96207547350434,35.876752108123355],[138.96008325663706,35.87678210860747],[138.9544584954633,35.8749104683435],[138.95439461751766,35.87417853261326],[138.94926216681563,35.86901905458575],[138.94637208840118,35.868677694420114],[138.94514372240496,35.86792853217605],[138.9465359403814,35.86435825243143],[138.94286758866838,35.86016213537431],[138.9430200786138,35.857203532217284],[138.94393341119803,35.854818802645696],[138.94680396982744,35.85284046861278],[138.9485475880009,35.84954436068375],[138.94786591448042,35.84775574852904],[138.94797588807683,35.84482130655812],[138.947338949533,35.843297135554394],[138.94911949476898,35.84047099983684],[138.95326199784301,35.83651738766736],[138.95854089504633,35.832692387543716],[138.95951367101918,35.831213775295566],[138.96219533154942,35.82960764008055],[138.9642539435647,35.82938153253173],[138.9692967192683,35.831382918886675],[138.9704792225382,35.827357081264324],[138.96964697822557,35.82273013498781],[138.97007447545673,35.82128153221697],[138.96945308709041,35.81884513569452],[138.96977002616586,35.81585264068684],[138.97205946807003,35.81369736054478],[138.97221391763821,35.81112541460624],[138.9710833331294,35.8099815318223],[138.97032167300688,35.80458430632075],[138.97140221833774,35.803075694487745],[138.9711058377643,35.80141958664467],[138.97179610970272,35.79899819800846],[138.97340888551173,35.79780761343068],[138.97451944211866,35.7951498379947],[138.97710525380444,35.79275177507441],[138.9760788593519,35.79186566766646],[138.97687581156947,35.78902899998843],[138.97952024646224,35.78708789249231],[138.98187664109423,35.787076225587384],[138.9850452530361,35.7852676134097],[138.98498299656808,35.7834540001021],[138.98642522764226,35.78225289255698],[138.98532133681033,35.7744167749143],[138.98366160829664,35.77201680183401],[138.98439688770623,35.76776486565609],[138.9865118557376,35.76646346841437],[138.98734075277355,35.76502819809292],[138.98936214005084,35.76348958667512],[138.99123491615853,35.75914291951017],[138.99275211471843,35.75758346810261],[138.99243155677095,35.75551763992718],[138.99561072675374,35.75376819864351],[138.99882819706374,35.75113819786958],[139.00193819748984,35.75014597315817],[139.00515542228493,35.75045153221248],[139.00568985700136,35.74813291899909],[139.01038927424565,35.74229210829424],[139.01229092128904,35.73866905453332],[139.0146234110416,35.73857905398023],[139.01747953375354,35.73964044105355],[139.02167953318394,35.74013350515719],[139.02711649882747,35.74237710861672],[139.02786094772466,35.7442901356813],[139.03196927476233,35.74419127950398],[139.03445511061489,35.74245989211039],[139.03986900145333,35.744510721392714],[139.04137705660594,35.74606294584834],[139.04107955907443,35.74783069463092],[139.0396781976907,35.75011208130758],[139.0400715305767,35.75137958669865],[139.0426965248248,35.75510791959488],[139.04312403464655,35.757671532415316],[139.04579128444027,35.758047919376054],[139.04917294397626,35.76005819822734],[139.05319072637099,35.75964791941601],[139.05488710855332,35.76017680261742],[139.05693158232668,35.76366235993004],[139.05830408626468,35.76439486493115],[139.0609479770676,35.76410346840038],[139.06361522776058,35.765602918839704],[139.06649355473382,35.765643505243645],[139.06903994823506,35.76685627969363],[139.07060302211187,35.76852210830873],[139.07359496853303,35.77002933338707],[139.07502861198088,35.77199544113677],[139.080073606312,35.77010436022812],[139.08290194626784,35.76989936066701],[139.08677724997017,35.771244360638775],[139.0884739172376,35.77018938753025],[139.09341891145368,35.76996466763535],[139.0954119970661,35.77268077489788],[139.0953900527088,35.77472161361163],[139.0966211931136,35.77591827940512],[139.10119758849794,35.77760358643644],[139.1022087160594,35.7783755321052],[139.10585066097929,35.77911302744434],[139.10754260770523,35.77683913571758],[139.1097164984177,35.77551525182747],[139.11434927409982,35.77354361324723],[139.11502372246684,35.77259555963741],[139.11815678330902,35.77144000005603],[139.12115289269195,35.76956141432788],[139.12296428017748,35.76942530643282],[139.1251337228431,35.76760197325251],[139.12821316520547,35.76698113527124],[139.13075121929342,35.76511586490528],[139.13284124552717,35.76642227946468],[139.1360954477468,35.770255892395596],[139.13763849552026,35.772431999936884],[139.13716046718184,35.77803922523009],[139.14048494242627,35.77899450489252],[139.14281243824348,35.78104977502716],[139.14780941597178,35.782024532206435],[139.14687885957176,35.7850631354554],[139.14757027274993,35.78901258646175],[139.1475591966996,35.79163453200812],[139.14692308733072,35.79303144084838],[139.14872836662084,35.7944645321125],[139.14982005275328,35.796378414432354],[139.1546417256352,35.79769480247319],[139.15630535720652,35.798625360671906],[139.15825814509742,35.798286468245976],[139.16093286645867,35.79920036020849],[139.16481566870823,35.801600108458274],[139.16732121949872,35.80172510792744],[139.17153180305036,35.80355289185252],[139.17166513653683,35.80509427947749],[139.17364544727968,35.806794279632356],[139.1755148904998,35.80684150483165],[139.1742093644707,35.81282705422524],[139.1774116344394,35.82019013566628],[139.1752422187535,35.82682819806297],[139.17843085679863,35.83058902706199],[139.17690031140035,35.83305819847715],[139.1773503375481,35.83514986507424],[139.17533644612013,35.836066252655485],[139.17172033782344,35.840025107872464],[139.17108533102328,35.839980387285095],[139.16611810646555,35.84297150543068],[139.1664186904702,35.84456927964857],[139.1646992487714,35.8472520544388],[139.1625762003315,35.84955066762927],[139.16353066161082,35.85086817082947]]]},"properties":{"N03_001":"東京都","N03_002":null,"N03_003":"西多摩郡","N03_004":"奥多摩町","N03_007":"13308"}},{"type":"Feature","geometry":{"type":"Polygon","coordinates":[[[139.36109136257642,34.799072946259514],[139.35878172549633,34.79321353217881],[139.35592939072887,34.79151846840267],[139.35370089498042,34.78925633351304],[139.35232557706377,34.78425094622423],[139.35039527941865,34.78387630664628],[139.34933620000572,34.77500319783934],[139.3515353571711,34.77167800043941],[139.35197461753467,34.76951902768104],[139.35088230907138,34.766730532188376],[139.3489148127685,34.76604425234041],[139.3487851107443,34.76243972101639],[139.34909866477165,34.759030252644095],[139.35065900111204,34.756807775158734],[139.35199992265836,34.753497359915286],[139.35163684836198,34.752100946601445],[139.35313338499782,34.75033441460158],[139.35278180313776,34.748542386821725],[139.35322552503806,34.74617046809266],[139.35623097298105,34.74326080244413],[139.35606247780117,34.739862748267285],[139.35683594062618,34.73505744124799],[139.35310255533875,34.73086249510811],[139.3532313886177,34.726977081227346],[139.3523662525006,34.72507610867552],[139.3525039692828,34.719165225494805],[139.35351605732023,34.71724269439488],[139.35612406067696,34.71567646839435],[139.3569116734351,34.714244000360395],[139.3610460574297,34.71030158654901],[139.35988330776854,34.70736744135439],[139.35919221834627,34.702000081438655],[139.3609751881545,34.701985441375086],[139.36478671913187,34.70052827885701],[139.36775202313743,34.70049816236036],[139.3725734118335,34.699620748698635],[139.37474306134322,34.696877559252016],[139.37660844412449,34.69585077539301],[139.38066795146483,34.695854667658864],[139.3838362783216,34.69378949508916],[139.38469483859603,34.6920120003536],[139.38729391708068,34.68995816193967],[139.39099552572304,34.687779892428125],[139.3940900002534,34.686986586062176],[139.39572516198666,34.68393138762349],[139.3994212451944,34.68409497340434],[139.4001513364151,34.682719333530486],[139.40198902727184,34.6819432518796],[139.40410596661718,34.682557441173],[139.40647197140447,34.68117733346719],[139.41026722465278,34.68064497348678],[139.4113424127222,34.68162269393224],[139.41609661576626,34.68110744085578],[139.42079841801262,34.6824102518317],[139.4235562268385,34.68209753237528],[139.4252652795691,34.68266816210604],[139.4267673677199,34.6810892250877],[139.42824121985643,34.681305531824876],[139.42909352804395,34.679893892089524],[139.4312058880414,34.67853130587514],[139.43374505818792,34.678195360527525],[139.43868489029546,34.67866880232344],[139.44024625276245,34.67988086540964],[139.44077953364865,34.68199358603522],[139.43637717326794,34.68753713483096],[139.4372051619887,34.68873794649909],[139.43928464367139,34.68772725241081],[139.43935286624185,34.68546402754288],[139.443663800644,34.684321333662695],[139.44474019560357,34.68453510790897],[139.44429878136373,34.68858446819871],[139.44579428018199,34.68984097308248],[139.44658002684685,34.692932054470816],[139.45000408671933,34.69652655925336],[139.44954108964964,34.6982755589699],[139.4477249681329,34.69999189261182],[139.44593129729162,34.70055695553913],[139.44370406059397,34.70297953217971],[139.44385457832618,34.70707816182778],[139.44489717316605,34.710687721261365],[139.44869185534492,34.713129694479846],[139.44927383901654,34.7156414955586],[139.44878289281633,34.71959794598848],[139.44610992243508,34.72242669423662],[139.44482063636337,34.725205360139284],[139.4454894684643,34.72807374870462],[139.44504389126269,34.7307273602795],[139.44388180350245,34.731985748343675],[139.4442337486886,34.733781332942215],[139.445515253826,34.73571716231726],[139.44669708260437,34.73610702741746],[139.4480775887098,34.73828205397365],[139.44888258176582,34.74103066723154],[139.4481315300461,34.74442236050356],[139.4456614143429,34.74723046841143],[139.44337428009896,34.747696640087895],[139.44051569414398,34.753573559472215],[139.44099258124265,34.75583533283441],[139.43972075281056,34.76020313496673],[139.43884583746546,34.761131306364746],[139.43787600497376,34.76432035989677],[139.43716933929363,34.76475510836161],[139.43679311331164,34.76763122570054],[139.43320099982634,34.77236497366465],[139.42883133609735,34.775237468534385],[139.42469830108575,34.778673613496494],[139.42334771722346,34.780863775642786],[139.42065403455615,34.78106986518219],[139.41794230968992,34.7819485324988],[139.41466619998516,34.78377455914864],[139.4119816346448,34.78682758662387],[139.40797258106977,34.78619349533358],[139.4056933078,34.78761538734028],[139.40312525322793,34.78708302735987],[139.39999291813876,34.78805733307951],[139.39800666737392,34.78787608101635],[139.39161652468295,34.78973043271333],[139.38992655017023,34.788611027676836],[139.38872683567502,34.789305225156056],[139.38422036347902,34.78999805386712],[139.38211403433525,34.79137377557936],[139.38049978004085,34.794333892295356],[139.37794697797074,34.79389902691861],[139.37583944283608,34.79494300041921],[139.37440333344716,34.79686236050958],[139.3723020234197,34.79843627931092],[139.3681425294542,34.796389559030956],[139.3667893006857,34.796420721439176],[139.36352277685478,34.79828372101696],[139.36109136257642,34.799072946259514]]]},"properties":{"N03_001":"東京都","N03_002":null,"N03_003":"大島支庁","N03_004":"大島町","N03_007":"13361"}},{"type":"Feature","geometry":{"type":"Polygon","coordinates":[[[139.27565162142525,34.53228621583622],[139.27398722453086,34.53224277498413],[139.2718774977484,34.53089027916309],[139.26870000050474,34.52732333320529],[139.26738555140219,34.522956666916684],[139.26806306106153,34.51745972098939],[139.26972138843144,34.51514027950037],[139.27221360677265,34.51268361315829],[139.27633277603684,34.51105082923243],[139.28088944209412,34.511811946164414],[139.28508416340344,34.515693332881085],[139.29079444920455,34.520503054672304],[139.29273194682196,34.522918054524666],[139.2931113887796,34.52461833346939],[139.29235778208601,34.52682110860735],[139.29088389127867,34.528833333591535],[139.2849274970065,34.532330559607715],[139.28138111584587,34.53213416206199],[139.27565162142525,34.53228621583622]]]},"properties":{"N03_001":"東京都","N03_002":null,"N03_003":"大島支庁","N03_004":"利島村","N03_007":"13362"}},{"type":"Feature","geometry":{"type":"MultiPolygon","coordinates":[[[[139.2760111676813,34.32740066720709],[139.27521075217453,34.32649274854157],[139.27743710843583,34.32414277506905],[139.27965988359676,34.32551610818189],[139.2783133592742,34.32705491924918],[139.2760111676813,34.32740066720709]]],[[[139.2128729702115,34.336931559044274],[139.21138158219435,34.33586474815968],[139.20923452725174,34.336737613050445],[139.20801603131486,34.335299387556745],[139.2060878605664,34.33468089230939],[139.20880124558107,34.33120374815451],[139.2065899745478,34.32826194613199],[139.20435861265992,34.326720748263995],[139.20178058460635,34.32894894633688],[139.20072177768793,34.32657616245996],[139.2009157461648,34.32537577527188],[139.19892360663926,34.32498977545782],[139.196755058799,34.3232640546924],[139.19392338505622,34.32026669435254],[139.1949058880963,34.318203108186935],[139.19662136198633,34.317585801843336],[139.19784625210286,34.31610063983271],[139.20092433199238,34.31613325194809],[139.20218455377415,34.31805772108703],[139.20283674481993,34.32098833284533],[139.20746875517898,34.32112453247123],[139.20699147957316,34.31974125195728],[139.20808124565303,34.31749455932652],[139.21102036319928,34.318123667473344],[139.21192594003014,34.31649716261404],[139.21344686178327,34.316223252501175],[139.2150114402258,34.31777191923874],[139.2165135283767,34.31710482912462],[139.21797147960012,34.32029474870376],[139.22028085677618,34.32247297324915],[139.22263005233515,34.32377913509907],[139.22445766538897,34.323348468656945],[139.2266452275952,34.327721586681946],[139.22550605725883,34.33093008085859],[139.22086963752383,34.33212802728667],[139.21694953319445,34.333577360307004],[139.21466978058595,34.333104081288354],[139.21407817147053,34.33527555911979],[139.2128729702115,34.336931559044274]]],[[[139.2244265506448,34.37561286524158],[139.2244368874525,34.37340269407912],[139.22798133596996,34.37091136067079],[139.22642703048314,34.367318999872],[139.22891669385035,34.36749486499605],[139.22846350208897,34.36873874789495],[139.22933814583882,34.37259286536852],[139.2244265506448,34.37561286524158]]],[[[139.27929953334683,34.43138991930937],[139.27948639448164,34.429553613408586],[139.28069280263082,34.42913469391107],[139.28042941638455,34.42695277495068],[139.28174233574032,34.42403291908403],[139.28115070054446,34.42083861351125],[139.27955119333296,34.41802494599449],[139.27643347672358,34.415773000423656],[139.2738613626119,34.41528441404455],[139.27248177741217,34.41668108096718],[139.26868819780213,34.415385892644906],[139.26702238717348,34.41338377514114],[139.26783919642185,34.411581054422186],[139.26611338572422,34.41008613566669],[139.2671233855359,34.408260413887035],[139.26378927405585,34.40597410791878],[139.26077727635027,34.404550053941875],[139.25896852118035,34.40213561346786],[139.25571999997806,34.400280360650186],[139.25649019556613,34.398753162528465],[139.25519891120086,34.39619946833085],[139.25720902727483,34.395148279569526],[139.25727442327604,34.39246161341276],[139.25559416324006,34.383833360321375],[139.2546415950336,34.38293334220003],[139.25371133630915,34.37907277568809],[139.25245861217525,34.376440693882955],[139.24889980508203,34.37096694596784],[139.2481428924806,34.37085525196835],[139.24585153052374,34.367872748428624],[139.2433368354267,34.36788122543828],[139.24319380005386,34.365219775372395],[139.24204189441798,34.36386333332621],[139.244306887353,34.3612249733539],[139.2452401435179,34.358959973224216],[139.24572944216004,34.35433755953079],[139.24506722457284,34.35360538727883],[139.2444882491335,34.34849177557504],[139.24916169935295,34.345073829293824],[139.24975992208283,34.34319525255893],[139.2525595853566,34.339299054008166],[139.25537160801332,34.33826900021427],[139.25774958547504,34.33576458616676],[139.26090649813648,34.33414133325596],[139.26592763974884,34.33290489224703],[139.2706370826353,34.33094930656529],[139.2718513886307,34.330888721037695],[139.27224119347636,34.33676738690542],[139.27318652483837,34.34075289263194],[139.27585936481785,34.34341908122565],[139.27627752348894,34.34781680200388],[139.2760083402128,34.35341322553995],[139.27601050667965,34.36218327923501],[139.27580847038462,34.369620972929624],[139.27654313915457,34.38186261296926],[139.277882192809,34.39035425184727],[139.2797263048252,34.39360827959848],[139.28523586374422,34.40008464029398],[139.28821992221174,34.40089053267201],[139.28984620044184,34.40257338725206],[139.289339689675,34.40609435986687],[139.29136243852577,34.40816816233087],[139.2866040860098,34.41151300002497],[139.28676486410723,34.41416797317345],[139.2915594161342,34.41844638719107],[139.29059972799507,34.42414755926251],[139.28845153001419,34.42552277555569],[139.2885195592304,34.42686366742436],[139.28583311340753,34.4288421984088],[139.28407557732612,34.42858413524971],[139.2826833071889,34.43046761328975],[139.28079930034755,34.4304782252899],[139.27929953334683,34.43138991930937]]],[[[139.2865069394437,34.478353333139864],[139.2894583408298,34.47505694642098],[139.29180527909045,34.47108861324898],[139.2916683402218,34.47012666691222],[139.2946600006586,34.46977777492441],[139.2989936060701,34.4702961081789],[139.29932389108478,34.47135389256812],[139.29742639441258,34.472999162681276],[139.29243167308334,34.47528222569423],[139.2890436067771,34.47755082940728],[139.2865069394437,34.478353333139864]]]]},"properties":{"N03_001":"東京都","N03_002":null,"N03_003":"大島支庁","N03_004":"新島村","N03_007":"13363"}},{"type":"Feature","geometry":{"type":"MultiPolygon","coordinates":[[[[153.9839205066262,24.297550441100043],[153.98274948140352,24.296886937482213],[153.98156430624783,24.294830044970638],[153.97776348979323,24.290803279247996],[153.97244426698944,24.28656573941737],[153.97150939024618,24.284308694690537],[153.97756444914012,24.28324019847645],[153.98212232208755,24.28123389193064],[153.9844279904595,24.280863604172055],[153.9864636715613,24.282051153537964],[153.98655361905435,24.283960171424837],[153.9850122440199,24.289999613591363],[153.9846692875576,24.294146026917645],[153.98493911834566,24.296367432411103],[153.9839205066262,24.297550441100043]]],[[[142.1259994168397,26.71429341430968],[142.12348075213504,26.71408891926825],[142.1226001171018,26.71061189202527],[142.12330411269465,26.709569279198945],[142.12327849550627,26.7057544414144],[142.12550605775846,26.704072000522444],[142.12544124541716,26.702878252129665],[142.12701992253142,26.701201640643262],[142.12822341148137,26.7013561981301],[142.1287038652912,26.698995748455104],[142.12865569400515,26.695299532147715],[142.13008552522683,26.694268333516845],[142.13096153055028,26.69035274828076],[142.13080572030776,26.689075495138013],[142.13364581170492,26.686534748479914],[142.13532341154632,26.68597216228551],[142.13648411255178,26.684285053912163],[142.1364521920151,26.681528081455838],[142.14322155632988,26.67677369405078],[142.14476014346587,26.676316946370036],[142.14501771739378,26.674463775482877],[142.14366486454196,26.672205414148607],[142.1440736963441,26.66982053259153],[142.14150511027265,26.66723527938467],[142.1428681452487,26.666338306367777],[142.14549172576255,26.666669252384168],[142.14641328174764,26.667985694384356],[142.14777247751783,26.667589667129505],[142.1493107004286,26.665872891920458],[142.1492403374716,26.662061333064116],[142.1452136068226,26.65824097344222],[142.14518102528416,26.656475080860332],[142.14702005253343,26.65683408122794],[142.14639929998782,26.65286189266226],[142.14891294467668,26.650923305965875],[142.14846897546295,26.649464946450166],[142.14941919643888,26.648431135288718],[142.15189992234366,26.647750558941198],[142.15288447583794,26.646363135250567],[142.1516946691737,26.645597197952384],[142.15401216632847,26.637275027320698],[142.1540863298203,26.635943667366405],[142.15643422855692,26.635679162363488],[142.15849867717225,26.63892836884918],[142.16070841845885,26.639918919022932],[142.16130430654857,26.634090586411503],[142.16102243833495,26.6317808926741],[142.16183433278832,26.63032627883473],[142.16419581128775,26.630089865055254],[142.16507038938698,26.631363640519623],[142.1695434112994,26.632271667103794],[142.17116044180102,26.630999108422145],[142.17214910519715,26.6282554414355],[142.17310280205277,26.628178279603958],[142.17324489043938,26.62568630587839],[142.17614572024888,26.623859414080755],[142.17471347614605,26.62272033367651],[142.17626719797283,26.621540829645596],[142.17731572024434,26.619248559373546],[142.17654814528078,26.616416775014216],[142.17786155656563,26.61549480264307],[142.17678131070898,26.61366291960809],[142.17516379996948,26.61271019851688],[142.17362763920426,26.609934135252217],[142.1764561617225,26.60961905417605],[142.1776037227337,26.607787802465168],[142.17882282751157,26.607977559416895],[142.1816180031684,26.610079945932796],[142.18218927411579,26.611999027233367],[142.18091941609828,26.614179802256103],[142.18088961166632,26.616419441504092],[142.18179197162226,26.62060264069936],[142.18185941627905,26.622669414062273],[142.18024538321788,26.624284467853954],[142.18041691360975,26.627289829462086],[142.18110691305367,26.628408586087403],[142.18010085676917,26.629598721004243],[142.18044505879254,26.631081054646984],[142.17721856018852,26.634116586711173],[142.17272577207677,26.63612713535906],[142.17325050670559,26.63919410862127],[142.17122980561112,26.64343369440951],[142.17351111584537,26.644683865368165],[142.17326647236985,26.646527613158867],[142.1745703634316,26.64796064057117],[142.173814475158,26.652653162713364],[142.17434014328308,26.654371134919984],[142.17592858613546,26.65506610851412],[142.17831917029355,26.654754532096035],[142.18027627852746,26.653115666954534],[142.18418830154894,26.654711027392068],[142.18472216609518,26.655801532714634],[142.1884266156958,26.655438225493754],[142.18827671939516,26.658689414085245],[142.1872410511337,26.65958277542478],[142.18467230947954,26.658459720939447],[142.1840885604388,26.65979277521643],[142.18198089580176,26.659389225132657],[142.1822923355229,26.656815333061218],[142.18066961141346,26.65698419786247],[142.17921119344192,26.655460613216803],[142.1760124380237,26.65668253197333],[142.17503321750905,26.655778468701442],[142.1726639697664,26.656197946677935],[142.1694888071628,26.65835869469805],[142.167571414789,26.657925162116612],[142.1645284183519,26.66091761305745],[142.16353581142857,26.66256982953405],[142.16386594086055,26.664339332893974],[142.16217538358717,26.666585494924675],[142.16275847072689,26.670112829343623],[142.16164416304775,26.672881829332994],[142.16365124570848,26.676166639978476],[142.1640301696567,26.677799775539256],[142.1655700527158,26.68003505397462],[142.1670345537018,26.680953224911434],[142.16616481215647,26.682753081289718],[142.1660246950837,26.684722775535704],[142.1677533071695,26.68598713509823],[142.16849500683918,26.689895441221665],[142.1664060310136,26.689152495091605],[142.1660624774015,26.68743755899618],[142.16491330750318,26.68684697330923],[142.15932070068982,26.68686544088746],[142.15875927462093,26.686116802048844],[142.15374447502757,26.68403761354506],[142.14974547317513,26.683683441637584],[142.14657780821938,26.685330892606657],[142.14715185537386,26.687357495052424],[142.1457999746891,26.693383468072625],[142.14877197144938,26.69463866714085],[142.15092666703208,26.69424122525237],[142.1512541893294,26.69723100071019],[142.1544373675905,26.698996359994055],[142.159815447425,26.701170775011292],[142.16322038950943,26.70013827955802],[142.1650186387992,26.70257400068965],[142.15868869043084,26.703639441007454],[142.15793208809544,26.70621936033524],[142.1548545783761,26.70864105384163],[142.15332535767914,26.708581972879813],[142.15293338546746,26.70638849493315],[142.14767544786366,26.707608441476452],[142.14551413776735,26.70624941387939],[142.14237902737023,26.708363666949708],[142.141293359501,26.707274640112587],[142.14107406071935,26.705385414505315],[142.14229686171086,26.70346710842034],[142.14132408663738,26.701372441684896],[142.14312744497568,26.698848441302573],[142.14092527957803,26.699144613233386],[142.13625703013793,26.700428108570406],[142.1341374971479,26.69960746821016],[142.13353727612446,26.702297054465532],[142.1310549422319,26.70392282907534],[142.13149313959673,26.70622944083607],[142.13000691368813,26.708677721000072],[142.1275346432093,26.709770441352816],[142.1259994168397,26.71429341430968]]],[[[142.12697055874435,27.68082805437126],[142.1248236063244,27.680652775605154],[142.12533000017947,27.678492495232547],[142.12653778249273,27.678334720870737],[142.12697055874435,27.68082805437126]]],[[[141.46214138881408,24.24506889241553],[141.45859693939735,24.244792224981268],[141.4550374973827,24.241873612876986],[141.45361000080095,24.236406667433812],[141.45328389133863,24.229202495298978],[141.45373306133183,24.226893613649395],[141.45565306173944,24.225262225471397],[141.45924944250783,24.224754162474653],[141.4688086126274,24.227181946189887],[141.46995000069205,24.229886108657013],[141.47200805422835,24.233132225072154],[141.4729191699838,24.239568333012187],[141.472238612522,24.24191361292293],[141.4709650061302,24.241851387031943],[141.46214138881408,24.24506889241553]]],[[[141.2876799481711,24.80660949543193],[141.2861600003838,24.806010829336344],[141.28469847075792,24.799398278907518],[141.28591858637378,24.79828994632402],[141.28648172565113,24.80173905411408],[141.2875469393398,24.803242775433773],[141.2876799481711,24.80660949543193]]],[[[141.32347778237386,24.812615829057336],[141.32152416350937,24.808420279472386],[141.31674805477894,24.805898333141613],[141.31377444913164,24.805339441362207],[141.31143138874768,24.803047494846055],[141.3091455513262,24.801881667704833],[141.30888871664104,24.80070664049913],[141.30533116769925,24.798638495670104],[141.2999295598014,24.79721672147457],[141.29656919621152,24.795586252403666],[141.28968491652574,24.790913586392946],[141.28739330725534,24.79000097326633],[141.28559377463307,24.787169613386993],[141.28689116719363,24.785898865040622],[141.28890208816085,24.787314225271302],[141.29142703013338,24.78556572108124],[141.29331189402876,24.781496694416944],[141.29321433197595,24.778757828910727],[141.29381822313258,24.7775393329739],[141.29352603160112,24.770851946360267],[141.29276894902785,24.76925733325936],[141.2913014146286,24.762839198270456],[141.29055780839622,24.760686775274507],[141.28854805474896,24.75739733312048],[141.28592027260254,24.754677775159223],[141.28521508450865,24.750654559060706],[141.2862790535355,24.74787282916776],[141.28581144024588,24.745840198566384],[141.2881743585599,24.74612372153257],[141.2918187550316,24.74873689239371],[141.29472972829444,24.752551613266405],[141.30199939085924,24.75669519822486],[141.30405980511603,24.757281558896864],[141.31095856028935,24.761244333359343],[141.3175699739752,24.765409919332342],[141.319162581588,24.76607338697727],[141.3237758635653,24.76915972084447],[141.32506902751368,24.77041753244322],[141.32922941630454,24.770784892009203],[141.33627610905523,24.77073944117234],[141.3378966675972,24.77210110827957],[141.3394272246867,24.77243416230681],[141.34070306139722,24.773709999916605],[141.3430080543783,24.77477972100735],[141.34426333348608,24.777656108142935],[141.34620778286296,24.778758891909376],[141.34703360601623,24.781280000072],[141.34633294421008,24.78196702725654],[141.34459333341567,24.78859027961778],[141.34451111559554,24.790507225028477],[141.3435555517474,24.793559000647406],[141.34098749717532,24.799592775286385],[141.33581583783075,24.806165829289625],[141.3343808301113,24.806715279086916],[141.32993416373074,24.810674162182863],[141.32773333382636,24.811656387332448],[141.32347778237386,24.812615829057336]]],[[[141.2841094166164,25.44877121631862],[141.28243997452523,25.448809829610013],[141.28013496805443,25.447968721579286],[141.2783144101819,25.446501495647567],[141.2737169131051,25.441669829499062],[141.27280968961554,25.439423440839164],[141.27222581107242,25.429387883643983],[141.2749294168592,25.42172344118393],[141.2761441374421,25.419432054046126],[141.27836496826876,25.41878816194418],[141.28177608329963,25.41892372125278],[141.28466496831368,25.42008094637862],[141.2876483010283,25.420769828864536],[141.29047552582495,25.422378721400946],[141.29328080446567,25.425717613676966],[141.29322192045538,25.429039279439223],[141.29227608367444,25.43314177527276],[141.2931780290429,25.436470387398515],[141.29250997485553,25.439267332921133],[141.2906352535142,25.440518721561773],[141.29024386586184,25.44357788331274],[141.2881477431239,25.44733316259544],[141.2841094166164,25.44877121631862]]],[[[142.21255944256427,26.564463613105318],[142.20953778254272,26.563998613245474],[142.205881115721,26.561696667167496],[142.20414000036078,26.562273612837032],[142.20405055828667,26.558960000503646],[142.20156583759342,26.556655279117876],[142.20156610918866,26.553498333181608],[142.20473888499157,26.554856946191137],[142.20560834055254,26.554223613029365],[142.212285006348,26.55623944159703],[142.21528749732022,26.55681361285798],[142.21570555166988,26.55867194585369],[142.21789972838985,26.561681107996776],[142.21607610922513,26.56388666743578],[142.21255944256427,26.564463613105318]]],[[[142.1549947215292,26.56454305471823],[142.15216888528585,26.563506387309985],[142.15317805412394,26.559402775417823],[142.15208138844537,26.558645558845512],[142.15346389104582,26.555517775225212],[142.15378221867456,26.552228892449477],[142.15478221802505,26.551685558941415],[142.15482917072973,26.549304441047184],[142.1510700000805,26.54842805441126],[142.15129167307236,26.5466144411036],[142.15598306116942,26.543363054661313],[142.1580877823253,26.5442547216781],[142.15793194600258,26.54675110837701],[142.1599791708021,26.547090559281912],[142.161113606208,26.549078054708502],[142.16086861199688,26.552786107892643],[142.15901360649286,26.555853332965],[142.1595297283144,26.557838613361355],[142.16130583719473,26.55936638704918],[142.16029972874958,26.561538891906366],[142.15677360661675,26.561950279581765],[142.1549947215292,26.56454305471823]]],[[[142.23067277602786,26.575648613592705],[142.22948250351476,26.5751213869425],[142.22653610955388,26.57096333369094],[142.22847666756422,26.569064441270996],[142.2258286120009,26.566426387068134],[142.22682917072973,26.563816387216548],[142.228645279656,26.563807775308646],[142.2316241634245,26.566569162536894],[142.23388805469006,26.56663249549331],[142.23556583709376,26.56749500019413],[142.24017138849888,26.56898305442445],[142.23819500599484,26.57040944124276],[142.23496666737788,26.571037775073307],[142.2332561091822,26.573371108390006],[142.23067277602786,26.575648613592705]]],[[[142.1614391706812,26.588464721669595],[142.15896805403258,26.58756000009396],[142.15820834004296,26.588127495687445],[142.15464500666178,26.58775944094549],[142.15199138879166,26.58543694625814],[142.1494947215043,26.585981946209927],[142.1479169392154,26.583031387488575],[142.1505769395742,26.5817674955735],[142.15252666707204,26.583600278829863],[142.15476555178884,26.584390279288016],[142.15816527960408,26.583367775302634],[142.1596450061122,26.58564582909179],[142.1610061093445,26.586475558899963],[142.1614391706812,26.588464721669595]]],[[[142.16381944231352,26.5928924950926],[142.16434834080337,26.58987082967508],[142.1662280542813,26.59041833333947],[142.16530138834844,26.59225000053715],[142.16381944231352,26.5928924950926]]],[[[142.17759625206543,26.605497279575843],[142.17578963728204,26.603004829209567],[142.17788325630727,26.603109081319076],[142.17759625206543,26.605497279575843]]],[[[142.13105722471118,26.61062472105408],[142.1298152798513,26.608703054202635],[142.12823194604755,26.60915555888198],[142.12748000040176,26.61042333317033],[142.12554472141187,26.607214999972314],[142.12266778209255,26.604291667326663],[142.12428888562363,26.603943054128706],[142.1263347209707,26.602357495402146],[142.1274119460046,26.599288054400233],[142.12568639431174,26.598477225643478],[142.12525861199538,26.595594441630226],[142.1271247214288,26.595918333364466],[142.12892917064482,26.595007225702943],[142.1329180542249,26.59639416196103],[142.13593027226432,26.601396387233535],[142.13466027215395,26.60537444117756],[142.13352834046066,26.60657249552429],[142.13381666760517,26.60839610839372],[142.13275444955832,26.610105829320617],[142.13105722471118,26.61062472105408]]],[[[142.17401027285587,27.044093892219394],[142.17312639486727,27.04343305419212],[142.17400861270733,27.036650279187086],[142.1753130613488,27.031761387378197],[142.17692306184983,27.031933333256802],[142.17531000005647,27.036720829202977],[142.17772000057766,27.036808333238014],[142.17401027285587,27.044093892219394]]],[[[142.24130749754306,27.095826945956844],[142.24163360610612,27.09440694612374],[142.2432636066302,27.0926416668795],[142.24466972812547,27.0921869462706],[142.24573888534132,27.090312224929278],[142.2480994420357,27.09094194641375],[142.24855610967677,27.09305222537995],[142.24626416316062,27.094920000357774],[142.24130749754306,27.095826945956844]]],[[[142.1932890791278,27.10582825247195],[142.19095282751107,27.104487252684635],[142.18878805412544,27.104578081513296],[142.1871160570604,27.10552008088706],[142.1829796370007,27.10313200044152],[142.18169097325983,27.100407081621597],[142.18289783466741,27.09703872126005],[142.18203377413943,27.095290027312956],[142.18257403466407,27.09313777518821],[142.1859694682164,27.09131716245713],[142.18624658980832,27.08858227914891],[142.18784189448786,27.087995198119927],[142.19040635536908,27.089266441093457],[142.19218097317344,27.093001586354205],[142.1981504417895,27.096051586711383],[142.19890652431673,27.09773074867519],[142.20103075266718,27.099403000248287],[142.20281194631434,27.098569162337014],[142.20133299682038,27.09580508163924],[142.20312350204802,27.095125107837532],[142.20374608381474,27.093649332950406],[142.20331024627092,27.091306892199384],[142.20376150538925,27.090071694053506],[142.20196542256622,27.08743786486565],[142.20389308699646,27.086391694321264],[142.20412011724966,27.08492053205697],[142.2063880033038,27.08622882889739],[142.20835639443214,27.083799197974656],[142.20720535754128,27.082481054457162],[142.20684007810723,27.077943360497727],[142.20510372285855,27.07664222495879],[142.20580428034327,27.074863225657396],[142.20312544728165,27.07294155970527],[142.20202058428265,27.072928694004077],[142.19876111563303,27.075162440893962],[142.19686483844157,27.07464649533955],[142.19221622659768,27.075421468126308],[142.19079861266596,27.073657775286165],[142.1866588597187,27.072717613227326],[142.18378031151224,27.07526494652012],[142.1828481066549,27.07511200061839],[142.18171403457507,27.07281986524464],[142.1823984950945,27.07098591916491],[142.18444608322022,27.070531864953637],[142.187179144502,27.071640225416104],[142.18794172553032,27.06979199990093],[142.18959230973735,27.070036640678495],[142.19112620061378,27.06824494654711],[142.1932828027592,27.067153747847215],[142.19139472108952,27.065179252120856],[142.19351489079963,27.064212198534165],[142.19485403438625,27.06285964065995],[142.19526968934474,27.061053027675143],[142.1942141127911,27.059315747923506],[142.1929023877351,27.059357532224396],[142.18820780884334,27.061531081194516],[142.1876491967531,27.056082333532913],[142.18951968948215,27.055513918832332],[142.1890703890873,27.052461532573716],[142.1897759665876,27.050440081444663],[142.18894396958854,27.048599829318732],[142.18637856082194,27.048203775084176],[142.18511910526252,27.045741666944423],[142.1840077176821,27.045518468702426],[142.18528150573695,27.043026667646643],[142.1871945786669,27.044815865260034],[142.18977335945306,27.043910360374866],[142.19103063685452,27.04242689268699],[142.19459133612133,27.041960721010526],[142.1956700522312,27.043978559562902],[142.19833369664286,27.045526639942523],[142.2062846172414,27.044120081376718],[142.2081371343213,27.040355585841667],[142.21239199779257,27.040647441026636],[142.21454102584778,27.039770108303912],[142.21736985773282,27.04160513536874],[142.21954080406488,27.041374774926],[142.2205341637208,27.040456387252505],[142.21884917055286,27.037602532630842],[142.21955958550654,27.036267945909003],[142.22308160852947,27.035923413834553],[142.22580263328496,27.036295000214125],[142.2293891439939,27.035945667558565],[142.22965243850933,27.03774805462905],[142.2284367835308,27.038890081212344],[142.2259105582258,27.03889208130454],[142.22525780870103,27.04162489257476],[142.2227401953038,27.0442296673653],[142.22364800335276,27.046063973173887],[142.22607153057675,27.045838892650806],[142.22516333312137,27.048030532383223],[142.22630258169886,27.049822135683087],[142.22191461766556,27.052869108022946],[142.22234852166696,27.053963694468962],[142.2250594425393,27.05355602728889],[142.22628211402844,27.05514738754198],[142.22866819707974,27.056847305858525],[142.2296792742792,27.054547802339243],[142.23352496870245,27.05143713551547],[142.23528610926655,27.049542495090122],[142.23747263365522,27.051346053977284],[142.2372339958523,27.053916441390697],[142.2346957726918,27.05621405453502],[142.23186133623176,27.056815829586924],[142.23186347661817,27.058160946470537],[142.23014422827362,27.059492801951308],[142.23026883383966,27.06072325257611],[142.2317753052862,27.06279219870106],[142.23077219248273,27.069040946382643],[142.23133674459518,27.07148182962277],[142.23276888527585,27.07291382910995],[142.23320591442143,27.075475892398572],[142.23285503223406,27.077508162371828],[142.22840978048703,27.081299225678777],[142.22590000018488,27.080677892171025],[142.22436355433467,27.082169865646847],[142.22505678324399,27.083066108414243],[142.22314953342425,27.085933558986596],[142.22493124508094,27.087874748321042],[142.22476605760755,27.08983016223226],[142.22356680986047,27.090767252207],[142.22257513643342,27.093176252681985],[142.21953705658996,27.09582113543712],[142.21770481202748,27.09839308137566],[142.21767297063116,27.100132306360877],[142.21480335898787,27.100438613651136],[142.21143752302328,27.103454892129605],[142.2089446436804,27.103130973415716],[142.2055179514923,27.10339508091829],[142.2044042544528,27.10545780193604],[142.1975825810713,27.104508134942535],[142.19573403449817,27.10496913551725],[142.1947657722227,27.103540802566044],[142.19347697808018,27.103826278859742],[142.1932890791278,27.10582825247195]]],[[[142.18567221799856,27.118748054179434],[142.18443666731844,27.118091946586105],[142.1866713881741,27.116274721601144],[142.187407497658,27.117459721389082],[142.18567221799856,27.118748054179434]]],[[[142.16841778205503,27.12156916268674],[142.1670522181854,27.120394720939657],[142.1651622182618,27.121363613639915],[142.16383167309334,27.120080279281524],[142.16545277662442,27.117944161893604],[142.1654411151154,27.116504440827327],[142.163847497564,27.115166387219062],[142.1619733338024,27.115120000187915],[142.16159333336566,27.11327333319781],[142.1655850066428,27.11290138708938],[142.16732834063043,27.115153892038563],[142.16837444912164,27.11458138722128],[142.17048861225976,27.11498110799181],[142.17177749723373,27.116358613059617],[142.17036389158045,27.119152495491335],[142.16841778205503,27.12156916268674]]],[[[142.19166666708304,27.144172919045047],[142.19086194652164,27.139899162616302],[142.1898533334646,27.139362225086643],[142.18898527904742,27.136968612911232],[142.19311055830565,27.13351277549424],[142.19007055840962,27.131944721171976],[142.18794944261276,27.12975999992409],[142.18913221837727,27.126526387682702],[142.19080972828635,27.12477333292304],[142.19019917045546,27.123247225678995],[142.18712444953383,27.121533613385623],[142.18994722448485,27.120655000028307],[142.19411250378903,27.12326805397754],[142.19840083013423,27.123188053885656],[142.20130917018207,27.121979721187245],[142.2019477823643,27.11993361334561],[142.20634083026516,27.11801749531122],[142.20572194651072,27.116040000345777],[142.2030852790624,27.11424027886585],[142.2005847213079,27.111270828985596],[142.2007702721304,27.109798333026674],[142.20431389147302,27.110381108101706],[142.20674444959673,27.109143613087326],[142.20995111545164,27.108860559567233],[142.21261805407994,27.109616946065273],[142.21650389154138,27.10847055956873],[142.22003778201804,27.108878054078957],[142.22069472148428,27.1108574951773],[142.22274555166598,27.110127224991516],[142.2260383401973,27.11113777518824],[142.2290988851055,27.10987000000057],[142.2307650060003,27.110311387260765],[142.23169472153427,27.109190559496767],[142.233884449308,27.109100279254562],[142.23608389155845,27.111593613654406],[142.23534389160739,27.11416582938955],[142.22898111528627,27.11450110833954],[142.22768111559105,27.114960279693207],[142.22606861227666,27.116940279270523],[142.22730277620224,27.118251667080813],[142.226206667204,27.119844721656648],[142.2266169397201,27.12406277497712],[142.22403111544372,27.12301444156327],[142.22255778221597,27.12629582938905],[142.2204305582237,27.127092495622207],[142.21856917023104,27.12956527961404],[142.21963861253198,27.132662774967116],[142.2168880540405,27.133581945950084],[142.21645693973608,27.13254110838551],[142.21388972872808,27.131403054107693],[142.2098213882465,27.130283891888155],[142.2092652789695,27.129402495129114],[142.20502917085958,27.128862775097048],[142.2052000006795,27.13104610869101],[142.20678944267866,27.132752775520203],[142.20688416377322,27.134058613614172],[142.20511444907265,27.134859441010462],[142.2035741631172,27.134535559168796],[142.20219861227622,27.13312416225034],[142.20028834073435,27.13270055908356],[142.20012027273242,27.134077775468995],[142.19821917067827,27.134792225680712],[142.1945758372052,27.137841667558973],[142.19598778271006,27.13954972114277],[142.1937258375774,27.141037495683918],[142.19402221815096,27.143642774994134],[142.19166666708304,27.144172919045047]]],[[[142.18921610983568,27.190032225306993],[142.18507666715448,27.1872347213054],[142.18575138801623,27.184673613096834],[142.18769805422187,27.18419305406627],[142.18757472119648,27.182096108448718],[142.18567583776974,27.179973891881673],[142.18588277626918,27.17733861298666],[142.18755221836022,27.176693612919962],[142.18724250353876,27.173920279097672],[142.18768722458583,27.17231194593961],[142.18557834046806,27.171438613401335],[142.1837905583876,27.168673892386266],[142.18429527950366,27.166619161844892],[142.18326666732287,27.16604861305308],[142.18440250297317,27.159298333251513],[142.18188221858964,27.156566667717584],[142.18444555172096,27.1568841625741],[142.18635111531182,27.154653054295068],[142.18469250375608,27.15258333295452],[142.18561360648278,27.150432775152524],[142.18466167319775,27.149524162210355],[142.1811900005182,27.1508183333994],[142.17962917044997,27.148345559300196],[142.18064111549518,27.146450000667073],[142.18726861265645,27.144722495646704],[142.18825778237078,27.14629610867854],[142.1875527768392,27.147654441099633],[142.18792111576693,27.150184440859334],[142.18934639462043,27.150697775681863],[142.19239138845182,27.150618892547925],[142.19305333354453,27.152497775052325],[142.1962572240917,27.15456555925323],[142.1975591708191,27.157086667415797],[142.19939444969418,27.158162775491746],[142.19774444914708,27.159866108534118],[142.20033111518887,27.162633612950913],[142.2008447216067,27.16618694587089],[142.2021613884374,27.169135829155266],[142.19805944208963,27.168825559452046],[142.19807221875794,27.171001946682566],[142.19511610942095,27.173288053900592],[142.19460250300313,27.17638999999855],[142.1952908306074,27.179121946120972],[142.1999202725026,27.181373892591125],[142.2000838915584,27.18283138695898],[142.19726360683,27.18250722542814],[142.19580834008286,27.18461194658414],[142.19122416376422,27.185852775385342],[142.18918333314434,27.187081108106725],[142.18921610983568,27.190032225306993]]],[[[142.19856083031812,27.196769721245687],[142.19741527929182,27.195489162195145],[142.1952272242571,27.19643722569748],[142.1936511156066,27.19551749533622],[142.19345583771678,27.19390916217816],[142.19559944286004,27.193686945995807],[142.19840944204213,27.1948080543483],[142.19856083031812,27.196769721245687]]],[[[140.8750460444395,27.25401232400958],[140.87335491609656,27.253708027603466],[140.87114317831504,27.250821505108433],[140.87115731565768,27.246919955591522],[140.86927059736024,27.243981405517502],[140.86929451483002,27.242961648961],[140.87459975407546,27.237724296838906],[140.87766852148513,27.23794457768014],[140.88191621376234,27.237017117645905],[140.88406338561686,27.237157215832895],[140.88667101215754,27.238924369264282],[140.88892076518118,27.242760667570792],[140.89001630400924,27.245655396379505],[140.88907815823052,27.248229216505194],[140.88602604446646,27.251266279215486],[140.88039507167525,27.253372414105684],[140.8750460444395,27.25401232400958]]],[[[142.20695167318127,27.48950499985591],[142.2054308305684,27.487772225707715],[142.20883167354293,27.487913613522494],[142.20695167318127,27.48950499985591]]],[[[142.2114083400229,27.502242225698183],[142.2098280540215,27.500103054212616],[142.20532027241268,27.500447495455603],[142.20426333338617,27.499490829038564],[142.20448749750005,27.49705582916323],[142.20543055807389,27.49638138709139],[142.21147083031462,27.49473861349628],[142.21197610901027,27.493626667436786],[142.21112472172854,27.491945559340138],[142.21199555145358,27.49006082944379],[142.2134025030232,27.489335559488552],[142.21510277657194,27.48961222512412],[142.21406472150977,27.49462666768659],[142.21206972843527,27.496265558908476],[142.2129291700452,27.498221108617315],[142.2114083400229,27.502242225698183]]],[[[142.17506666779252,27.63588666723598],[142.1737969392774,27.635198613025636],[142.17344083023022,27.63359972095043],[142.17219138862174,27.633100000064985],[142.1712844493179,27.630986108522166],[142.17212055801735,27.630250829112526],[142.17217778277848,27.62821277559914],[142.17343194672708,27.62557444170716],[142.1734480544842,27.6243561085476],[142.17565972841385,27.62305666733141],[142.17904610939047,27.624954162204858],[142.180269170286,27.622843332853563],[142.18190917037202,27.623209162672765],[142.18325500671324,27.620949161874364],[142.1854186127788,27.619457495067422],[142.1872441636873,27.622508892071778],[142.18487888555217,27.62576582912976],[142.18309416386467,27.630383054634308],[142.17958693918592,27.63040694602381],[142.17838111559604,27.632073613706382],[142.17820194636283,27.63367277557819],[142.17604055802542,27.633950828867683],[142.17506666779252,27.63588666723598]]],[[[142.1312466677996,27.688738333707192],[142.12816138883704,27.68818527942716],[142.12521277624865,27.686991108353027],[142.12536583726364,27.684199440951488],[142.12687194628336,27.68355444088479],[142.12720944206217,27.681737495589005],[142.12892972822442,27.681628333181095],[142.12935888560412,27.680077775169252],[142.13145167365587,27.679396387633233],[142.13322944268475,27.680166387169095],[142.13542250334592,27.6800861082873],[142.13889555108892,27.678903613111288],[142.13781306142369,27.67445555907682],[142.13966306130135,27.67207500056088],[142.1411091702521,27.671448892552405],[142.14358778275005,27.671648333403937],[142.14567639435018,27.670588054295308],[142.14714306180292,27.671436667168507],[142.1488138915479,27.673546387655733],[142.14793610916422,27.679655829452997],[142.14864111559507,27.68083499983544],[142.14774138885412,27.682040829720563],[142.14812693900706,27.683622774971127],[142.1464677824623,27.68507889247695],[142.14319389138507,27.686365829519445],[142.14264333362303,27.68851972110832],[142.14011027257106,27.688588333085136],[142.14038972880303,27.686876108445688],[142.1383672245678,27.686374721116522],[142.1362458371757,27.687362775671602],[142.13265888579906,27.68552972171932],[142.13226083057293,27.687900559463287],[142.1312466677996,27.688738333707192]]],[[[142.09657167314424,27.72054000072052],[142.0965230611904,27.719228892599347],[142.09926000034875,27.71742389209902],[142.10260083066385,27.71730027938446],[142.09895472098367,27.72027944104343],[142.09657167314424,27.72054000072052]]]]},"properties":{"N03_001":"東京都","N03_002":null,"N03_003":"小笠原支庁","N03_004":"小笠原村","N03_007":"13421"}},{"type":"Feature","geometry":{"type":"MultiPolygon","coordinates":[[[[139.8409838181546,35.6430569069122],[139.84944116697636,35.64276150513939],[139.85038140098095,35.656526081413574],[139.845542970132,35.65671677545885],[139.84295847055705,35.65682109951416],[139.84254674473652,35.65340391945534],[139.8417294164795,35.650748531419815],[139.8409838181546,35.6430569069122]]],[[[139.80694883342198,35.59774385639389],[139.80561418914363,35.59615904500396],[139.8117148643496,35.58863854083603],[139.80583247708716,35.58544774801521],[139.80847730228572,35.58387030567013],[139.81342616178802,35.57872846784454],[139.83219442293432,35.588935972717024],[139.83212697827753,35.58921430569569],[139.82146479956089,35.60561853246935],[139.81953347668866,35.60457073954802],[139.8205664982454,35.60296689220837],[139.81523446280028,35.60007387391022],[139.81701163467926,35.59788903664975],[139.81186407356824,35.59509573967671],[139.8088651367168,35.59878190156354],[139.80787291830063,35.59824661339053],[139.81111655078826,35.59426031536134],[139.81019743286527,35.593761405664395],[139.8103207524009,35.59426126144808],[139.80694883342198,35.59774385639389]]],[[[140.30396083042808,30.495761667267175],[140.30141778240477,30.495852225399915],[140.2983483405036,30.495095279523582],[140.29806500639495,30.494113333163853],[140.29362306145515,30.4934611079438],[140.2920672244229,30.492308053873614],[140.29012666731194,30.489048891892878],[140.2884388853463,30.487098333421386],[140.28647277669734,30.483314720997612],[140.28809500617967,30.482465829334615],[140.2898536061591,30.48058944154951],[140.29040527908046,30.478823054340523],[140.2919686128613,30.47788249568066],[140.29566277601634,30.474482775060096],[140.2982136067726,30.472913613672404],[140.30081500640745,30.472999999850174],[140.30370111521438,30.474188891903907],[140.30890333352204,30.47464277524392],[140.31090444918107,30.47624610817138],[140.31384693918494,30.48193916206276],[140.31352666722194,30.483832775462247],[140.31433360641086,30.48722777554144],[140.31185389134407,30.490755279032953],[140.30706749706735,30.495093891869658],[140.30396083042808,30.495761667267175]]]]},"properties":{"N03_001":"東京都","N03_002":null,"N03_003":null,"N03_004":"所属未定地","N03_007":null}},{"type":"Feature","geometry":{"type":"MultiPolygon","coordinates":[[[[139.0741980547965,34.18593889216618],[139.07195666726648,34.18415361289897],[139.07319167385674,34.183431108359],[139.07484944274768,34.184852775535205],[139.0741980547965,34.18593889216618]]],[[[139.0767772240897,34.18816194611696],[139.0750052790704,34.18719277552623],[139.07666555167395,34.18575166770535],[139.0775497282374,34.187194721659125],[139.0767772240897,34.18816194611696]]],[[[139.1923869392059,34.20933889207623],[139.18922805433135,34.208538613266455],[139.19186500686465,34.20602582922868],[139.1930777822139,34.20867082889566],[139.1923869392059,34.20933889207623]]],[[[139.1433114144902,34.24373633346505],[139.13960713486142,34.243238865381386],[139.13713542286155,34.241235468142406],[139.1375904150657,34.23774836039854],[139.13602953373606,34.2372441986609],[139.1342384952104,34.234946919165054],[139.13605447553368,34.23343053269298],[139.13566194664156,34.2316013871943],[139.13649383931931,34.23074791888138],[139.13688688712023,34.225972748143874],[139.13581717322404,34.224323306075746],[139.13417500667128,34.22345646844133],[139.13139260768276,34.223489802712265],[139.12838041572365,34.22281241446143],[139.128429364024,34.221146865535445],[139.1309606363244,34.219030360562726],[139.13357574612382,34.21839149567103],[139.13363128465608,34.2171499195332],[139.13064664162926,34.216248252055266],[139.13114114105088,34.21213389236527],[139.13276435798878,34.210725197909596],[139.132622970174,34.20731213494713],[139.1331176917281,34.20505689246164],[139.13250275060147,34.2023039732498],[139.13164389175222,34.20123033291361],[139.12907022001468,34.20132016259549],[139.12570749750307,34.200705613573234],[139.1249459794734,34.19978820706018],[139.1217827895441,34.199018081619215],[139.12188171227126,34.19718829760188],[139.1206225426962,34.19566761326979],[139.12017190770746,34.19301700003456],[139.12063176434447,34.19049655017568],[139.12278474761808,34.18818813527429],[139.12414367179304,34.18963074856026],[139.12564097375196,34.18818974865803],[139.12557613533045,34.18681835987945],[139.12804972871209,34.18710291886464],[139.12866852163506,34.18570822505461],[139.13038345053587,34.18473508125902],[139.1326134760311,34.185615495059096],[139.13326472099016,34.18701819823133],[139.13545169953636,34.18711927933134],[139.13941269873715,34.18615810821018],[139.14299208861405,34.18767058622865],[139.14437192022797,34.1887583333305],[139.14637902717038,34.18892853182632],[139.145813022653,34.191055054347316],[139.1464143588356,34.19322949544494],[139.1463282757294,34.195509081678836],[139.14889031113898,34.196957161943544],[139.14910655042706,34.19542508140245],[139.15060282715876,34.1949581983622],[139.15156997427493,34.19275202738419],[139.15529228351215,34.19520427895435],[139.15648438434687,34.19748191905535],[139.1558419716298,34.19912875758615],[139.1542438916423,34.19886622569584],[139.15342418927503,34.20118546843469],[139.15727839218414,34.20505755885932],[139.16202075205615,34.206598694674085],[139.1655868355641,34.20830725187824],[139.16848658978438,34.20861555926069],[139.17038286607647,34.20487997333214],[139.1753251362461,34.20574982909142],[139.17465635540657,34.20660163995376],[139.17450350213494,34.210431946077506],[139.1734466152692,34.21149364071897],[139.1732924777657,34.213753135199056],[139.17510131027734,34.216283721316756],[139.17436219256115,34.21790402714919],[139.17249089583822,34.218580865014985],[139.17174097366706,34.21975453244579],[139.17176211403046,34.22428600039865],[139.1703480542194,34.23111682887861],[139.16769644633405,34.234145973058276],[139.1633673672103,34.23565461366951],[139.1622545011444,34.236419892663946],[139.158204527517,34.23776255889504],[139.15652861210583,34.23927425270466],[139.1522229962943,34.23995694605628],[139.1502733335476,34.23929508100326],[139.14875555132767,34.23969153183879],[139.1433114144902,34.24373633346505]]]]},"properties":{"N03_001":"東京都","N03_002":null,"N03_003":"大島支庁","N03_004":"神津島村","N03_007":"13364"}},{"type":"Feature","geometry":{"type":"Polygon","coordinates":[[[139.5323773933021,34.12463334215505],[139.52991780866,34.124098441589865],[139.5295071979989,34.12514761317186],[139.52747761340117,34.12520253207123],[139.5250688332601,34.12411441444874],[139.52263791270957,34.124890414261245],[139.51923143997908,34.12385474869774],[139.51752994874823,34.12201219790467],[139.5139057726334,34.12053410816259],[139.5110100788521,34.120348306429264],[139.5065414798055,34.122683441087986],[139.50365192029994,34.12154574833767],[139.50156525303407,34.121305532224596],[139.49851038914323,34.12181333351856],[139.49672805425632,34.12035725198564],[139.49279119375865,34.11962736041443],[139.49016953329738,34.11536002694373],[139.48921230930068,34.11253513498855],[139.49183369636808,34.109231973676685],[139.4917987163377,34.1080863066378],[139.49395111505203,34.10554336023796],[139.49296321697898,34.10249646793767],[139.49141649817295,34.10128033362054],[139.4883415560181,34.10072816247475],[139.4878134507302,34.09787274842864],[139.48838822363768,34.095983694591894],[139.48571430627032,34.09314838758809],[139.4832518941597,34.09193758625065],[139.48096038921062,34.08678782899517],[139.4822610894778,34.08483977513555],[139.48168566815912,34.08316961358685],[139.4782195595851,34.08021953240552],[139.47400736714633,34.07834744158123],[139.47317360657678,34.07698558651566],[139.47455386536865,34.0739361356442],[139.47636374828846,34.07273010790823],[139.47816992240405,34.07267089204811],[139.48017503285155,34.070641918989395],[139.4799055258194,34.067859252002904],[139.48182972875907,34.06754738690245],[139.48086939041013,34.06527582891641],[139.47878483834972,34.06524153237086],[139.4778619972335,34.06285936047118],[139.47761355412229,34.0601984410053],[139.47881717347389,34.05937910825929],[139.47915489048592,34.056988586154375],[139.48109503211015,34.05696016218178],[139.48099102551544,34.05418382912046],[139.48237824955663,34.05149027955281],[139.48470525344476,34.052551332977714],[139.48780094745587,34.052382441196755],[139.48981131084338,34.05142938735639],[139.49064243819805,34.04965149512043],[139.49337783411977,34.048298829327564],[139.49405717300021,34.04890119793197],[139.49684680973257,34.04833136050394],[139.5011132816527,34.045780134945346],[139.50640489077318,34.04776749547358],[139.50931411215663,34.04761805422987],[139.51233036365545,34.048815198462705],[139.51734275036767,34.047912494965715],[139.51896655006635,34.04810266740424],[139.52172380041316,34.047177891846275],[139.5224253318636,34.048432000036826],[139.52535496875691,34.04943844123113],[139.52862819703375,34.04676746824413],[139.5312264985041,34.04686141412304],[139.533404475736,34.048883748386345],[139.53455333356953,34.053153305880414],[139.5383622834927,34.05397982960551],[139.54040403411898,34.05622149502602],[139.54230041563176,34.056294613505656],[139.54560481261205,34.05820264033963],[139.54634045444845,34.05784898194503],[139.55099092159378,34.058768613380835],[139.55355466931258,34.06026474801973],[139.55532897505225,34.06253425195422],[139.55520394320752,34.06336489187629],[139.559569637329,34.065672081001765],[139.56098408654645,34.06875502712285],[139.56271963780114,34.06870116222893],[139.56275747138022,34.07111933309079],[139.56373800310644,34.073704892067155],[139.56293036334569,34.07770569436235],[139.56389339876137,34.079442054107574],[139.56273664128298,34.08182110805774],[139.56162500638902,34.082668414216016],[139.5611677820675,34.085198467935015],[139.5616748648032,34.08701255968191],[139.5634177563245,34.0886284408499],[139.5628709217557,34.090304775345146],[139.56524500605224,34.09375753258411],[139.56532736776387,34.09795153263718],[139.56376338557186,34.10067797311001],[139.565223645355,34.10221027938093],[139.56323282783285,34.10262499994383],[139.5633556428487,34.105490108681636],[139.5615902206123,34.1081058021411],[139.55895902733732,34.110892306534765],[139.5554425036687,34.11257925213084],[139.55126180368939,34.11622200014523],[139.54764050630433,34.11676127950949],[139.54675958528674,34.11979580253433],[139.5443667834004,34.12134544143902],[139.54136500648997,34.122377000698066],[139.53933505856617,34.123814252226],[139.53593752329812,34.12338891966294],[139.5323773933021,34.12463334215505]]]},"properties":{"N03_001":"東京都","N03_002":null,"N03_003":"三宅支庁","N03_004":"三宅村","N03_007":"13381"}},{"type":"Feature","geometry":{"type":"Polygon","coordinates":[[[139.6036233072699,33.901140252021094],[139.60041555143664,33.90101389187765],[139.59931282702541,33.90017063986318],[139.59408917067879,33.8990877751807],[139.59086124574992,33.89778759562108],[139.5887882625683,33.89503270329669],[139.58299805401703,33.88927194664308],[139.57826444904515,33.88284055924447],[139.57658917035394,33.87779416197105],[139.57725666786098,33.87496666737786],[139.5771903113838,33.87113046799675],[139.57669888584496,33.866057225060956],[139.57831639478582,33.86104638698123],[139.5794480539846,33.859572495274506],[139.58339055862746,33.85761138685609],[139.58860027278445,33.855528613654656],[139.5923833330245,33.854369999975575],[139.5944372244984,33.854677495270266],[139.60131527907697,33.85458582917272],[139.61117055817476,33.85349194599655],[139.6139788855172,33.85242944106591],[139.61940083068384,33.85194722548414],[139.62078083047106,33.85231416236877],[139.62370700407507,33.85511016270391],[139.62603333347158,33.85937166766837],[139.62689861258093,33.85990389185116],[139.63170722460882,33.868578333223525],[139.6319205581873,33.87130305419265],[139.6299883404896,33.87394249515006],[139.62951108916548,33.875851667720326],[139.6281994684308,33.877519197852735],[139.625312477389,33.88376238682474],[139.6216636067901,33.88794305442849],[139.61852500612417,33.892425279103406],[139.61657444945138,33.89277861284273],[139.61283778253767,33.89575110782744],[139.60959944256024,33.89893361339557],[139.60572138873113,33.90087027914012],[139.6036233072699,33.901140252021094]]]},"properties":{"N03_001":"東京都","N03_002":null,"N03_003":"三宅支庁","N03_004":"御蔵島村","N03_007":"13382"}},{"type":"Feature","geometry":{"type":"MultiPolygon","coordinates":[[[[139.68585583757692,33.136620829487754],[139.6830022185776,33.13661249547033],[139.68110693963365,33.13496833332198],[139.67859138838196,33.134497495063385],[139.6765174977844,33.1347558289184],[139.67537416358687,33.1335202791376],[139.6766494427177,33.13203444083683],[139.67540250302318,33.13075861311955],[139.6770638916853,33.12950722537818],[139.680654163359,33.12581000003155],[139.6838255515081,33.11857416186814],[139.68494888568262,33.11762416212542],[139.68883000080393,33.11616805451217],[139.6898663948183,33.117000829424796],[139.693804721211,33.11761638748635],[139.69817138839892,33.116756945876375],[139.69864917032305,33.1155277749869],[139.70102444981853,33.11759110844298],[139.69998500620318,33.118377775114254],[139.69913944203165,33.12063916266726],[139.69901500643743,33.124547494871024],[139.6972405586049,33.12774166734414],[139.6952572243415,33.12924555953498],[139.6914580545456,33.13028027901174],[139.6895333335965,33.131651666890946],[139.6876513880012,33.13403749543414],[139.68737722427954,33.135408613516745],[139.68585583757692,33.136620829487754]]],[[[139.76001391730847,33.15897735142369],[139.75742837901657,33.15917845961826],[139.7568490141707,33.15831063992414],[139.75316268501,33.15793886558623],[139.7491447605223,33.15699058624659],[139.7460143194054,33.15562280195081],[139.7438345911935,33.153334387072334],[139.74340010443132,33.15140392844859],[139.7413639826617,33.1473323423138],[139.73898837941022,33.14552012655264],[139.7396105456902,33.14374741441168],[139.73850861268238,33.14161169452416],[139.7383235411985,33.13848276606683],[139.73987713442227,33.13414474858132],[139.73981348940106,33.13141666684572],[139.74119358001974,33.12932425201268],[139.74195656304505,33.12669609035231],[139.74349547303768,33.12609644129776],[139.7445787163348,33.12265510814677],[139.74776529223448,33.1186410003819],[139.7509766543492,33.11580960452966],[139.7524660701531,33.11227399994522],[139.7518336587964,33.11011875757464],[139.75288712104384,33.108761378434906],[139.75346682223608,33.106352440912474],[139.7551333981878,33.10397483846805],[139.7575659662964,33.10261852322634],[139.76113736749562,33.102531117217325],[139.76701229668026,33.10173361371534],[139.7697597282289,33.10024120766565],[139.7727957594168,33.09772192782475],[139.7734286510115,33.098680044848265],[139.7774375885739,33.09956680246603],[139.7767219710422,33.098155613291],[139.77883082997892,33.09585591911542],[139.77977814524525,33.092611441265035],[139.78010900132938,33.08948919836786],[139.77955827539415,33.08684627883275],[139.78044416336752,33.08183874845952],[139.7802697803262,33.07563824311046],[139.7810633070261,33.07315655942773],[139.78428477302396,33.069707559556264],[139.7859017513648,33.06937397313038],[139.79045939048854,33.06649489252533],[139.79300972841634,33.065932865709215],[139.79619713439035,33.06255830632085],[139.80208403445067,33.063850135675295],[139.80512955978145,33.06221238749174],[139.8076144756276,33.05934044120846],[139.81057194653818,33.05877002731495],[139.81228063684193,33.05963149509745],[139.81517805462363,33.05951563993489],[139.81861771773356,33.058796667032595],[139.820010337707,33.057906161939854],[139.82216425447677,33.05530569400264],[139.8243767836617,33.05338053238569],[139.82723072641693,33.0500293059078],[139.82961708286211,33.04839738712974],[139.8322184186452,33.04539755905017],[139.83565577229615,33.04848219859463],[139.83691291839648,33.050631532419345],[139.83640295783027,33.05189580204967],[139.83346730267397,33.05474367617978],[139.8343409994376,33.06257300933697],[139.83315105157988,33.06572241445792],[139.83381858685834,33.067624387055844],[139.83533424128223,33.06796246829333],[139.83741024618598,33.070123829651095],[139.83887267243597,33.07312561285681],[139.8389461614363,33.07499946815096],[139.84003046773194,33.076002802187645],[139.8423887554368,33.07636691969765],[139.8454090278044,33.07562471191096],[139.84668077799552,33.077021323974975],[139.8499487425405,33.07800897293578],[139.8517131521403,33.077426486543175],[139.85480802956693,33.077451811451965],[139.85749894951698,33.078921604048844],[139.85744167349446,33.08041527904197],[139.85925422830007,33.08375769396247],[139.85865459183606,33.08583233369529],[139.8562334505134,33.08815408104607],[139.8546482883878,33.09076637866548],[139.8543725427587,33.093572279637044],[139.85543937702573,33.09606763121627],[139.85739788640342,33.098386486347295],[139.855254981832,33.10119281989279],[139.85155564217916,33.1046283605105],[139.8498684186926,33.10786697298249],[139.84896461712344,33.11164027018236],[139.84487027274497,33.11628635133411],[139.8423552278116,33.11633684736768],[139.83606361934062,33.11814112661176],[139.83040588812128,33.11712172169018],[139.8262951625917,33.117702108165815],[139.82395433252645,33.11933284703332],[139.8200045532676,33.12022946841529],[139.817043580397,33.12022216232299],[139.81696632953253,33.12335487422814],[139.8144736588323,33.12830676624429],[139.8119439306679,33.12818352315111],[139.809985940199,33.13006389223489],[139.8076954469874,33.13037064918615],[139.80556880755444,33.12943961344746],[139.80284538340777,33.132894413946076],[139.8008072633446,33.1324823328934],[139.79803323074907,33.133517377924704],[139.79831802985325,33.135373234187455],[139.79677924846362,33.13562226995185],[139.7969562782098,33.137494946234824],[139.79610417686638,33.13887132445211],[139.79607736717685,33.14247399148155],[139.79497863845347,33.14216395560214],[139.793175240545,33.14381665861197],[139.78890190769698,33.14529840499745],[139.7867493138299,33.14785549503512],[139.78347617458587,33.14886983857224],[139.78157631629404,33.15136039586565],[139.7763969911283,33.154959432331964],[139.77595003976262,33.156259153237386],[139.7738215432297,33.157421829154146],[139.77089357997477,33.15819100041438],[139.7681305325981,33.15750252352268],[139.763538846041,33.15882374811753],[139.76001391730847,33.15897735142369]]]]},"properties":{"N03_001":"東京都","N03_002":null,"N03_003":"八丈支庁","N03_004":"八丈町","N03_007":"13401"}},{"type":"Feature","geometry":{"type":"Polygon","coordinates":[[[139.75843693901356,32.47347305453786],[139.75518416311866,32.471755279282775],[139.75443306103705,32.467146946274624],[139.7546855510974,32.466146946024764],[139.75487861215834,32.45538222570917],[139.7546186127588,32.45133361365538],[139.75576416378522,32.44967833318856],[139.75719277642554,32.4493222250407],[139.76105416311918,32.44608889248843],[139.76400778223342,32.44576861333087],[139.76734583724067,32.44300749499996],[139.77006722442297,32.44316777487296],[139.773185551672,32.44476305437149],[139.77911416318818,32.44725249560622],[139.781091673442,32.450335278950035],[139.78122888570454,32.45261055922998],[139.78017333343269,32.454968891900876],[139.78080605775347,32.457150495199244],[139.77935221823031,32.459463892344786],[139.7773100008559,32.46164361336213],[139.77420722468378,32.46331889205328],[139.77182277659995,32.46569861330039],[139.76991722470018,32.46896944128673],[139.76722861241058,32.47028416198452],[139.76246055800846,32.47142972110481],[139.7595169393553,32.47335889189941],[139.75843693901356,32.47347305453786]]]},"properties":{"N03_001":"東京都","N03_002":null,"N03_003":"八丈支庁","N03_004":"青ヶ島村","N03_007":"13402"}},{"type":"Feature","geometry":{"type":"MultiPolygon","coordinates":[[[[139.69474936369227,35.465281333566736],[139.69239697733872,35.472012054013135],[139.67258571935554,35.46522638768772],[139.6731092740738,35.46061700067412],[139.67719817035936,35.45816002766321],[139.69548822240358,35.44982519817438],[139.70224785965104,35.45512069416475],[139.6980736707634,35.46091697313983],[139.68842697772288,35.45700117116718],[139.68469286578318,35.45886046823608],[139.69486785926438,35.46376691930794],[139.69474936369227,35.465281333566736]]],[[[139.72532833943137,35.46979643205975],[139.7144968480511,35.48619182029631],[139.70218700342753,35.480537251992644],[139.7002663285283,35.47868505417199],[139.70594557692687,35.47453533313916],[139.7127073923324,35.464253865323656],[139.72532833943137,35.46979643205975]]],[[[139.6779262255979,35.53972191908741],[139.67488258060837,35.537184414529754],[139.6664528016555,35.53299944097148],[139.65554255484506,35.538832225227054],[139.64996919532211,35.536895278894065],[139.64672649723013,35.5334347209357],[139.64743124465633,35.52328117088939],[139.64157297001657,35.522709360348756],[139.6406307772886,35.51811402704078],[139.6354207519662,35.51548830614047],[139.63933902707447,35.50626772087867],[139.64468119248306,35.50513094633618],[139.64418243746957,35.50240605449585],[139.65281060962195,35.500104748735225],[139.6575804150042,35.49771664041066],[139.65756752232335,35.49459669438198],[139.6672489615704,35.483517495536034],[139.6731400515722,35.47513213494011],[139.66790469504565,35.47356286563377],[139.6684178598964,35.46782941419616],[139.68177438408065,35.47289041466098],[139.6817719837901,35.478356360058],[139.68948905277762,35.47891461331881],[139.69280077743394,35.48140638739494],[139.688330194483,35.48976186531786],[139.69321373442642,35.492413036132746],[139.69630099909193,35.48404436065874],[139.71145665390156,35.49080085657431],[139.7047451357795,35.500993000126925],[139.70340294349114,35.50444244156546],[139.69887513577896,35.502755531942285],[139.69661350181173,35.505875802626235],[139.69164496784106,35.51947525258089],[139.6882411148356,35.52266053255761],[139.6886950314506,35.526391919551486],[139.68363338437325,35.531397748407414],[139.6849143058506,35.53998608149254],[139.6779262255979,35.53972191908741]]]]},"properties":{"N03_001":"神奈川県","N03_002":null,"N03_003":"横浜市","N03_004":"鶴見区","N03_007":"14101"}},{"type":"Feature","geometry":{"type":"MultiPolygon","coordinates":[[[[139.64570038876195,35.47471097343271],[139.64204588750772,35.47169061293147],[139.65291552453186,35.463611467894964],[139.6522790005755,35.46697302758321],[139.65596116677455,35.4702240812764],[139.65039221752693,35.47444605474169],[139.64570038876195,35.47471097343271]]],[[[139.63933902707447,35.50626772087867],[139.6366405573159,35.5005864139319],[139.63678358009815,35.49561253259236],[139.63516855958142,35.49309586528199],[139.63087827451284,35.49375338750889],[139.62530352733597,35.489390892275935],[139.62207992185097,35.49063727888739],[139.6190942275166,35.494877585931874],[139.61332228239746,35.49204033369449],[139.60900374782477,35.49929369424865],[139.6033716077136,35.49788780208047],[139.5914338387007,35.5020015862043],[139.59065671833298,35.503721892151646],[139.582857612289,35.50419658670319],[139.57333377383463,35.50410172171712],[139.56782260692785,35.49726310870557],[139.57287036307685,35.49141838684915],[139.57984108829567,35.4750359191724],[139.58281552491655,35.47361146769515],[139.59209574602198,35.48190669373895],[139.60130639377508,35.480195559077856],[139.60201444890777,35.474350080891554],[139.59927328023775,35.468047721025584],[139.60460968908592,35.467793414334665],[139.61102963710812,35.47212455920112],[139.61639138795226,35.46867286496081],[139.62333752300833,35.46800646822396],[139.6269297273251,35.46570758613626],[139.6321869778468,35.46709508087332],[139.63347451383777,35.46497233370627],[139.63812250245155,35.465178559043295],[139.64197124467728,35.473437946204285],[139.6446565492604,35.47597861372208],[139.65156525273426,35.47639755929998],[139.64832352770873,35.48038446796886],[139.65145182843924,35.481516198214024],[139.65388452694947,35.47665180213903],[139.66914955910488,35.477486559157455],[139.6672489615704,35.483517495536034],[139.65756752232335,35.49459669438198],[139.6575804150042,35.49771664041066],[139.65281060962195,35.500104748735225],[139.64418243746957,35.50240605449585],[139.64468119248306,35.50513094633618],[139.63933902707447,35.50626772087867]]]]},"properties":{"N03_001":"神奈川県","N03_002":null,"N03_003":"横浜市","N03_004":"神奈川区","N03_007":"14102"}},{"type":"Feature","geometry":{"type":"Polygon","coordinates":[[[139.60460968908592,35.467793414334665],[139.60604822304708,35.45776205427546],[139.60455085633703,35.45100446838154],[139.60439644549584,35.44346872157284],[139.6065568607106,35.44312061292601],[139.61484119236718,35.44432622517519],[139.62174785977595,35.442265108547986],[139.62556319038902,35.44362730625522],[139.63038966295267,35.45475313494927],[139.63551168601555,35.45543257725171],[139.6380740856506,35.457380279476354],[139.6383878600118,35.46378397315192],[139.63347451383777,35.46497233370627],[139.6321869778468,35.46709508087332],[139.6269297273251,35.46570758613626],[139.62333752300833,35.46800646822396],[139.61639138795226,35.46867286496081],[139.61102963710812,35.47212455920112],[139.60460968908592,35.467793414334665]]]},"properties":{"N03_001":"神奈川県","N03_002":null,"N03_003":"横浜市","N03_004":"西区","N03_007":"14103"}},{"type":"Feature","geometry":{"type":"MultiPolygon","coordinates":[[[[139.69213811827956,35.41008125214813],[139.68887761271174,35.41279391950383],[139.68417275007243,35.40897677495826],[139.68018891078964,35.410188441443495],[139.6711553827148,35.40291336046329],[139.67638191958997,35.399762252026335],[139.682250441105,35.40450202724679],[139.68537309948897,35.40190943197473],[139.6792783912848,35.395155973069734],[139.682371893648,35.3931590545468],[139.68921206158745,35.39883242317785],[139.68543644593535,35.4046824861079],[139.69213811827956,35.41008125214813]]],[[[139.62174785977595,35.442265108547986],[139.62394286567076,35.43974705448301],[139.63045980467632,35.4399945596013],[139.63632885859,35.43318061319479],[139.63424208790207,35.42848199994438],[139.6277534109912,35.42763800059328],[139.62815425411554,35.42394533301075],[139.63243858567228,35.419132198292345],[139.6383330607223,35.41907430623428],[139.64239228297754,35.41160052364529],[139.65257868975482,35.41301919787776],[139.66319844385316,35.40661927955614],[139.6688684697042,35.40644891918231],[139.66955455260063,35.40287694601432],[139.6794462776237,35.41085517092944],[139.68126219139708,35.41495661365684],[139.67800581101937,35.41619100061422],[139.68121763898296,35.42642191933618],[139.68539383875475,35.42665713521865],[139.69061389061858,35.4392239737075],[139.68534869009,35.44200413518274],[139.67830619987126,35.43037953258943],[139.67534610833627,35.43158835991494],[139.6814994676264,35.44157572154239],[139.67528108825172,35.445709054229496],[139.6711509985198,35.43884280235352],[139.66854588738283,35.440225278873584],[139.67431577125592,35.449712441176246],[139.67035758783243,35.45130227887711],[139.66406686069718,35.44284138692052],[139.66028077783574,35.44125880225198],[139.65697714707778,35.444339784253714],[139.66362705534436,35.44675753243422],[139.6571441116115,35.45133413556198],[139.6518557715267,35.44512519816942],[139.64668464278213,35.44811736042789],[139.64413433183404,35.453850559156024],[139.63850238687576,35.456801532464794],[139.63551168601555,35.45543257725171],[139.63038966295267,35.45475313494927],[139.62556319038902,35.44362730625522],[139.62174785977595,35.442265108547986]]]]},"properties":{"N03_001":"神奈川県","N03_002":null,"N03_003":"横浜市","N03_004":"中区","N03_007":"14104"}},{"type":"Feature","geometry":{"type":"Polygon","coordinates":[[[139.6065568607106,35.44312061292601],[139.60101666638616,35.439882081392966],[139.58699108886776,35.4404959730108],[139.58268325622737,35.43467819844017],[139.57758272426338,35.43368933269659],[139.57513092077554,35.43102366721629],[139.57337191947852,35.42193044153669],[139.57700386483657,35.42240550570955],[139.58143163376292,35.41286246852815],[139.58570819697582,35.411345640488946],[139.59141027196654,35.412759081566435],[139.59316958510828,35.41544130597157],[139.5983286638368,35.41584744160622],[139.59729817027437,35.41235519873351],[139.60288788576736,35.40890897327057],[139.60636097308054,35.40847625187757],[139.60572586285832,35.41272572121511],[139.6074873280778,35.419961468547],[139.61320119228128,35.4222546669194],[139.61634883293232,35.425260946735364],[139.6277534109912,35.42763800059328],[139.63424208790207,35.42848199994438],[139.63632885859,35.43318061319479],[139.63045980467632,35.4399945596013],[139.62394286567076,35.43974705448301],[139.62174785977595,35.442265108547986],[139.61484119236718,35.44432622517519],[139.6065568607106,35.44312061292601]]]},"properties":{"N03_001":"神奈川県","N03_002":null,"N03_003":"横浜市","N03_004":"南区","N03_007":"14105"}},{"type":"Feature","geometry":{"type":"Polygon","coordinates":[[[139.56782260692785,35.49726310870557],[139.56364569399364,35.49308041402992],[139.55330763903635,35.49799169446118],[139.55005255458184,35.492757838003854],[139.55653810634863,35.484803919065655],[139.56458936340846,35.484371586179805],[139.566826303791,35.48111261305672],[139.56204422805877,35.48025961329057],[139.5625876910691,35.47757153250029],[139.5581209985853,35.47172508124754],[139.55950739255218,35.46759761303946],[139.56403224329347,35.46548430605594],[139.56886233472903,35.46035372144712],[139.56170369526933,35.45345846823375],[139.55169756209284,35.453723198067166],[139.54518169867652,35.45066627922546],[139.5468663932695,35.44743569410207],[139.55176927403284,35.44295455940545],[139.55816077739803,35.441412080902865],[139.55846464302897,35.43809294673218],[139.56195630404022,35.43549961311669],[139.57198021959243,35.437804306424646],[139.57513092077554,35.43102366721629],[139.57758272426338,35.43368933269659],[139.58268325622737,35.43467819844017],[139.58699108886776,35.4404959730108],[139.60101666638616,35.439882081392966],[139.6065568607106,35.44312061292601],[139.60439644549584,35.44346872157284],[139.60455085633703,35.45100446838154],[139.60604822304708,35.45776205427546],[139.60460968908592,35.467793414334665],[139.59927328023775,35.468047721025584],[139.60201444890777,35.474350080891554],[139.60130639377508,35.480195559077856],[139.59209574602198,35.48190669373895],[139.58281552491655,35.47361146769515],[139.57984108829567,35.4750359191724],[139.57287036307685,35.49141838684915],[139.56782260692785,35.49726310870557]]]},"properties":{"N03_001":"神奈川県","N03_002":null,"N03_003":"横浜市","N03_004":"保土ケ谷区","N03_007":"14106"}},{"type":"Feature","geometry":{"type":"Polygon","coordinates":[[[139.6277534109912,35.42763800059328],[139.61634883293232,35.425260946735364],[139.61320119228128,35.4222546669194],[139.6074873280778,35.419961468547],[139.60572586285832,35.41272572121511],[139.60636097308054,35.40847625187757],[139.60902311292637,35.40366746807922],[139.59741586275197,35.40155222575464],[139.6036339165721,35.39504080229125],[139.60311085558158,35.386153360089565],[139.597741387655,35.388273387706704],[139.5923991440054,35.38513674846223],[139.5879478856864,35.38526933371281],[139.59161189367398,35.378689171468125],[139.5888173277575,35.37780741408096],[139.59660111474966,35.36746646870262],[139.59136367089673,35.36291836059394],[139.5926911664642,35.36169797338283],[139.59026316511302,35.354736504885864],[139.5982198566611,35.356389305921766],[139.6006265494757,35.35526733332085],[139.6049870554084,35.35744808136394],[139.60756858542197,35.36130689239923],[139.61288296987323,35.363359585976184],[139.6163401949441,35.3665718024468],[139.6202281709934,35.37262864019965],[139.6235244749746,35.38074572133803],[139.62930090771079,35.383981613360845],[139.62742933849324,35.38620708109198],[139.63653002524052,35.39029480196359],[139.63130233453512,35.39455861368913],[139.6246195326654,35.39166517091098],[139.62217910448214,35.396085505142025],[139.62602330693016,35.40163680249651],[139.6321003362616,35.40039619852581],[139.64536403332352,35.4028274680133],[139.64176136179742,35.40692289247755],[139.6312990007483,35.404807441510286],[139.6277168607446,35.40914066740794],[139.63104658892905,35.411027360524315],[139.63381250244515,35.40838505432686],[139.64239228297754,35.41160052364529],[139.6383330607223,35.41907430623428],[139.63243858567228,35.419132198292345],[139.62815425411554,35.42394533301075],[139.6277534109912,35.42763800059328]]]},"properties":{"N03_001":"神奈川県","N03_002":null,"N03_003":"横浜市","N03_004":"磯子区","N03_007":"14107"}},{"type":"Feature","geometry":{"type":"MultiPolygon","coordinates":[[[[139.63430175072529,35.330393108055546],[139.62954238647205,35.328801865613684],[139.63357632878456,35.323093775057714],[139.63810050593372,35.32701953252547],[139.63430175072529,35.330393108055546]]],[[[139.59026316511302,35.354736504885864],[139.58878549895167,35.34982380262642],[139.58923717265748,35.342304865077494],[139.587858520954,35.33651853260426],[139.58870988305478,35.33004746801629],[139.59295902683766,35.324027505165304],[139.5931604147214,35.32041474864178],[139.59622233469304,35.31642144129654],[139.60216871591354,35.31699199998087],[139.60943399428345,35.312501747957356],[139.61406625195605,35.31658922511269],[139.62460544658416,35.318735306089536],[139.631602723387,35.32520484722596],[139.62346900029422,35.33011010849475],[139.62979360579038,35.32959658661321],[139.63495005130392,35.33267044148772],[139.63380306046292,35.33596608086998],[139.6390168863203,35.340642387336345],[139.6457894935903,35.33968046797929],[139.65695333302995,35.34193486510202],[139.65692741906525,35.35349394668833],[139.65483525244497,35.35366908156294],[139.65097797655244,35.35983810794238],[139.65093605645393,35.36641650571721],[139.65651364458904,35.3665399736409],[139.6565051361032,35.37268472102312],[139.6504750576778,35.37323561333295],[139.64589321689846,35.37809333374042],[139.65106914352623,35.38276810866131],[139.65320557657617,35.38738727939949],[139.64568069990446,35.390539225105215],[139.63968330643945,35.38537441409801],[139.63381280191936,35.38284569407358],[139.62930090771079,35.383981613360845],[139.6235244749746,35.38074572133803],[139.6202281709934,35.37262864019965],[139.6163401949441,35.3665718024468],[139.61288296987323,35.363359585976184],[139.60756858542197,35.36130689239923],[139.6049870554084,35.35744808136394],[139.6006265494757,35.35526733332085],[139.5982198566611,35.356389305921766],[139.59026316511302,35.354736504885864]]]]},"properties":{"N03_001":"神奈川県","N03_002":null,"N03_003":"横浜市","N03_004":"金沢区","N03_007":"14108"}},{"type":"Feature","geometry":{"type":"Polygon","coordinates":[[[139.65554255484506,35.538832225227054],[139.65443730243965,35.542831108369],[139.65825350179773,35.55474277545875],[139.65231544650067,35.55682472128393],[139.6483348897434,35.55979333299598],[139.64293430527403,35.558361387468096],[139.633333449779,35.56139861295566],[139.6264101170333,35.5625013877289],[139.61352060988827,35.560952505154034],[139.61075511006038,35.55746705396143],[139.61086581030895,35.55281941428461],[139.6067229960695,35.55238717133096],[139.60280372181433,35.54622783874379],[139.60221814445185,35.540976775557795],[139.59858980447598,35.54107691956426],[139.59632128350052,35.53655717157625],[139.59898708178844,35.53282308122027],[139.59956841794815,35.52849541403219],[139.60376403408293,35.523292279315285],[139.60224496763124,35.516290946569995],[139.59664914394295,35.51745083818571],[139.5921258364383,35.51369086534123],[139.58528413695342,35.513131414183476],[139.5869739684739,35.508345667418666],[139.582857612289,35.50419658670319],[139.59065671833298,35.503721892151646],[139.5914338387007,35.5020015862043],[139.6033716077136,35.49788780208047],[139.60900374782477,35.49929369424865],[139.61332228239746,35.49204033369449],[139.6190942275166,35.494877585931874],[139.62207992185097,35.49063727888739],[139.62530352733597,35.489390892275935],[139.63087827451284,35.49375338750889],[139.63516855958142,35.49309586528199],[139.63678358009815,35.49561253259236],[139.6366405573159,35.5005864139319],[139.63933902707447,35.50626772087867],[139.6354207519662,35.51548830614047],[139.6406307772886,35.51811402704078],[139.64157297001657,35.522709360348756],[139.64743124465633,35.52328117088939],[139.64672649723013,35.5334347209357],[139.64996919532211,35.536895278894065],[139.65554255484506,35.538832225227054]]]},"properties":{"N03_001":"神奈川県","N03_002":null,"N03_003":"横浜市","N03_004":"港北区","N03_007":"14109"}},{"type":"Feature","geometry":{"type":"Polygon","coordinates":[[[139.57513092077554,35.43102366721629],[139.57198021959243,35.437804306424646],[139.56195630404022,35.43549961311669],[139.55846464302897,35.43809294673218],[139.55816077739803,35.441412080902865],[139.55176927403284,35.44295455940545],[139.5468663932695,35.44743569410207],[139.53651661474998,35.44328291897159],[139.5341816338754,35.44732764055823],[139.53091082927142,35.44846458597192],[139.52681464308137,35.4465649192357],[139.5303905058173,35.44304322536459],[139.52952105025634,35.44013797358866],[139.52575046631102,35.43771794652605],[139.52950038833228,35.42939208147942],[139.52729194566678,35.421839440937504],[139.51954099831846,35.41169913520696],[139.51909549845857,35.4050916128877],[139.51316243799613,35.40532969401022],[139.51048686048034,35.40393694633303],[139.50574577135035,35.39452553212766],[139.50192875450853,35.393255558996884],[139.49720413646185,35.3952960811493],[139.49241258097595,35.390420775398525],[139.48426980440797,35.387366973607016],[139.48601450086858,35.382278640047275],[139.49151418882877,35.37959783836959],[139.49363833983762,35.375093667538806],[139.48991944172894,35.37184338726257],[139.48861661456522,35.36585508144691],[139.48588019431554,35.359423171542176],[139.49539128398067,35.3577115053817],[139.50259105033672,35.36754758665188],[139.51401130987415,35.362406774952774],[139.5187238383345,35.36156691967767],[139.51951557628286,35.36457769430518],[139.5166349677296,35.373622414442934],[139.5258924117055,35.37925717068191],[139.53156941541093,35.3768461710354],[139.532363165128,35.38317594581332],[139.5356676130096,35.38301838696049],[139.541805446764,35.378737559490844],[139.5482946947444,35.3785197481879],[139.5530519707719,35.38419336053522],[139.5560253309044,35.3899708382836],[139.55894916986836,35.392491838527576],[139.56079552479366,35.39717546817337],[139.55745875491766,35.399700802250265],[139.55682547301728,35.40850166761794],[139.5537553566245,35.41114772129038],[139.55400422781292,35.41450450557852],[139.55845955826203,35.415846775208536],[139.56205143972227,35.419684918923906],[139.56638447496357,35.417439640027396],[139.57337191947852,35.42193044153669],[139.57513092077554,35.43102366721629]]]},"properties":{"N03_001":"神奈川県","N03_002":null,"N03_003":"横浜市","N03_004":"戸塚区","N03_007":"14110"}},{"type":"Feature","geometry":{"type":"Polygon","coordinates":[[[139.57337191947852,35.42193044153669],[139.56638447496357,35.417439640027396],[139.56205143972227,35.419684918923906],[139.55845955826203,35.415846775208536],[139.55400422781292,35.41450450557852],[139.5537553566245,35.41114772129038],[139.55682547301728,35.40850166761794],[139.55745875491766,35.399700802250265],[139.56079552479366,35.39717546817337],[139.55894916986836,35.392491838527576],[139.5560253309044,35.3899708382836],[139.5530519707719,35.38419336053522],[139.56059683487604,35.37966317141826],[139.55910941556715,35.37599280252584],[139.5630680801279,35.37325222471043],[139.56820077764894,35.372958197602436],[139.58119182864004,35.36609105455858],[139.59136367089673,35.36291836059394],[139.59660111474966,35.36746646870262],[139.5888173277575,35.37780741408096],[139.59161189367398,35.378689171468125],[139.5879478856864,35.38526933371281],[139.5923991440054,35.38513674846223],[139.597741387655,35.388273387706704],[139.60311085558158,35.386153360089565],[139.6036339165721,35.39504080229125],[139.59741586275197,35.40155222575464],[139.60902311292637,35.40366746807922],[139.60636097308054,35.40847625187757],[139.60288788576736,35.40890897327057],[139.59729817027437,35.41235519873351],[139.5983286638368,35.41584744160622],[139.59316958510828,35.41544130597157],[139.59141027196654,35.412759081566435],[139.58570819697582,35.411345640488946],[139.58143163376292,35.41286246852815],[139.57700386483657,35.42240550570955],[139.57337191947852,35.42193044153669]]]},"properties":{"N03_001":"神奈川県","N03_002":null,"N03_003":"横浜市","N03_004":"港南区","N03_007":"14111"}},{"type":"Feature","geometry":{"type":"Polygon","coordinates":[[[139.55330763903635,35.49799169446118],[139.54716422804677,35.498980586285086],[139.54301839208517,35.497476000716915],[139.53932280170602,35.5005407211774],[139.53408396840052,35.49966700013198],[139.53000841805408,35.50302641403783],[139.52557185465741,35.50441030609079],[139.51375405970214,35.49873066738644],[139.5060058624806,35.50210133360969],[139.50573230849932,35.505840586074214],[139.50282557643925,35.50906686524371],[139.4906881444424,35.50663500040497],[139.48837505756296,35.50259417108418],[139.4872711406507,35.499015027621454],[139.4885143832323,35.48936966737631],[139.5023393390893,35.47868089210954],[139.5010737474555,35.475158414029636],[139.5027407775649,35.468852838187956],[139.505302750022,35.467034864967104],[139.50488577126134,35.460882775519735],[139.50797891029856,35.45737344103151],[139.50687997383181,35.452815919718944],[139.51078929978644,35.44582953190741],[139.51596664104773,35.44889374874754],[139.52385941597936,35.44785819829724],[139.53091082927142,35.44846458597192],[139.5341816338754,35.44732764055823],[139.53651661474998,35.44328291897159],[139.5468663932695,35.44743569410207],[139.54518169867652,35.45066627922546],[139.55169756209284,35.453723198067166],[139.56170369526933,35.45345846823375],[139.56886233472903,35.46035372144712],[139.56403224329347,35.46548430605594],[139.55950739255218,35.46759761303946],[139.5581209985853,35.47172508124754],[139.5625876910691,35.47757153250029],[139.56204422805877,35.48025961329057],[139.566826303791,35.48111261305672],[139.56458936340846,35.484371586179805],[139.55653810634863,35.484803919065655],[139.55005255458184,35.492757838003854],[139.55330763903635,35.49799169446118]]]},"properties":{"N03_001":"神奈川県","N03_002":null,"N03_003":"横浜市","N03_004":"旭区","N03_007":"14112"}},{"type":"Feature","geometry":{"type":"Polygon","coordinates":[[[139.582857612289,35.50419658670319],[139.5869739684739,35.508345667418666],[139.58528413695342,35.513131414183476],[139.57470966282074,35.51607964006337],[139.56912919595572,35.51312191914133],[139.56392953262184,35.51273383829607],[139.55818518769627,35.51070141363937],[139.5525280032648,35.51206580209515],[139.55125608310186,35.518657972987114],[139.5476774711384,35.521976134990666],[139.54486503209557,35.532281108386485],[139.54131866352554,35.53643917153062],[139.53822447497964,35.535231945897635],[139.53365335861565,35.53661638743637],[139.52406389033638,35.53181389259714],[139.5222696888951,35.52745110868176],[139.51782219154097,35.530557505524484],[139.51250442294088,35.53000417155533],[139.50798027187216,35.53521941474423],[139.50154027166627,35.53475691949632],[139.495443332244,35.53876080196949],[139.4868163543913,35.53552550529787],[139.4857730221073,35.53135244146205],[139.48779771709098,35.52788246850116],[139.4864709985378,35.520301081130015],[139.48328321664724,35.51915302729043],[139.4769867824141,35.511214135124305],[139.48113089437538,35.50531138721078],[139.48486422750216,35.50404750518828],[139.48837505756296,35.50259417108418],[139.4906881444424,35.50663500040497],[139.50282557643925,35.50906686524371],[139.50573230849932,35.505840586074214],[139.5060058624806,35.50210133360969],[139.51375405970214,35.49873066738644],[139.52557185465741,35.50441030609079],[139.53000841805408,35.50302641403783],[139.53408396840052,35.49966700013198],[139.53932280170602,35.5005407211774],[139.54301839208517,35.497476000716915],[139.54716422804677,35.498980586285086],[139.55330763903635,35.49799169446118],[139.56364569399364,35.49308041402992],[139.56782260692785,35.49726310870557],[139.57333377383463,35.50410172171712],[139.582857612289,35.50419658670319]]]},"properties":{"N03_001":"神奈川県","N03_002":null,"N03_003":"横浜市","N03_004":"緑区","N03_007":"14113"}},{"type":"Feature","geometry":{"type":"Polygon","coordinates":[[[139.48837505756296,35.50259417108418],[139.48486422750216,35.50404750518828],[139.47638308641035,35.5013536129789],[139.4677225287718,35.50237330658291],[139.4649952789091,35.49812583823689],[139.4662294419353,35.49531638764125],[139.4705755245409,35.4926272249665],[139.4694996367989,35.48532308149504],[139.47008763873362,35.47805058606576],[139.4718745529683,35.47210727962732],[139.47451038854365,35.469769775254974],[139.4721583915965,35.46226453258214],[139.47419917005573,35.45692927936278],[139.48066522631916,35.448617613711974],[139.48421878047236,35.447946667304905],[139.4846378078886,35.442683441687564],[139.49459508359632,35.44331669391033],[139.49518177701748,35.4383702257054],[139.5041824375695,35.43500836024771],[139.5055971080202,35.43726694641248],[139.51026791153492,35.43773530613953],[139.5092130868146,35.44103655908998],[139.51078929978644,35.44582953190741],[139.50687997383181,35.452815919718944],[139.50797891029856,35.45737344103151],[139.50488577126134,35.460882775519735],[139.505302750022,35.467034864967104],[139.5027407775649,35.468852838187956],[139.5010737474555,35.475158414029636],[139.5023393390893,35.47868089210954],[139.4885143832323,35.48936966737631],[139.4872711406507,35.499015027621454],[139.48837505756296,35.50259417108418]]]},"properties":{"N03_001":"神奈川県","N03_002":null,"N03_003":"横浜市","N03_004":"瀬谷区","N03_007":"14114"}},{"type":"Feature","geometry":{"type":"Polygon","coordinates":[[[139.59136367089673,35.36291836059394],[139.58119182864004,35.36609105455858],[139.56820077764894,35.372958197602436],[139.5630680801279,35.37325222471043],[139.55910941556715,35.37599280252584],[139.56059683487604,35.37966317141826],[139.5530519707719,35.38419336053522],[139.5482946947444,35.3785197481879],[139.541805446764,35.378737559490844],[139.5356676130096,35.38301838696049],[139.532363165128,35.38317594581332],[139.53156941541093,35.3768461710354],[139.5258924117055,35.37925717068191],[139.5166349677296,35.373622414442934],[139.51951557628286,35.36457769430518],[139.5187238383345,35.36156691967767],[139.5215532170074,35.36149594608111],[139.5256162523882,35.356866801861486],[139.53085983051687,35.35696569401165],[139.5363203889748,35.354927359909766],[139.54209844408797,35.35701289223124],[139.54421542210412,35.36299564023665],[139.54900593977231,35.35964538772453],[139.5484767436069,35.35543650569025],[139.55416228276317,35.3517704139735],[139.55762863775146,35.34711377568027],[139.56116749698242,35.34618017147778],[139.5695936058603,35.34753569441682],[139.57293802896697,35.34235822455247],[139.57362325570875,35.33691491958791],[139.587858520954,35.33651853260426],[139.58923717265748,35.342304865077494],[139.58878549895167,35.34982380262642],[139.59026316511302,35.354736504885864],[139.5926911664642,35.36169797338283],[139.59136367089673,35.36291836059394]]]},"properties":{"N03_001":"神奈川県","N03_002":null,"N03_003":"横浜市","N03_004":"栄区","N03_007":"14115"}},{"type":"Feature","geometry":{"type":"Polygon","coordinates":[[[139.53091082927142,35.44846458597192],[139.52385941597936,35.44785819829724],[139.51596664104773,35.44889374874754],[139.51078929978644,35.44582953190741],[139.5092130868146,35.44103655908998],[139.51026791153492,35.43773530613953],[139.5055971080202,35.43726694641248],[139.5041824375695,35.43500836024771],[139.49518177701748,35.4383702257054],[139.49459508359632,35.44331669391033],[139.4846378078886,35.442683441687564],[139.48421878047236,35.447946667304905],[139.48066522631916,35.448617613711974],[139.47315374774735,35.435772108595984],[139.47396622586075,35.43080850560813],[139.4727756161019,35.424147135481974],[139.47803807999344,35.4199346399717],[139.47566858583662,35.410274108163605],[139.4787670812359,35.39178027963624],[139.48426980440797,35.387366973607016],[139.49241258097595,35.390420775398525],[139.49720413646185,35.3952960811493],[139.50192875450853,35.393255558996884],[139.50574577135035,35.39452553212766],[139.51048686048034,35.40393694633303],[139.51316243799613,35.40532969401022],[139.51909549845857,35.4050916128877],[139.51954099831846,35.41169913520696],[139.52729194566678,35.421839440937504],[139.52950038833228,35.42939208147942],[139.52575046631102,35.43771794652605],[139.52952105025634,35.44013797358866],[139.5303905058173,35.44304322536459],[139.52681464308137,35.4465649192357],[139.53091082927142,35.44846458597192]]]},"properties":{"N03_001":"神奈川県","N03_002":null,"N03_003":"横浜市","N03_004":"泉区","N03_007":"14116"}},{"type":"Feature","geometry":{"type":"Polygon","coordinates":[[[139.54131866352554,35.53643917153062],[139.5516950835613,35.539679999932105],[139.55210408533537,35.5476790270655],[139.5576890532427,35.55327166685568],[139.56170530505585,35.55239586507719],[139.56355741834022,35.555881667005394],[139.56173477224206,35.56097102759088],[139.5678606095795,35.571440639873686],[139.56514394293868,35.5788371985779],[139.55588177662275,35.587344387633436],[139.53656564129142,35.59129855918121],[139.52657036293192,35.592504387267695],[139.5282972752991,35.587762721672334],[139.52660255506396,35.586007171294],[139.52909586248416,35.582247441266475],[139.5248825027254,35.578957171736135],[139.52428747079023,35.57356994669573],[139.5217710507934,35.57110217102843],[139.5129105055155,35.569576892059956],[139.50701330641903,35.57582189226656],[139.50657494178017,35.57171577486315],[139.5006018542922,35.5704427215544],[139.49626710764096,35.564640225565995],[139.4910309723016,35.56142577517943],[139.48641350128207,35.56894605451686],[139.48286795109516,35.57138383869324],[139.47541128350395,35.57137355944229],[139.4699262517952,35.569893251972076],[139.46829177624454,35.56329602689016],[139.4704098307492,35.56040519844123],[139.4797276129391,35.55938855893493],[139.4819903629649,35.555629387386375],[139.4823933842473,35.54741633329718],[139.48033252842356,35.543146333336665],[139.4816372234792,35.53994577567704],[139.4868163543913,35.53552550529787],[139.495443332244,35.53876080196949],[139.50154027166627,35.53475691949632],[139.50798027187216,35.53521941474423],[139.51250442294088,35.53000417155533],[139.51782219154097,35.530557505524484],[139.5222696888951,35.52745110868176],[139.52406389033638,35.53181389259714],[139.53365335861565,35.53661638743637],[139.53822447497964,35.535231945897635],[139.54131866352554,35.53643917153062]]]},"properties":{"N03_001":"神奈川県","N03_002":null,"N03_003":"横浜市","N03_004":"青葉区","N03_007":"14117"}},{"type":"Feature","geometry":{"type":"Polygon","coordinates":[[[139.61352060988827,35.560952505154034],[139.61010727538138,35.5645900003367],[139.600711166687,35.56554027966024],[139.58007836632362,35.569223026821305],[139.57491780821033,35.56915413515526],[139.57179197072298,35.57160830587867],[139.5678606095795,35.571440639873686],[139.56173477224206,35.56097102759088],[139.56355741834022,35.555881667005394],[139.56170530505585,35.55239586507719],[139.5576890532427,35.55327166685568],[139.55210408533537,35.5476790270655],[139.5516950835613,35.539679999932105],[139.54131866352554,35.53643917153062],[139.54486503209557,35.532281108386485],[139.5476774711384,35.521976134990666],[139.55125608310186,35.518657972987114],[139.5525280032648,35.51206580209515],[139.55818518769627,35.51070141363937],[139.56392953262184,35.51273383829607],[139.56912919595572,35.51312191914133],[139.57470966282074,35.51607964006337],[139.58528413695342,35.513131414183476],[139.5921258364383,35.51369086534123],[139.59664914394295,35.51745083818571],[139.60224496763124,35.516290946569995],[139.60376403408293,35.523292279315285],[139.59956841794815,35.52849541403219],[139.59898708178844,35.53282308122027],[139.59632128350052,35.53655717157625],[139.59858980447598,35.54107691956426],[139.60221814445185,35.540976775557795],[139.60280372181433,35.54622783874379],[139.6067229960695,35.55238717133096],[139.61086581030895,35.55281941428461],[139.61075511006038,35.55746705396143],[139.61352060988827,35.560952505154034]]]},"properties":{"N03_001":"神奈川県","N03_002":null,"N03_003":"横浜市","N03_004":"都筑区","N03_007":"14118"}},{"type":"Feature","geometry":{"type":"MultiPolygon","coordinates":[[[[139.72532833943137,35.46979643205975],[139.74184357941772,35.47702513500201],[139.73506619944567,35.487359694294526],[139.73895678262943,35.48906372161349],[139.73411713409848,35.49459786529928],[139.7144968480511,35.48619182029631],[139.72532833943137,35.46979643205975]]],[[[139.77120311223393,35.506218251870905],[139.76118858568475,35.505732251941936],[139.73628328074892,35.49445366710313],[139.7404452523466,35.48816455964675],[139.7456105840613,35.48501325245968],[139.77867639390047,35.49955291933179],[139.77609121893465,35.50345622522468],[139.77120311223393,35.506218251870905]]],[[[139.7569597800699,35.52665889229411],[139.7489675617037,35.519949721402554],[139.74851561550327,35.51834608090695],[139.7517724113677,35.50946786574946],[139.75382827505496,35.50857541452382],[139.76495924787105,35.51160746801031],[139.7660327497117,35.5135635860907],[139.758900803929,35.526395613067166],[139.7569597800699,35.52665889229411]]],[[[139.71145665390156,35.49080085657431],[139.7313681053538,35.499063613495025],[139.73006069974156,35.511222279384754],[139.73240783405436,35.50992417096376],[139.73381208765784,35.50060380232367],[139.7487711407756,35.506844198001374],[139.74905372125227,35.509275459394985],[139.7460543833032,35.518980892554225],[139.75587610869547,35.527786468570696],[139.76095819646366,35.5302740275244],[139.77011133526992,35.51386735999074],[139.77623763845634,35.50955605416863],[139.7801899214278,35.51331144136998],[139.79074566807822,35.50787810808828],[139.79419785964353,35.511779332949914],[139.7915601948472,35.513378440862425],[139.79611180311724,35.518582027038974],[139.79017344924534,35.52001546813938],[139.78761124476318,35.5244652524695],[139.77446404677835,35.53222429731352],[139.7764963806036,35.53447000069002],[139.76807910486684,35.53933922522509],[139.75648691294077,35.54455313561874],[139.74677719810927,35.54382844122961],[139.739406640604,35.545124559450926],[139.73463800254183,35.54098346831245],[139.72611189354916,35.5434704139285],[139.71730238659597,35.53800405394401],[139.71075152965943,35.5365435324581],[139.70347180278156,35.53659130624385],[139.6903608555691,35.52602994602523],[139.6886950314506,35.526391919551486],[139.6882411148356,35.52266053255761],[139.69164496784106,35.51947525258089],[139.69661350181173,35.505875802626235],[139.69887513577896,35.502755531942285],[139.70340294349114,35.50444244156546],[139.7047451357795,35.500993000126925],[139.71145665390156,35.49080085657431]]]]},"properties":{"N03_001":"神奈川県","N03_002":null,"N03_003":"川崎市","N03_004":"川崎区","N03_007":"14131"}},{"type":"Feature","geometry":{"type":"Polygon","coordinates":[[[139.6886950314506,35.526391919551486],[139.6903608555691,35.52602994602523],[139.70347180278156,35.53659130624385],[139.69794267191685,35.541451613101515],[139.69844603055992,35.54540161269432],[139.70353355383054,35.54941102689742],[139.70307581060024,35.55332213530835],[139.69778358004828,35.55612908129211],[139.68961775565492,35.55728689187663],[139.68114194574423,35.56139858597601],[139.68462247674597,35.55852605423405],[139.68015050524173,35.554829414346045],[139.67383466903482,35.55536997344558],[139.66918247698982,35.56119302703661],[139.66726077776275,35.55876025208403],[139.66912260641317,35.55255258636624],[139.66417072609818,35.552558586609564],[139.66345992173808,35.55816441435627],[139.65825350179773,35.55474277545875],[139.65443730243965,35.542831108369],[139.65554255484506,35.538832225227054],[139.6664528016555,35.53299944097148],[139.67488258060837,35.537184414529754],[139.6779262255979,35.53972191908741],[139.6849143058506,35.53998608149254],[139.68363338437325,35.531397748407414],[139.6886950314506,35.526391919551486]]]},"properties":{"N03_001":"神奈川県","N03_002":null,"N03_003":"川崎市","N03_004":"幸区","N03_007":"14132"}},{"type":"Feature","geometry":{"type":"Polygon","coordinates":[[[139.65825350179773,35.55474277545875],[139.66345992173808,35.55816441435627],[139.66417072609818,35.552558586609564],[139.66912260641317,35.55255258636624],[139.66726077776275,35.55876025208403],[139.66918247698982,35.56119302703661],[139.67383466903482,35.55536997344558],[139.68015050524173,35.554829414346045],[139.68462247674597,35.55852605423405],[139.68114194574423,35.56139858597601],[139.67640669231503,35.56603830622288],[139.669309222043,35.58471883850365],[139.66332977994546,35.589866081254684],[139.6568370039247,35.58968608104783],[139.6504325287383,35.59258413554949],[139.64324391667344,35.59815636012797],[139.6375891694047,35.592615532680725],[139.6338897272292,35.5954374685644],[139.62935358010373,35.5958171983051],[139.62797719738978,35.59233830586817],[139.62929713325616,35.579572468094966],[139.63400294378084,35.57163000022439],[139.6399109985938,35.567523054545404],[139.63674014284334,35.56624889237253],[139.633333449779,35.56139861295566],[139.64293430527403,35.558361387468096],[139.6483348897434,35.55979333299598],[139.65231544650067,35.55682472128393],[139.65825350179773,35.55474277545875]]]},"properties":{"N03_001":"神奈川県","N03_002":null,"N03_003":"川崎市","N03_004":"中原区","N03_007":"14133"}},{"type":"Feature","geometry":{"type":"Polygon","coordinates":[[[139.633333449779,35.56139861295566],[139.63674014284334,35.56624889237253],[139.6399109985938,35.567523054545404],[139.63400294378084,35.57163000022439],[139.62929713325616,35.579572468094966],[139.62797719738978,35.59233830586817],[139.62935358010373,35.5958171983051],[139.6338897272292,35.5954374685644],[139.6375891694047,35.592615532680725],[139.64324391667344,35.59815636012797],[139.63116641999432,35.60723802711334],[139.62487472069188,35.609761919576954],[139.61794055741086,35.6138774681707],[139.61219167270758,35.61585302689571],[139.604737223744,35.6158246676743],[139.600068053398,35.6183985597458],[139.59671293709877,35.61839648997838],[139.60070885902667,35.612298279342156],[139.59136747143168,35.610908558783024],[139.5915735798569,35.608223279380866],[139.58795021932684,35.60591522549202],[139.5884237997186,35.60143938741783],[139.58665603025167,35.597739107973496],[139.59219795037518,35.594120252247876],[139.5937048894691,35.59126080204442],[139.59815350198255,35.59064608125169],[139.60106625140645,35.58566664030326],[139.6103520878786,35.58067025253018],[139.61636627798146,35.58139469420985],[139.62041152926872,35.57482389210901],[139.61537344982492,35.57266555966788],[139.61010727538138,35.5645900003367],[139.61352060988827,35.560952505154034],[139.6264101170333,35.5625013877289],[139.633333449779,35.56139861295566]]]},"properties":{"N03_001":"神奈川県","N03_002":null,"N03_003":"川崎市","N03_004":"高津区","N03_007":"14134"}},{"type":"Feature","geometry":{"type":"Polygon","coordinates":[[[139.59671293709877,35.61839648997838],[139.59188972842833,35.617709107989015],[139.58638639371713,35.620455224728914],[139.57734557663707,35.62182130570875],[139.5711175232551,35.62441074795771],[139.5625106362569,35.632384026601585],[139.55742508430023,35.63399486527089],[139.54942817057372,35.634374586018396],[139.54772094706414,35.636693468129124],[139.5359509726593,35.63948233324311],[139.53088763935318,35.64195844112919],[139.52538875538687,35.64264761319686],[139.5211831387909,35.63677041412336],[139.5232597804146,35.63217013544346],[139.517455862598,35.63066069443556],[139.51458027239758,35.62472738674304],[139.51964691237515,35.62111489273815],[139.52350555074065,35.621859333541465],[139.5258869123512,35.61808710833344],[139.52267910557518,35.6145998919945],[139.52354988282093,35.607306306341],[139.52656600481737,35.602965197885624],[139.53051155546393,35.60259186502259],[139.53109289162376,35.59678741390809],[139.53850153002168,35.59693325156837],[139.54725211429366,35.599906027141515],[139.55312852106442,35.60558936026081],[139.56516213982093,35.60423938703815],[139.5718563289065,35.60492994586036],[139.57613800296656,35.60757744114602],[139.57815411212266,35.605370504844984],[139.58795021932684,35.60591522549202],[139.5915735798569,35.608223279380866],[139.59136747143168,35.610908558783024],[139.60070885902667,35.612298279342156],[139.59671293709877,35.61839648997838]]]},"properties":{"N03_001":"神奈川県","N03_002":null,"N03_003":"川崎市","N03_004":"多摩区","N03_007":"14135"}},{"type":"Feature","geometry":{"type":"Polygon","coordinates":[[[139.5678606095795,35.571440639873686],[139.57179197072298,35.57160830587867],[139.57491780821033,35.56915413515526],[139.58007836632362,35.569223026821305],[139.600711166687,35.56554027966024],[139.61010727538138,35.5645900003367],[139.61537344982492,35.57266555966788],[139.62041152926872,35.57482389210901],[139.61636627798146,35.58139469420985],[139.6103520878786,35.58067025253018],[139.60106625140645,35.58566664030326],[139.59815350198255,35.59064608125169],[139.5937048894691,35.59126080204442],[139.59219795037518,35.594120252247876],[139.58665603025167,35.597739107973496],[139.5884237997186,35.60143938741783],[139.58795021932684,35.60591522549202],[139.57815411212266,35.605370504844984],[139.57613800296656,35.60757744114602],[139.5718563289065,35.60492994586036],[139.56516213982093,35.60423938703815],[139.55312852106442,35.60558936026081],[139.54725211429366,35.599906027141515],[139.53850153002168,35.59693325156837],[139.53109289162376,35.59678741390809],[139.52657036293192,35.592504387267695],[139.53656564129142,35.59129855918121],[139.55588177662275,35.587344387633436],[139.56514394293868,35.5788371985779],[139.5678606095795,35.571440639873686]]]},"properties":{"N03_001":"神奈川県","N03_002":null,"N03_003":"川崎市","N03_004":"宮前区","N03_007":"14136"}},{"type":"Feature","geometry":{"type":"MultiPolygon","coordinates":[[[[139.48286795109516,35.57138383869324],[139.48629744467144,35.57853522512062],[139.48986941604073,35.583578559303135],[139.4849830216492,35.58460883792759],[139.48220299597153,35.58172050509728],[139.47600632892897,35.58073161327337],[139.47325182870895,35.573851027103274],[139.4699262517952,35.569893251972076],[139.47541128350395,35.57137355944229],[139.48286795109516,35.57138383869324]]],[[[139.52657036293192,35.592504387267695],[139.53109289162376,35.59678741390809],[139.53051155546393,35.60259186502259],[139.52656600481737,35.602965197885624],[139.52354988282093,35.607306306341],[139.52267910557518,35.6145998919945],[139.5258869123512,35.61808710833344],[139.52350555074065,35.621859333541465],[139.51964691237515,35.62111489273815],[139.51458027239758,35.62472738674304],[139.50341910470797,35.62286158659299],[139.4948813099246,35.6173907479847],[139.49578099889402,35.612358532120595],[139.50002347600264,35.60728046791934],[139.49757483790847,35.60486880275312],[139.48906897445363,35.60466689236324],[139.48655121896365,35.60843410834747],[139.48126844388366,35.61005661302232],[139.476711776927,35.615327999987244],[139.47623652389655,35.61888744110257],[139.46786208736546,35.62052164056132],[139.4653381967005,35.624062468408226],[139.46073593951212,35.62216108126893],[139.45241422753463,35.61578300028526],[139.4492805839319,35.61177605472119],[139.45287197076493,35.607447999925284],[139.45737724956052,35.60721217160449],[139.46379810589792,35.609161054639],[139.47027505744802,35.603486054637756],[139.47119224362723,35.6010602251493],[139.47688364456462,35.59954466695285],[139.49445944155002,35.58630717163874],[139.4939266409018,35.5827816133808],[139.49921635425142,35.580969946206096],[139.5054574451051,35.57478689220136],[139.50701330641903,35.57582189226656],[139.5129105055155,35.569576892059956],[139.5217710507934,35.57110217102843],[139.52428747079023,35.57356994669573],[139.5248825027254,35.578957171736135],[139.52909586248416,35.582247441266475],[139.52660255506396,35.586007171294],[139.5282972752991,35.587762721672334],[139.52657036293192,35.592504387267695]]]]},"properties":{"N03_001":"神奈川県","N03_002":null,"N03_003":"川崎市","N03_004":"麻生区","N03_007":"14137"}},{"type":"Feature","geometry":{"type":"Polygon","coordinates":[[[139.3613597535499,35.599050494884466],[139.3567272890332,35.59900931492797],[139.33789106342192,35.60434692796838],[139.3294851092504,35.60368164908891],[139.32056363130664,35.606515973133696],[139.31403478527716,35.604352568516276],[139.3047719579596,35.604688081289964],[139.29919992133932,35.6062286496325],[139.2926051226284,35.61180827922874],[139.28287370895453,35.6132664408936],[139.27987949354383,35.61148089272905],[139.27427367029372,35.611047306188254],[139.26584199641104,35.60735146849555],[139.2647750578227,35.60245869431333],[139.25770533073648,35.604230667211596],[139.25222367058598,35.601667333180956],[139.2468699992511,35.60522053210195],[139.2386375620739,35.60697674797859],[139.23797977994298,35.60935008134123],[139.2298814397767,35.61456755934546],[139.22887450035796,35.62022589221118],[139.22544980466478,35.62375310791964],[139.22023228259388,35.6255716944782],[139.22143396840295,35.62946641454346],[139.21545924774614,35.636943360048065],[139.21446341045805,35.641396667022605],[139.21573483779264,35.645559721404084],[139.21146121896015,35.64911666690068],[139.20526538289118,35.65157805468351],[139.1980300780258,35.65294858640817],[139.19255894893638,35.65037386516178],[139.19153394303714,35.64739802739712],[139.18405641926836,35.64508858636924],[139.17916280152212,35.64556774875268],[139.17524613440162,35.649731613423285],[139.16933749682812,35.65147522530145],[139.16716894898786,35.661831585958964],[139.16160367077282,35.66790658641986],[139.15359780789254,35.666021559747264],[139.1471603105,35.6668171081231],[139.1367314132242,35.672412081052755],[139.131341387695,35.671994586081325],[139.12389827468564,35.662918467913016],[139.11981021926624,35.660408198379685],[139.11726377360435,35.65489653234914],[139.12696875440452,35.64190044115247],[139.12362094624973,35.63407989257303],[139.12438953295066,35.63075100075815],[139.12346505776623,35.62405961306075],[139.12603810537428,35.6230051984312],[139.12979450071566,35.617932414149664],[139.13371477231897,35.615810747967714],[139.1277853046481,35.61264491942757],[139.13240752228944,35.60891964062898],[139.13301613488682,35.606481586655946],[139.12933328070642,35.59459633355402],[139.12459688693684,35.592647414546605],[139.12143766481643,35.58691825197582],[139.12401211356826,35.582154108725206],[139.12777099823302,35.58100022548007],[139.12701788526726,35.571711613700074],[139.12964177694653,35.56703827949303],[139.12841092072745,35.56264772091566],[139.12128586285235,35.55617327937341],[139.11521944192373,35.55371105432175],[139.1119607772681,35.54979355892567],[139.11171383872272,35.54453522562022],[139.11392185510954,35.5384874413424],[139.10663569358246,35.532174360658246],[139.10411455304427,35.52689102709928],[139.0943045008521,35.52187130641573],[139.0857899733287,35.5120863066378],[139.08076053187312,35.51273602724592],[139.074466303677,35.50993961322263],[139.06855405982208,35.51089072093009],[139.06603822258592,35.509408225409345],[139.0675851617259,35.50414710870217],[139.07337658885854,35.49980213496059],[139.07434325573672,35.496146865685375],[139.08664077784965,35.49303074807062],[139.0910496888921,35.48811577502306],[139.09666386504534,35.486561054049446],[139.10237693874478,35.47896355892118],[139.10837055775505,35.478961360078756],[139.11454444856747,35.47695774790179],[139.11707641964108,35.477886919345906],[139.1265830864404,35.47812583863657],[139.13017671888053,35.48474889224764],[139.14013089462514,35.48621222501424],[139.14667005138188,35.4832144680733],[139.1483905839583,35.4777355859286],[139.15105308623106,35.476763640030015],[139.15751783398093,35.47847977492171],[139.16283391635227,35.474549224966836],[139.16570338500333,35.47873841454623],[139.1667025803598,35.483086171689536],[139.17559710742069,35.48996897288981],[139.18129827499547,35.49720872130547],[139.1921947468901,35.50628233306327],[139.19953977983698,35.506933198508364],[139.20447814425097,35.51395846850858],[139.2093723348654,35.515486802474015],[139.21084208789216,35.52062319850188],[139.2154354462889,35.52116708149566],[139.21736435807873,35.52496264051348],[139.2227696630896,35.52863013517265],[139.21756994759505,35.53267153196566],[139.22011275010345,35.534597081190384],[139.2297258363783,35.53643819846411],[139.23179080390253,35.531999586411814],[139.23832778160192,35.53416764052423],[139.24092224386652,35.5384481985256],[139.24813063562044,35.54251930622104],[139.24983622596108,35.546929865720756],[139.26230319024012,35.55014902765555],[139.26722011661514,35.5499895859507],[139.2767398046983,35.545850667574314],[139.2865731907002,35.55622983863617],[139.29443678263146,35.55651230669764],[139.29778730134296,35.553552305994174],[139.30316175061432,35.551509531939416],[139.3035547723349,35.54830730603737],[139.30736530506488,35.54466369467383],[139.31282836543676,35.54191422526134],[139.3172480539546,35.53818589236511],[139.32536880702492,35.54397644175941],[139.32285739265456,35.547232000156725],[139.32420732810579,35.55132613499319],[139.32278333258478,35.55903705441659],[139.3288092993098,35.56214355917797],[139.33129680880074,35.568450973233894],[139.33837418911764,35.5729420544323],[139.3394387157242,35.57106038762686],[139.34631739263364,35.569539441591985],[139.3478836707949,35.5667011983017],[139.3539819457103,35.566091278989404],[139.35209814481357,35.57113294672814],[139.34731258061117,35.57058238716746],[139.34116564158114,35.576579919127994],[139.34478888509898,35.58613100074513],[139.3527510247401,35.58379472124943],[139.35301644525282,35.58863005393391],[139.35620394295768,35.58914253260184],[139.3582918288049,35.59489774853233],[139.3613597535499,35.599050494884466]]]},"properties":{"N03_001":"神奈川県","N03_002":null,"N03_003":"相模原市","N03_004":"緑区","N03_007":"14151"}},{"type":"Feature","geometry":{"type":"Polygon","coordinates":[[[139.32536880702492,35.54397644175941],[139.3435449158652,35.533112559497056],[139.35450513530384,35.52746702758134],[139.35512408560817,35.52690438742758],[139.36097805339455,35.53352435996129],[139.3679351880586,35.53398453226043],[139.37292005191898,35.53718141439083],[139.37492824883964,35.54176027931351],[139.38202566785037,35.544076440975005],[139.38804430599998,35.54890822493468],[139.39234016866396,35.550178667511545],[139.39627411176093,35.55439253268929],[139.4031425022248,35.559397919078776],[139.41342228291205,35.55461655920692],[139.41774422771402,35.558331081214476],[139.4181936711011,35.561765802549814],[139.4134270556142,35.566247135097285],[139.40897686029393,35.575329999979544],[139.40324756192547,35.57556525273429],[139.4012434883963,35.577533676238204],[139.39914758779105,35.58465033354611],[139.39108452622997,35.58525950552183],[139.38861814451184,35.588533080937],[139.38532958459268,35.58819265786491],[139.37704542200868,35.591713523460385],[139.3727821660642,35.59497777560392],[139.3613597535499,35.599050494884466],[139.3582918288049,35.59489774853233],[139.35620394295768,35.58914253260184],[139.35301644525282,35.58863005393391],[139.3527510247401,35.58379472124943],[139.34478888509898,35.58613100074513],[139.34116564158114,35.576579919127994],[139.34731258061117,35.57058238716746],[139.35209814481357,35.57113294672814],[139.3539819457103,35.566091278989404],[139.3478836707949,35.5667011983017],[139.34631739263364,35.569539441591985],[139.3394387157242,35.57106038762686],[139.33837418911764,35.5729420544323],[139.33129680880074,35.568450973233894],[139.3288092993098,35.56214355917797],[139.32278333258478,35.55903705441659],[139.32420732810579,35.55132613499319],[139.32285739265456,35.547232000156725],[139.32536880702492,35.54397644175941]]]},"properties":{"N03_001":"神奈川県","N03_002":null,"N03_003":"相模原市","N03_004":"中央区","N03_007":"14152"}},{"type":"Feature","geometry":{"type":"Polygon","coordinates":[[[139.35512408560817,35.52690438742758],[139.3638878593373,35.52087594666767],[139.37530367082786,35.5172806675688],[139.37657114024603,35.51279486539079],[139.37630136161863,35.50304322506486],[139.3739676649758,35.49182380212682],[139.38765600482088,35.49095658587777],[139.39523438395975,35.497498802128064],[139.39962661437687,35.49665102742301],[139.4068471973403,35.49931046840345],[139.40977302200747,35.50236519829531],[139.41094472082227,35.506656585932774],[139.4205014789602,35.5154249192247],[139.42767255424508,35.511413531909],[139.42923946732765,35.507372973284134],[139.4427789747699,35.512337694129315],[139.44718372195132,35.51682713496439],[139.45576625171122,35.52046769402892],[139.45482308681608,35.522741360025805],[139.4582498563459,35.52804994654787],[139.4486505054166,35.535247639966656],[139.44509747107145,35.541130721505624],[139.44069500547016,35.54296930628851],[139.43600693856945,35.54682955893702],[139.42871897480086,35.550377306167775],[139.42391167308529,35.55589264053299],[139.4224411925071,35.55943541451285],[139.4181936711011,35.561765802549814],[139.41774422771402,35.558331081214476],[139.41342228291205,35.55461655920692],[139.4031425022248,35.559397919078776],[139.39627411176093,35.55439253268929],[139.39234016866396,35.550178667511545],[139.38804430599998,35.54890822493468],[139.38202566785037,35.544076440975005],[139.37492824883964,35.54176027931351],[139.37292005191898,35.53718141439083],[139.3679351880586,35.53398453226043],[139.36097805339455,35.53352435996129],[139.35512408560817,35.52690438742758]]]},"properties":{"N03_001":"神奈川県","N03_002":null,"N03_003":"相模原市","N03_004":"南区","N03_007":"14153"}},{"type":"Feature","geometry":{"type":"MultiPolygon","coordinates":[[[[139.65184241209772,35.307418441607865],[139.6437032804821,35.30032536002739],[139.64853282692843,35.294704306758376],[139.65277379947133,35.296785360456056],[139.6518453303977,35.29911802737513],[139.65643461666434,35.3018695859127],[139.65184241209772,35.307418441607865]]],[[[139.63580142689443,35.32343884762474],[139.63214486349477,35.32219158597297],[139.631602723387,35.32520484722596],[139.62460544658416,35.318735306089536],[139.61406625195605,35.31658922511269],[139.60943399428345,35.312501747957356],[139.6120153570232,35.30668455974467],[139.61805619943414,35.30279791918866],[139.61860286582964,35.29966766692934],[139.62251450034398,35.29322325195159],[139.6238219967878,35.288454946638524],[139.6210408559508,35.28449246805303],[139.6231066670391,35.279269171435146],[139.62796946771687,35.278736946353035],[139.6314933586317,35.27499500041898],[139.63933975372674,35.273638333542294],[139.63779306100105,35.264763918919755],[139.63604581046582,35.2617006130929],[139.62965299588916,35.25849897354885],[139.6275527236793,35.25598646830093],[139.62156189346672,35.2574636946938],[139.6183324378918,35.2614992521888],[139.61324379946188,35.25773010805807],[139.60346213976595,35.25809510870238],[139.5968898825621,35.25604455910917],[139.58203739281146,35.25487122532684],[139.57805348877753,35.253370541017716],[139.58591461656636,35.25149361363941],[139.59983505794162,35.238887387542945],[139.59967861187852,35.235011559535906],[139.6040691434763,35.23159980238904],[139.6026588329388,35.22541336063813],[139.60856374731918,35.222128279296726],[139.61293250273286,35.2231245590512],[139.62146302200097,35.220038748589445],[139.62670038851218,35.21674989189404],[139.62700608246485,35.21319213520894],[139.62305513588592,35.20760977527095],[139.617119169714,35.20818902770151],[139.6140949412286,35.209934559632245],[139.60900713377225,35.2089049734858],[139.60501608282607,35.203694775493545],[139.60519486355213,35.199463667614225],[139.5991824118389,35.19638972100887],[139.60131938987797,35.19355544103081],[139.60581591377343,35.194061135213246],[139.61027705564163,35.19013789224999],[139.61571665360077,35.18993414454519],[139.6205355250945,35.1966281348806],[139.62642163375142,35.19941033332026],[139.6292302452797,35.199195333298064],[139.63286416285086,35.20521446787342],[139.64075224332146,35.206532532250606],[139.64724975337344,35.20631558609546],[139.6552183654353,35.209746387285975],[139.65516111459385,35.204450306736305],[139.6582230606458,35.202441973118596],[139.6600861087869,35.19832033341669],[139.66478269766344,35.19306018887664],[139.66711841778078,35.19555622573927],[139.68546391662653,35.207088279100844],[139.69270405984457,35.20941280265879],[139.71476175055443,35.21181261296175],[139.71681241166357,35.21066569406656],[139.72497741857308,35.21191197365869],[139.72276344957356,35.21827855950795],[139.71597891099805,35.21833336059615],[139.71340849480623,35.22393077518518],[139.71766085546415,35.228347000413805],[139.72133191953253,35.227238532032686],[139.72260308696298,35.2241821087174],[139.72673807979857,35.22453277506759],[139.7292728270794,35.22914044167811],[139.7277156932247,35.233172414475405],[139.72015980433162,35.240312892126326],[139.72718011636937,35.239646972929506],[139.73321972760846,35.24083994610669],[139.7341782097567,35.24596325250218],[139.73781105083935,35.24952925237312],[139.7464177813556,35.25333646840335],[139.7462158107112,35.25631277561416],[139.73955219138054,35.261406747923104],[139.73316038854114,35.26155550568211],[139.72735919567037,35.264145532490375],[139.72108092054816,35.26317155951989],[139.70319625140598,35.26395608130815],[139.69099486412176,35.266484224867156],[139.69015992184302,35.271090081142404],[139.68458975401404,35.2735914141125],[139.6857701168974,35.275584586059836],[139.67732014271053,35.280051198504054],[139.67413457764872,35.286909721606435],[139.68001569326964,35.28934613521602],[139.6774256673607,35.292211081176504],[139.6798041367516,35.295822000385044],[139.67420722398424,35.30046083839704],[139.66871713358887,35.301832838714574],[139.66179094639517,35.300666054694716],[139.66541771705408,35.29260833330801],[139.65751403334605,35.29095810793041],[139.66073549844452,35.28719180206008],[139.66083121868587,35.28290438762741],[139.6552070816416,35.28477022546559],[139.64965230840733,35.2880503335561],[139.64683593932716,35.295535171511006],[139.6424442799796,35.29918946861915],[139.63894379931696,35.29497197287827],[139.63536469452515,35.296159468284884],[139.63244386469262,35.301439081348576],[139.6389560049157,35.300677306112846],[139.65569241157561,35.32157050517475],[139.6612245776522,35.32225953245154],[139.66066856010605,35.328174414018065],[139.64899208731504,35.327420441300376],[139.64073238629067,35.330373468660696],[139.63773521390908,35.32564466696783],[139.6374439945448,35.3253095768755],[139.63725268446387,35.325122378494996],[139.63689333246134,35.32470118910862],[139.6368379764915,35.324625396045235],[139.63580142689443,35.32343884762474]]]]},"properties":{"N03_001":"神奈川県","N03_002":null,"N03_003":null,"N03_004":"横須賀市","N03_007":"14201"}},{"type":"Feature","geometry":{"type":"Polygon","coordinates":[[[139.3734690268742,35.394500468022216],[139.35901405995094,35.39480489213213],[139.3549663040518,35.403806802741826],[139.35499180252975,35.39331738738758],[139.35744763879757,35.390661306274296],[139.35552066055016,35.38396658658877],[139.35299092069454,35.381389081041334],[139.34694369579495,35.378970441632646],[139.33477066053763,35.384611252107675],[139.33166535637122,35.38069625233021],[139.322314526794,35.38060483804287],[139.318919247925,35.37754010858919],[139.32159557637476,35.36941486520391],[139.31559644541971,35.372344559653754],[139.31339063596909,35.37796091936099],[139.30819372186284,35.381731468232715],[139.30409260648867,35.38309894675905],[139.30061678253855,35.38111061316431],[139.29038510928547,35.381397000471225],[139.2916308942505,35.37333508104922],[139.28320202265525,35.374082838552226],[139.2751453570727,35.37280227950163],[139.2739461605869,35.367979531929905],[139.26709335897135,35.356222892672406],[139.26304530449727,35.357017613671985],[139.25119116703877,35.35408705407434],[139.2387403365973,35.34643874814975],[139.24049666668793,35.33505238765764],[139.24422914366016,35.33537269469417],[139.2492713357036,35.32984994631801],[139.25085050564633,35.32880553214966],[139.2596099212609,35.33106774797824],[139.26209435776843,35.33420969412214],[139.27230379978062,35.33399858636574],[139.2797248892923,35.33256636024936],[139.28436654937684,35.33013053209845],[139.29615263243807,35.33063355889169],[139.2955603884012,35.324791333553264],[139.30703202260986,35.31926050566784],[139.3123415048566,35.322106865339606],[139.31892481203056,35.3225829736254],[139.31867817026136,35.32510046831203],[139.32776622603058,35.324866586124074],[139.33095817088292,35.326096613168204],[139.33406953288272,35.32319383812518],[139.32919953223268,35.32102938759624],[139.32850394260288,35.31580855961738],[139.3300429434272,35.31211887418675],[139.33833894828388,35.3135892792219],[139.35856143925912,35.31508525198285],[139.36786855998616,35.31417260468203],[139.37436073885704,35.31533260421634],[139.37350005168605,35.319334505483084],[139.36943785986944,35.32326558603802],[139.3693523343428,35.32978280203474],[139.37125819650862,35.33523944124727],[139.37482089496837,35.33982717168669],[139.3695250059743,35.34011536033569],[139.36876666704813,35.344308027593456],[139.37043824862633,35.351164413906645],[139.37211355339787,35.35535580232846],[139.37194691261993,35.36063774823356],[139.36864027183117,35.36323164032797],[139.37089610876842,35.36784605455182],[139.3746537217919,35.388531027285126],[139.3734690268742,35.394500468022216]]]},"properties":{"N03_001":"神奈川県","N03_002":null,"N03_003":null,"N03_004":"平塚市","N03_007":"14203"}},{"type":"Feature","geometry":{"type":"Polygon","coordinates":[[[139.587858520954,35.33651853260426],[139.57362325570875,35.33691491958791],[139.57293802896697,35.34235822455247],[139.5695936058603,35.34753569441682],[139.56116749698242,35.34618017147778],[139.55762863775146,35.34711377568027],[139.55416228276317,35.3517704139735],[139.5484767436069,35.35543650569025],[139.54900593977231,35.35964538772453],[139.54421542210412,35.36299564023665],[139.54209844408797,35.35701289223124],[139.5363203889748,35.354927359909766],[139.53085983051687,35.35696569401165],[139.5256162523882,35.356866801861486],[139.5215532170074,35.36149594608111],[139.5187238383345,35.36156691967767],[139.51401130987415,35.362406774952774],[139.50259105033672,35.36754758665188],[139.49539128398067,35.3577115053817],[139.50076627734188,35.35682205429441],[139.50833622533662,35.350756252099416],[139.50954897460554,35.3460240545665],[139.5168336702377,35.34136741447463],[139.50978138730125,35.33363105412991],[139.50289418841612,35.332787999966285],[139.50056610893887,35.327985505127],[139.49705442272352,35.32442410798626],[139.49709522676335,35.319592467918085],[139.49147494151543,35.31353500063983],[139.48867009095204,35.307588333434865],[139.5096431651001,35.305010720868154],[139.52583177671522,35.30181869417743],[139.5316667184444,35.30374858622832],[139.53440844379475,35.30860925191547],[139.53951177624754,35.309384721128026],[139.54692749680657,35.30681402704579],[139.5521076646371,35.302883081389155],[139.55190547275947,35.29940577535632],[139.55663894822897,35.30272177538967],[139.56008758747225,35.30726758662985],[139.56911396863484,35.31040730605241],[139.5736256416102,35.31309202697554],[139.58533649728156,35.31741700069409],[139.58733316489372,35.32023697335768],[139.5931604147214,35.32041474864178],[139.59295902683766,35.324027505165304],[139.58870988305478,35.33004746801629],[139.587858520954,35.33651853260426]]]},"properties":{"N03_001":"神奈川県","N03_002":null,"N03_003":null,"N03_004":"鎌倉市","N03_007":"14204"}},{"type":"Feature","geometry":{"type":"MultiPolygon","coordinates":[[[[139.48266654972156,35.30279253224961],[139.47673530499037,35.29742617148071],[139.48717383850192,35.29859155975271],[139.48266654972156,35.30279253224961]]],[[[139.48426980440797,35.387366973607016],[139.4787670812359,35.39178027963624],[139.47566858583662,35.410274108163605],[139.47803807999344,35.4199346399717],[139.4727756161019,35.424147135481974],[139.46564282675513,35.424394225113474],[139.46108311289538,35.42274713567184],[139.4478042532637,35.427971279451015],[139.4436453564481,35.42760683818511],[139.45662280200077,35.4171618655277],[139.45652138725234,35.414736865214195],[139.44875299575426,35.407505775471236],[139.44271605640097,35.40737300046368],[139.44251999969833,35.41313797313899],[139.4300091952682,35.419579613708265],[139.4249366924745,35.4197215591027],[139.42409444859993,35.416265441097266],[139.41297863745422,35.419057108498805],[139.4134369382641,35.4159498923737],[139.4069482748431,35.40767908112474],[139.40126464224954,35.4006824140622],[139.39549269802967,35.40128464057375],[139.3939826715631,35.397642414166114],[139.3959082225865,35.39518353189453],[139.39548569410954,35.39077494640668],[139.403140972478,35.39008299993054],[139.3996425809404,35.3845160813521],[139.4017720226608,35.37991941434956],[139.40500700367033,35.377298586660515],[139.40637783396994,35.379701081439805],[139.41592647122968,35.38468802723071],[139.42822452664063,35.38397333330272],[139.43248338490037,35.379516946150204],[139.43177836587893,35.37269419807882],[139.4392316727036,35.369628360660386],[139.43996024586875,35.36517310845227],[139.43651469489737,35.36337561369368],[139.43569855924113,35.3592242253178],[139.43733075141313,35.354078135497616],[139.43984046696403,35.35259230619005],[139.44261238705212,35.34729483798645],[139.4439656940616,35.34161400048578],[139.44350092083084,35.33191486527886],[139.4380448373994,35.31914555072666],[139.45446121851046,35.3178012252464],[139.46872866329727,35.31499700061113],[139.47661635436134,35.31139574821526],[139.482888520389,35.304745387589605],[139.48867009095204,35.307588333434865],[139.49147494151543,35.31353500063983],[139.49709522676335,35.319592467918085],[139.49705442272352,35.32442410798626],[139.50056610893887,35.327985505127],[139.50289418841612,35.332787999966285],[139.50978138730125,35.33363105412991],[139.5168336702377,35.34136741447463],[139.50954897460554,35.3460240545665],[139.50833622533662,35.350756252099416],[139.50076627734188,35.35682205429441],[139.49539128398067,35.3577115053817],[139.48588019431554,35.359423171542176],[139.48861661456522,35.36585508144691],[139.48991944172894,35.37184338726257],[139.49363833983762,35.375093667538806],[139.49151418882877,35.37959783836959],[139.48601450086858,35.382278640047275],[139.48426980440797,35.387366973607016]]]]},"properties":{"N03_001":"神奈川県","N03_002":null,"N03_003":null,"N03_004":"藤沢市","N03_007":"14205"}},{"type":"Feature","geometry":{"type":"Polygon","coordinates":[[[139.18725094697368,35.32310833328302],[139.1813104149437,35.329485306301876],[139.17646513575744,35.32741891964747],[139.17029905285904,35.3267603335226],[139.1690820875683,35.321701414089034],[139.16549041475093,35.318006134875304],[139.16076488928832,35.31709919826943],[139.1553635017243,35.3133325326703],[139.1486415820434,35.313620586420996],[139.1430643833147,35.323490838331566],[139.13621661430534,35.32256083861188],[139.13554466875155,35.31887444110265],[139.13065549905207,35.317675252710785],[139.13371272366328,35.31025138699198],[139.1316602198433,35.30808833311016],[139.1324540855876,35.3008430538639],[139.13078686032543,35.288209748281304],[139.12022713327565,35.285224694264286],[139.1181182482586,35.28002636012849],[139.1078418544181,35.27976269419304],[139.09183321692944,35.277802333111254],[139.07165094633422,35.27208419802736],[139.06617066034778,35.27274194598408],[139.0600503628341,35.271822748021464],[139.06315369568654,35.26507802692947],[139.0649006359556,35.2564638653152],[139.06894316499518,35.25512638727298],[139.06490481150786,35.25086330669632],[139.05891369531082,35.24771661303134],[139.06706282648827,35.241279414213636],[139.07251452662422,35.242066946032764],[139.08354505775833,35.23391838772346],[139.0867693386341,35.235065360578005],[139.09122980511142,35.240034532167954],[139.09189702922458,35.24345564046547],[139.09759535674038,35.24231344121239],[139.0998539689856,35.23977261361529],[139.10352092045423,35.240382639946915],[139.10915258032742,35.23874405449459],[139.11784897505026,35.240057999976784],[139.12034450109786,35.236683559298854],[139.11413810608883,35.2321718386595],[139.11563197083888,35.22781683837644],[139.11045503157447,35.2261012520712],[139.10070863789338,35.22507983806412],[139.09223527863526,35.2206534145235],[139.0850224379352,35.214698387220835],[139.08372213966504,35.20708061327974],[139.08168461675177,35.202868919065395],[139.07672430528248,35.20018002708662],[139.07831955870074,35.196126135113104],[139.08698955832153,35.19350950545936],[139.09114177677168,35.193323108374784],[139.09367204902594,35.189640613023926],[139.10302258092747,35.18709755960475],[139.11066674367532,35.186420360211514],[139.1256031122939,35.18198953269081],[139.13124752275507,35.178003441505666],[139.13719762537016,35.17881601854447],[139.13595505728017,35.18246761318983],[139.1400623087286,35.18788930654631],[139.13773900105411,35.192600694666396],[139.13830403340444,35.19959517098039],[139.14097360524772,35.20277417099123],[139.14240634127964,35.208804919411534],[139.14143783348925,35.215227324381544],[139.14267861192843,35.21833574829623],[139.1417339685479,35.22544200044803],[139.14420849452642,35.23391691013734],[139.1481820878331,35.23864747719938],[139.1576140722317,35.24363377547843],[139.171116743443,35.25399194647122],[139.18643057101406,35.26108789239237],[139.20787492858517,35.27728522563268],[139.22145277592494,35.281244090742234],[139.2340808033864,35.28644291950519],[139.23678427967081,35.290407694059866],[139.23746152942613,35.29555964026525],[139.23543846940993,35.29813850558759],[139.2379945773879,35.30062936055657],[139.2383195842815,35.304455197949096],[139.23632574593648,35.311318802221024],[139.2380921394407,35.31473908134359],[139.23292994725932,35.31982072124936],[139.226755810932,35.318114279250665],[139.22367191962348,35.31591397365099],[139.21384555103145,35.31729558592258],[139.2122080537588,35.31453861346631],[139.20293360540165,35.31154522543187],[139.19721450084865,35.31681772126086],[139.19241005178253,35.317680532630504],[139.18725094697368,35.32310833328302]]]},"properties":{"N03_001":"神奈川県","N03_002":null,"N03_003":null,"N03_004":"小田原市","N03_007":"14206"}},{"type":"Feature","geometry":{"type":"Polygon","coordinates":[[[139.37436073885704,35.31533260421634],[139.38292900087276,35.31517969428751],[139.38431849480276,35.31620119822679],[139.39711274935394,35.316101306030475],[139.40332610871303,35.318209171216324],[139.4147403364974,35.31612172154024],[139.42347530494146,35.3183589461085],[139.4380448373994,35.31914555072666],[139.44350092083084,35.33191486527886],[139.4439656940616,35.34161400048578],[139.44261238705212,35.34729483798645],[139.43984046696403,35.35259230619005],[139.43733075141313,35.354078135497616],[139.43569855924113,35.3592242253178],[139.43651469489737,35.36337561369368],[139.43996024586875,35.36517310845227],[139.4392316727036,35.369628360660386],[139.43177836587893,35.37269419807882],[139.43248338490037,35.379516946150204],[139.42822452664063,35.38397333330272],[139.41592647122968,35.38468802723071],[139.40637783396994,35.379701081439805],[139.40500700367033,35.377298586660515],[139.400725278349,35.368306108140416],[139.39396719782803,35.36316750517625],[139.39672710747004,35.35623872163973],[139.3948376903072,35.352069468231434],[139.37479491535316,35.35020805415843],[139.37043824862633,35.351164413906645],[139.36876666704813,35.344308027593456],[139.3695250059743,35.34011536033569],[139.37482089496837,35.33982717168669],[139.37125819650862,35.33523944124727],[139.3693523343428,35.32978280203474],[139.36943785986944,35.32326558603802],[139.37350005168605,35.319334505483084],[139.37436073885704,35.31533260421634]]]},"properties":{"N03_001":"神奈川県","N03_002":null,"N03_003":null,"N03_004":"茅ヶ崎市","N03_007":"14207"}},{"type":"Feature","geometry":{"type":"Polygon","coordinates":[[[139.5931604147214,35.32041474864178],[139.58733316489372,35.32023697335768],[139.58533649728156,35.31741700069409],[139.5736256416102,35.31309202697554],[139.56911396863484,35.31040730605241],[139.56008758747225,35.30726758662985],[139.55663894822897,35.30272177538967],[139.55190547275947,35.29940577535632],[139.55368036305833,35.29431122568258],[139.5610594155596,35.29286617163655],[139.57104652357827,35.293220892130535],[139.57342344973245,35.28720444113213],[139.56968612181709,35.28502206351749],[139.5747102455814,35.28254441419341],[139.57908055772168,35.28717941389891],[139.58377469504626,35.28647553251989],[139.58940555092545,35.29134189271423],[139.59228306041496,35.290328027616454],[139.60182138784683,35.29188746823212],[139.60963002580513,35.29015636052765],[139.61154055725103,35.286720532126935],[139.60443469450558,35.28191586542488],[139.5978346950152,35.281284748192604],[139.59951855953398,35.27781366726697],[139.60575108884177,35.27617033339425],[139.61371024543155,35.27776336009106],[139.6228711148102,35.27603889208126],[139.6231066670391,35.279269171435146],[139.6210408559508,35.28449246805303],[139.6238219967878,35.288454946638524],[139.62251450034398,35.29322325195159],[139.61860286582964,35.29966766692934],[139.61805619943414,35.30279791918866],[139.6120153570232,35.30668455974467],[139.60943399428345,35.312501747957356],[139.60216871591354,35.31699199998087],[139.59622233469304,35.31642144129654],[139.5931604147214,35.32041474864178]]]},"properties":{"N03_001":"神奈川県","N03_002":null,"N03_003":null,"N03_004":"逗子市","N03_007":"14208"}},{"type":"Feature","geometry":{"type":"MultiPolygon","coordinates":[[[[139.60977124454735,35.137860865586504],[139.61015994772345,35.13282508121256],[139.62189894857772,35.13234483874339],[139.62115997385376,35.1364335057018],[139.60977124454735,35.137860865586504]]],[[[139.61571665360077,35.18993414454519],[139.61788403412095,35.18460438708286],[139.6161670556652,35.18089922521909],[139.6184604662776,35.17902136074724],[139.62016880674514,35.17347889203728],[139.61676944135672,35.171590468625254],[139.6168605579685,35.16694217154401],[139.62257788546106,35.16557305445298],[139.61643744493222,35.16161089242877],[139.61388871589156,35.15571789226698],[139.61006413665064,35.15278255906787],[139.61608031065782,35.14733927928438],[139.61133296944104,35.14642713560386],[139.60762097272982,35.142732694558276],[139.61497338461402,35.139099387626686],[139.6230459394186,35.13902541389177],[139.6274986375521,35.13723564071228],[139.6301347204411,35.139892801911344],[139.63993050578824,35.141068171758775],[139.64606055734896,35.13774044096863],[139.65280619934674,35.13952466712976],[139.65699542130176,35.13906113496347],[139.6642845523902,35.140233946239675],[139.6633486639098,35.143091225479736],[139.66539069962118,35.14648364000806],[139.6690991700907,35.141972252117796],[139.67702007761454,35.139374468656854],[139.68099138754258,35.151041225172435],[139.67937033707142,35.15673227897156],[139.67694530438234,35.15789744151374],[139.66839208802446,35.15761125205768],[139.66336542187673,35.15940386529621],[139.66043411134524,35.16432244102788],[139.65999055761824,35.171205505729574],[139.65579647123025,35.17343363995059],[139.6549869123162,35.18079094594543],[139.6594536704506,35.18867072117689],[139.66478269766344,35.19306018887664],[139.6600861087869,35.19832033341669],[139.6582230606458,35.202441973118596],[139.65516111459385,35.204450306736305],[139.6552183654353,35.209746387285975],[139.64724975337344,35.20631558609546],[139.64075224332146,35.206532532250606],[139.63286416285086,35.20521446787342],[139.6292302452797,35.199195333298064],[139.62642163375142,35.19941033332026],[139.6205355250945,35.1966281348806],[139.61571665360077,35.18993414454519]]]]},"properties":{"N03_001":"神奈川県","N03_002":null,"N03_003":null,"N03_004":"三浦市","N03_007":"14210"}},{"type":"Feature","geometry":{"type":"Polygon","coordinates":[[[139.29038510928547,35.381397000471225],[139.28371260645167,35.38304808110411],[139.28046014262156,35.38603805441272],[139.2666573667442,35.38439055937687],[139.26520571976823,35.38568025194212],[139.25562044053095,35.381783892412784],[139.2526843572973,35.384999973270226],[139.25081272332864,35.391066333044876],[139.2582899476231,35.397627414373744],[139.2546305576542,35.40222491954444],[139.25475693848205,35.40517991911804],[139.24920949382317,35.40853910819334],[139.24741705595238,35.41270161308904],[139.2441251352668,35.41358941392036],[139.23874158125898,35.417826694746225],[139.2388854988667,35.42223446814626],[139.23499833940195,35.42507200007282],[139.23149702956437,35.432239252339684],[139.23275758769262,35.43455922532803],[139.23011399456527,35.43783119815134],[139.23121983063072,35.44098227960859],[139.23151846940186,35.44597172101817],[139.22830099909186,35.45222644109742],[139.22873627725744,35.457048081603716],[139.2218029692317,35.458610306520484],[139.21610328104168,35.461230865312245],[139.20749522672338,35.45921866730771],[139.20366050582777,35.45991141418045],[139.20221189406368,35.45486727960133],[139.19697966268131,35.449685919269825],[139.1938543575926,35.45103702743694],[139.1789779503722,35.447430585952816],[139.17667374789517,35.45148722535521],[139.17338094677336,35.45277664002998],[139.16338841764139,35.454025468300756],[139.16087953306408,35.449775468363214],[139.1575211929487,35.44910158656904],[139.15475172441256,35.44516019798482],[139.14139752227788,35.444152081353536],[139.14144836544972,35.43514017118201],[139.14554866334015,35.429567693894],[139.1484664192899,35.42019855951594],[139.14786197055355,35.41396719842754],[139.14549944164594,35.41076661288895],[139.14625333252536,35.40723525220517],[139.15005360578937,35.404073027248444],[139.14915219192017,35.40105608147303],[139.1508835793138,35.395905000415496],[139.15027800282758,35.39191777518522],[139.14453325590512,35.38805164007118],[139.14412516154698,35.38166025271852],[139.14912875468838,35.3728119463143],[139.1574248117057,35.36529919789973],[139.16032557676397,35.35647894674605],[139.17090697747506,35.358612559522044],[139.1739572233472,35.35120700040278],[139.18045744485528,35.34599922518413],[139.18214469442216,35.3489903334372],[139.18829968867976,35.35177146797889],[139.18935496755773,35.353453414243745],[139.19615053182167,35.35554146826422],[139.20015914382952,35.35912813545514],[139.20545719749168,35.36127286565028],[139.2127899474981,35.358239252739395],[139.21192852108447,35.35636480209399],[139.2175782222572,35.35171119811338],[139.2223584696677,35.35366480258864],[139.23362510971106,35.351287333243874],[139.24075175039297,35.35288094629868],[139.2443259134102,35.35533594619699],[139.25119116703877,35.35408705407434],[139.26304530449727,35.357017613671985],[139.26709335897135,35.356222892672406],[139.2739461605869,35.367979531929905],[139.2751453570727,35.37280227950163],[139.28320202265525,35.374082838552226],[139.2916308942505,35.37333508104922],[139.29038510928547,35.381397000471225]]]},"properties":{"N03_001":"神奈川県","N03_002":null,"N03_003":null,"N03_004":"秦野市","N03_007":"14211"}},{"type":"Feature","geometry":{"type":"Polygon","coordinates":[[[139.35450513530384,35.52746702758134],[139.3510287546734,35.52369174827561],[139.35449510966168,35.51914980232158],[139.34733844331458,35.51693397352409],[139.35025836573107,35.509131775611024],[139.34667141345506,35.50654622562786],[139.34768549888668,35.49891680186897],[139.3438796624165,35.49824653265142],[139.33453224396794,35.50450119787206],[139.32711924745536,35.50617008148413],[139.3226023089495,35.50598758655792],[139.31619538311054,35.51050925190049],[139.31556070006627,35.51376341455],[139.31151905236243,35.51721369415674],[139.31106627788643,35.520629252737876],[139.30741408609128,35.522699802354055],[139.30228936326353,35.520824532426275],[139.29541352731246,35.52049038752142],[139.28960985680953,35.51511066732348],[139.28418319110142,35.51238069431366],[139.2781787550456,35.51298625191407],[139.27598150444294,35.507354054246264],[139.27884172446602,35.500422945962214],[139.2832797537577,35.49735072155863],[139.2817994417909,35.49476766719414],[139.28720522703964,35.48935544100084],[139.2906090530654,35.48181797292119],[139.29549208758988,35.480880198562375],[139.29872955882217,35.4779226943769],[139.2984728653305,35.471789919669106],[139.29631394293415,35.46968908088644],[139.2962194673546,35.46484800063479],[139.2854441889982,35.46107327890877],[139.28105700377773,35.46243522570518],[139.2729528656822,35.46120050509927],[139.2657286899272,35.4614160546073],[139.24909430595756,35.46009830589213],[139.24567544686442,35.46287441412295],[139.23694128331363,35.459128054316295],[139.23059683427653,35.45239891937467],[139.22830099909186,35.45222644109742],[139.23151846940186,35.44597172101817],[139.23121983063072,35.44098227960859],[139.24061953296518,35.441965027264246],[139.2429367432362,35.44697891944162],[139.25134949358437,35.4467375054316],[139.25507505746805,35.44791302726446],[139.26417555086107,35.44516358663026],[139.27710883250666,35.44288080240716],[139.27928907872808,35.44114413509379],[139.28836155554143,35.440135531929286],[139.2996095589341,35.435231919117825],[139.30197705569663,35.43310636067008],[139.3030623089785,35.428324999898905],[139.30985005183845,35.42402222504569],[139.31642002566377,35.42133919844531],[139.3217811406871,35.42435725218547],[139.32277477283753,35.428523640353774],[139.32646700334953,35.42798808148484],[139.32977418822827,35.424245892733836],[139.33341169859114,35.42312061332569],[139.34680136189343,35.415909802395504],[139.34847914339787,35.412042333586896],[139.3477957719574,35.40615150528777],[139.35222936399407,35.400155414041194],[139.35499180252975,35.39331738738758],[139.3549663040518,35.403806802741826],[139.35901405995094,35.39480489213213],[139.3734690268742,35.394500468022216],[139.3718063036181,35.40067738775127],[139.3692335536856,35.40690544113323],[139.37026444834567,35.41633069410631],[139.37412533051963,35.42877119853205],[139.37336202283916,35.43368091953886],[139.3752353826069,35.43720117089737],[139.37315177663322,35.439056441701496],[139.370682671768,35.44532919858369],[139.37120683442788,35.44975113540664],[139.37846910456562,35.458275559069875],[139.3797291698654,35.46294361335714],[139.3795522435413,35.470208306268376],[139.37458233450718,35.483757440953184],[139.3739676649758,35.49182380212682],[139.37630136161863,35.50304322506486],[139.37657114024603,35.51279486539079],[139.37530367082786,35.5172806675688],[139.3638878593373,35.52087594666767],[139.35512408560817,35.52690438742758],[139.35450513530384,35.52746702758134]]]},"properties":{"N03_001":"神奈川県","N03_002":null,"N03_003":null,"N03_004":"厚木市","N03_007":"14212"}},{"type":"Feature","geometry":{"type":"Polygon","coordinates":[[[139.4677225287718,35.50237330658291],[139.4682678335937,35.50620553275917],[139.46484814442636,35.51090161351868],[139.46328486370555,35.51783827961299],[139.45576625171122,35.52046769402892],[139.44718372195132,35.51682713496439],[139.4427789747699,35.512337694129315],[139.42923946732765,35.507372973284134],[139.43364552482115,35.49603497293572],[139.43883542151752,35.47992083867581],[139.4349003884422,35.47730194632783],[139.43648949409499,35.46732808172567],[139.45105588791898,35.4677022797365],[139.4521544745494,35.45938563993536],[139.4542163933719,35.45683258605504],[139.45455330639004,35.452313135742656],[139.44964518797508,35.44571150488207],[139.44934150490656,35.4319431982201],[139.4478042532637,35.427971279451015],[139.46108311289538,35.42274713567184],[139.46564282675513,35.424394225113474],[139.4727756161019,35.424147135481974],[139.47396622586075,35.43080850560813],[139.47315374774735,35.435772108595984],[139.48066522631916,35.448617613711974],[139.47419917005573,35.45692927936278],[139.4721583915965,35.46226453258214],[139.47451038854365,35.469769775254974],[139.4718745529683,35.47210727962732],[139.47008763873362,35.47805058606576],[139.4694996367989,35.48532308149504],[139.4705755245409,35.4926272249665],[139.4662294419353,35.49531638764125],[139.4649952789091,35.49812583823689],[139.4677225287718,35.50237330658291]]]},"properties":{"N03_001":"神奈川県","N03_002":null,"N03_003":null,"N03_004":"大和市","N03_007":"14213"}},{"type":"Feature","geometry":{"type":"Polygon","coordinates":[[[139.35499180252975,35.39331738738758],[139.35222936399407,35.400155414041194],[139.3477957719574,35.40615150528777],[139.34847914339787,35.412042333586896],[139.34680136189343,35.415909802395504],[139.33341169859114,35.42312061332569],[139.32977418822827,35.424245892733836],[139.32646700334953,35.42798808148484],[139.32277477283753,35.428523640353774],[139.3217811406871,35.42435725218547],[139.31642002566377,35.42133919844531],[139.30985005183845,35.42402222504569],[139.3030623089785,35.428324999898905],[139.30197705569663,35.43310636067008],[139.2996095589341,35.435231919117825],[139.28836155554143,35.440135531929286],[139.27928907872808,35.44114413509379],[139.27710883250666,35.44288080240716],[139.26417555086107,35.44516358663026],[139.25507505746805,35.44791302726446],[139.25134949358437,35.4467375054316],[139.2429367432362,35.44697891944162],[139.24061953296518,35.441965027264246],[139.23121983063072,35.44098227960859],[139.23011399456527,35.43783119815134],[139.23275758769262,35.43455922532803],[139.23149702956437,35.432239252339684],[139.23499833940195,35.42507200007282],[139.2388854988667,35.42223446814626],[139.23874158125898,35.417826694746225],[139.2441251352668,35.41358941392036],[139.24741705595238,35.41270161308904],[139.24920949382317,35.40853910819334],[139.25475693848205,35.40517991911804],[139.2546305576542,35.40222491954444],[139.2582899476231,35.397627414373744],[139.25081272332864,35.391066333044876],[139.2526843572973,35.384999973270226],[139.25562044053095,35.381783892412784],[139.26520571976823,35.38568025194212],[139.2666573667442,35.38439055937687],[139.28046014262156,35.38603805441272],[139.28371260645167,35.38304808110411],[139.29038510928547,35.381397000471225],[139.30061678253855,35.38111061316431],[139.30409260648867,35.38309894675905],[139.30819372186284,35.381731468232715],[139.31339063596909,35.37796091936099],[139.31559644541971,35.372344559653754],[139.32159557637476,35.36941486520391],[139.318919247925,35.37754010858919],[139.322314526794,35.38060483804287],[139.33166535637122,35.38069625233021],[139.33477066053763,35.384611252107675],[139.34694369579495,35.378970441632646],[139.35299092069454,35.381389081041334],[139.35552066055016,35.38396658658877],[139.35744763879757,35.390661306274296],[139.35499180252975,35.39331738738758]]]},"properties":{"N03_001":"神奈川県","N03_002":null,"N03_003":null,"N03_004":"伊勢原市","N03_007":"14214"}},{"type":"Feature","geometry":{"type":"Polygon","coordinates":[[[139.4069482748431,35.40767908112474],[139.40643968844097,35.410947108622224],[139.40924641948675,35.42244346789181],[139.41026619942568,35.4295851083661],[139.40695403410143,35.439665360068375],[139.4069529432238,35.44301174819367],[139.40291241157854,35.44853144157281],[139.40701574558022,35.44917950562973],[139.40648522651202,35.45273255975985],[139.40874664104467,35.456287837913465],[139.41594442259714,35.4575845056205],[139.4144408298805,35.46070419804033],[139.42117033624208,35.467924468039826],[139.4222050314371,35.46589836022122],[139.43648949409499,35.46732808172567],[139.4349003884422,35.47730194632783],[139.42059588798986,35.468662252061335],[139.41410922196303,35.471384721128004],[139.40871477266865,35.47147110820515],[139.40320702948088,35.47372944166045],[139.3974233850812,35.473623586059716],[139.39581616078726,35.47165917173345],[139.3875622433029,35.47035802720126],[139.3795522435413,35.470208306268376],[139.3797291698654,35.46294361335714],[139.37846910456562,35.458275559069875],[139.37120683442788,35.44975113540664],[139.370682671768,35.44532919858369],[139.37315177663322,35.439056441701496],[139.3752353826069,35.43720117089737],[139.37336202283916,35.43368091953886],[139.37412533051963,35.42877119853205],[139.37026444834567,35.41633069410631],[139.3692335536856,35.40690544113323],[139.3718063036181,35.40067738775127],[139.38422824873476,35.4011076944646],[139.3886057194784,35.39991241452634],[139.39549269802967,35.40128464057375],[139.40126464224954,35.4006824140622],[139.4069482748431,35.40767908112474]]]},"properties":{"N03_001":"神奈川県","N03_002":null,"N03_003":null,"N03_004":"海老名市","N03_007":"14215"}},{"type":"Feature","geometry":{"type":"Polygon","coordinates":[[[139.3739676649758,35.49182380212682],[139.37458233450718,35.483757440953184],[139.3795522435413,35.470208306268376],[139.3875622433029,35.47035802720126],[139.39581616078726,35.47165917173345],[139.3974233850812,35.473623586059716],[139.40320702948088,35.47372944166045],[139.40871477266865,35.47147110820515],[139.41410922196303,35.471384721128004],[139.42059588798986,35.468662252061335],[139.4349003884422,35.47730194632783],[139.43883542151752,35.47992083867581],[139.43364552482115,35.49603497293572],[139.42923946732765,35.507372973284134],[139.42767255424508,35.511413531909],[139.4205014789602,35.5154249192247],[139.41094472082227,35.506656585932774],[139.40977302200747,35.50236519829531],[139.4068471973403,35.49931046840345],[139.39962661437687,35.49665102742301],[139.39523438395975,35.497498802128064],[139.38765600482088,35.49095658587777],[139.3739676649758,35.49182380212682]]]},"properties":{"N03_001":"神奈川県","N03_002":null,"N03_003":null,"N03_004":"座間市","N03_007":"14216"}},{"type":"Feature","geometry":{"type":"Polygon","coordinates":[[[139.13065549905207,35.317675252710785],[139.1259110509543,35.31810522487626],[139.12061469431274,35.321546612885925],[139.12080664111363,35.32444853267367],[139.11695219179023,35.331011586215766],[139.11457230866517,35.33867380195443],[139.1100499220663,35.33966925253401],[139.1065903623554,35.34474705413328],[139.11248197036673,35.35220153187527],[139.10210224352375,35.35096980241451],[139.09725199648256,35.34654905449531],[139.09345861202542,35.34677617108349],[139.09145250243114,35.350386135212034],[139.08582778172683,35.34855502739265],[139.08100136132384,35.350131108164135],[139.0711818932299,35.347197198591914],[139.0634721393278,35.34840550520994],[139.0593168344044,35.3514771351617],[139.05027233460066,35.349246279592194],[139.04931508362426,35.344982108137856],[139.0435792220036,35.34257072086211],[139.03653277566718,35.3418934684089],[139.02992247624138,35.336364333047584],[139.03155552456792,35.332305721431965],[139.02275741832023,35.331645440984346],[139.0185284948942,35.32984572130306],[139.01679596536155,35.323176865220205],[139.00963286526462,35.31364853195424],[139.0106959133858,35.31059827888754],[139.00604141368035,35.29799105454356],[139.0066578081114,35.2955710814403],[139.00461224346031,35.28989802757195],[139.0099403362775,35.285144694172345],[139.01071172436662,35.28246972100089],[139.01604011665813,35.281549693863326],[139.0174853829442,35.27916972170533],[139.02607683487804,35.27744469431724],[139.03064269740264,35.27407969472216],[139.03651219198412,35.27817886486275],[139.04940252830409,35.28168830637031],[139.05603422799732,35.27422441452518],[139.0600503628341,35.271822748021464],[139.06617066034778,35.27274194598408],[139.07165094633422,35.27208419802736],[139.09183321692944,35.277802333111254],[139.1078418544181,35.27976269419304],[139.1181182482586,35.28002636012849],[139.12022713327565,35.285224694264286],[139.13078686032543,35.288209748281304],[139.1324540855876,35.3008430538639],[139.1316602198433,35.30808833311016],[139.13371272366328,35.31025138699198],[139.13065549905207,35.317675252710785]]]},"properties":{"N03_001":"神奈川県","N03_002":null,"N03_003":null,"N03_004":"南足柄市","N03_007":"14217"}},{"type":"Feature","geometry":{"type":"Polygon","coordinates":[[[139.4478042532637,35.427971279451015],[139.44934150490656,35.4319431982201],[139.44964518797508,35.44571150488207],[139.45455330639004,35.452313135742656],[139.4542163933719,35.45683258605504],[139.4521544745494,35.45938563993536],[139.45105588791898,35.4677022797365],[139.43648949409499,35.46732808172567],[139.4222050314371,35.46589836022122],[139.42117033624208,35.467924468039826],[139.4144408298805,35.46070419804033],[139.41594442259714,35.4575845056205],[139.40874664104467,35.456287837913465],[139.40648522651202,35.45273255975985],[139.40701574558022,35.44917950562973],[139.40291241157854,35.44853144157281],[139.4069529432238,35.44301174819367],[139.40695403410143,35.439665360068375],[139.41026619942568,35.4295851083661],[139.40924641948675,35.42244346789181],[139.40643968844097,35.410947108622224],[139.4069482748431,35.40767908112474],[139.4134369382641,35.4159498923737],[139.41297863745422,35.419057108498805],[139.42409444859993,35.416265441097266],[139.4249366924745,35.4197215591027],[139.4300091952682,35.419579613708265],[139.44251999969833,35.41313797313899],[139.44271605640097,35.40737300046368],[139.44875299575426,35.407505775471236],[139.45652138725234,35.414736865214195],[139.45662280200077,35.4171618655277],[139.4436453564481,35.42760683818511],[139.4478042532637,35.427971279451015]]]},"properties":{"N03_001":"神奈川県","N03_002":null,"N03_003":null,"N03_004":"綾瀬市","N03_007":"14218"}},{"type":"Feature","geometry":{"type":"Polygon","coordinates":[[[139.5775993383388,35.253304477719496],[139.57805348877753,35.253370541017716],[139.58203739281146,35.25487122532684],[139.5968898825621,35.25604455910917],[139.60346213976595,35.25809510870238],[139.61324379946188,35.25773010805807],[139.6183324378918,35.2614992521888],[139.62156189346672,35.2574636946938],[139.6275527236793,35.25598646830093],[139.62965299588916,35.25849897354885],[139.63604581046582,35.2617006130929],[139.63779306100105,35.264763918919755],[139.63933975372674,35.273638333542294],[139.6314933586317,35.27499500041898],[139.62796946771687,35.278736946353035],[139.6231066670391,35.279269171435146],[139.6228711148102,35.27603889208126],[139.61371024543155,35.27776336009106],[139.60575108884177,35.27617033339425],[139.59951855953398,35.27781366726697],[139.5978346950152,35.281284748192604],[139.60443469450558,35.28191586542488],[139.61154055725103,35.286720532126935],[139.60963002580513,35.29015636052765],[139.60182138784683,35.29188746823212],[139.59228306041496,35.290328027616454],[139.58940555092545,35.29134189271423],[139.58377469504626,35.28647553251989],[139.57908055772168,35.28717941389891],[139.5747102455814,35.28254441419341],[139.56968612181709,35.28502206351749],[139.5686156677789,35.284158532690185],[139.57105603031164,35.27531333344365],[139.57236260674892,35.266144505064915],[139.57696447453088,35.26272538696708],[139.57984289143633,35.25584174849797],[139.57659077744245,35.253081783997175],[139.5775993383388,35.253304477719496]]]},"properties":{"N03_001":"神奈川県","N03_002":null,"N03_003":"三浦郡","N03_004":"葉山町","N03_007":"14301"}},{"type":"Feature","geometry":{"type":"Polygon","coordinates":[[[139.37043824862633,35.351164413906645],[139.37479491535316,35.35020805415843],[139.3948376903072,35.352069468231434],[139.39672710747004,35.35623872163973],[139.39396719782803,35.36316750517625],[139.400725278349,35.368306108140416],[139.40500700367033,35.377298586660515],[139.4017720226608,35.37991941434956],[139.3996425809404,35.3845160813521],[139.403140972478,35.39008299993054],[139.39548569410954,35.39077494640668],[139.3959082225865,35.39518353189453],[139.3939826715631,35.397642414166114],[139.39549269802967,35.40128464057375],[139.3886057194784,35.39991241452634],[139.38422824873476,35.4011076944646],[139.3718063036181,35.40067738775127],[139.3734690268742,35.394500468022216],[139.3746537217919,35.388531027285126],[139.37089610876842,35.36784605455182],[139.36864027183117,35.36323164032797],[139.37194691261993,35.36063774823356],[139.37211355339787,35.35535580232846],[139.37043824862633,35.351164413906645]]]},"properties":{"N03_001":"神奈川県","N03_002":null,"N03_003":"高座郡","N03_004":"寒川町","N03_007":"14321"}},{"type":"Feature","geometry":{"type":"Polygon","coordinates":[[[139.25085050564633,35.32880553214966],[139.25679654962119,35.31947533302025],[139.2581176384183,35.314996468212485],[139.26329094711957,35.31590289220475],[139.2664484173606,35.30922041409087],[139.26624730197148,35.30514708147268],[139.26927477251286,35.29728800953404],[139.31226316491325,35.30594672086454],[139.31754992129186,35.30722074813906],[139.32143661490795,35.30974564064883],[139.3300429434272,35.31211887418675],[139.32850394260288,35.31580855961738],[139.32919953223268,35.32102938759624],[139.33406953288272,35.32319383812518],[139.33095817088292,35.326096613168204],[139.32776622603058,35.324866586124074],[139.31867817026136,35.32510046831203],[139.31892481203056,35.3225829736254],[139.3123415048566,35.322106865339606],[139.30703202260986,35.31926050566784],[139.2955603884012,35.324791333553264],[139.29615263243807,35.33063355889169],[139.28436654937684,35.33013053209845],[139.2797248892923,35.33256636024936],[139.27230379978062,35.33399858636574],[139.26209435776843,35.33420969412214],[139.2596099212609,35.33106774797824],[139.25085050564633,35.32880553214966]]]},"properties":{"N03_001":"神奈川県","N03_002":null,"N03_003":"中郡","N03_004":"大磯町","N03_007":"14341"}},{"type":"Feature","geometry":{"type":"Polygon","coordinates":[[[139.2492713357036,35.32984994631801],[139.2454727234874,35.32891661371082],[139.23897800223313,35.32416630652989],[139.23658800263433,35.32094853224902],[139.23292994725932,35.31982072124936],[139.2380921394407,35.31473908134359],[139.23632574593648,35.311318802221024],[139.2383195842815,35.304455197949096],[139.2379945773879,35.30062936055657],[139.23543846940993,35.29813850558759],[139.23746152942613,35.29555964026525],[139.23678427967081,35.290407694059866],[139.2340808033864,35.28644291950519],[139.2497897795747,35.29280074865568],[139.26927477251286,35.29728800953404],[139.26624730197148,35.30514708147268],[139.2664484173606,35.30922041409087],[139.26329094711957,35.31590289220475],[139.2581176384183,35.314996468212485],[139.25679654962119,35.31947533302025],[139.25085050564633,35.32880553214966],[139.2492713357036,35.32984994631801]]]},"properties":{"N03_001":"神奈川県","N03_002":null,"N03_003":"中郡","N03_004":"二宮町","N03_007":"14342"}},{"type":"Feature","geometry":{"type":"Polygon","coordinates":[[[139.25119116703877,35.35408705407434],[139.2443259134102,35.35533594619699],[139.24075175039297,35.35288094629868],[139.23362510971106,35.351287333243874],[139.2223584696677,35.35366480258864],[139.2175782222572,35.35171119811338],[139.21192852108447,35.35636480209399],[139.2127899474981,35.358239252739395],[139.20545719749168,35.36127286565028],[139.20015914382952,35.35912813545514],[139.19615053182167,35.35554146826422],[139.18935496755773,35.353453414243745],[139.18829968867976,35.35177146797889],[139.18749411196382,35.34727172091323],[139.19666571924756,35.34222227943468],[139.18975988281238,35.33836394593942],[139.19208457724153,35.335862252341144],[139.19374289202096,35.32902000067253],[139.18725094697368,35.32310833328302],[139.19241005178253,35.317680532630504],[139.19721450084865,35.31681772126086],[139.20293360540165,35.31154522543187],[139.2122080537588,35.31453861346631],[139.21384555103145,35.31729558592258],[139.22367191962348,35.31591397365099],[139.226755810932,35.318114279250665],[139.23292994725932,35.31982072124936],[139.23658800263433,35.32094853224902],[139.23897800223313,35.32416630652989],[139.2454727234874,35.32891661371082],[139.2492713357036,35.32984994631801],[139.24422914366016,35.33537269469417],[139.24049666668793,35.33505238765764],[139.2387403365973,35.34643874814975],[139.25119116703877,35.35408705407434]]]},"properties":{"N03_001":"神奈川県","N03_002":null,"N03_003":"足柄上郡","N03_004":"中井町","N03_007":"14361"}},{"type":"Feature","geometry":{"type":"Polygon","coordinates":[[[139.18725094697368,35.32310833328302],[139.19374289202096,35.32902000067253],[139.19208457724153,35.335862252341144],[139.18975988281238,35.33836394593942],[139.19666571924756,35.34222227943468],[139.18749411196382,35.34727172091323],[139.18829968867976,35.35177146797889],[139.18214469442216,35.3489903334372],[139.18045744485528,35.34599922518413],[139.1739572233472,35.35120700040278],[139.17090697747506,35.358612559522044],[139.16032557676397,35.35647894674605],[139.1626769774606,35.354526171445684],[139.16234583629137,35.3497917211111],[139.15943664098825,35.34613005405879],[139.14961138755552,35.34449558660208],[139.1419230213304,35.33779583790766],[139.13559416294038,35.33672191968088],[139.13799691222778,35.33034166773382],[139.1430643833147,35.323490838331566],[139.1486415820434,35.313620586420996],[139.1553635017243,35.3133325326703],[139.16076488928832,35.31709919826943],[139.16549041475093,35.318006134875304],[139.1690820875683,35.321701414089034],[139.17029905285904,35.3267603335226],[139.17646513575744,35.32741891964747],[139.1813104149437,35.329485306301876],[139.18725094697368,35.32310833328302]]]},"properties":{"N03_001":"神奈川県","N03_002":null,"N03_003":"足柄上郡","N03_004":"大井町","N03_007":"14362"}},{"type":"Feature","geometry":{"type":"Polygon","coordinates":[[[139.14139752227788,35.444152081353536],[139.12974031026715,35.44607758651148],[139.1280694679317,35.442075360589456],[139.1232363934448,35.43784313575219],[139.11791027194158,35.435591171295584],[139.1157186115248,35.431145333190614],[139.10759416224084,35.42677419817073],[139.10088053161132,35.418349440974],[139.10182525233358,35.414691694066505],[139.10611827493847,35.40931086500444],[139.10027383906652,35.40637583847422],[139.10138158169468,35.401217225594564],[139.09938185458896,35.397453333504586],[139.09997627768314,35.39018250541835],[139.11686569409653,35.382398171638386],[139.12163347600415,35.38107764042081],[139.12458763830898,35.37442210869341],[139.12261868960093,35.362699054617735],[139.1154992219116,35.35722153224799],[139.11448697739218,35.35197125237147],[139.118938079229,35.35094822498064],[139.1290541886999,35.34680410852286],[139.1341727754533,35.340979973047354],[139.13559416294038,35.33672191968088],[139.1419230213304,35.33779583790766],[139.14961138755552,35.34449558660208],[139.15943664098825,35.34613005405879],[139.16234583629137,35.3497917211111],[139.1626769774606,35.354526171445684],[139.16032557676397,35.35647894674605],[139.1574248117057,35.36529919789973],[139.14912875468838,35.3728119463143],[139.14412516154698,35.38166025271852],[139.14453325590512,35.38805164007118],[139.15027800282758,35.39191777518522],[139.1508835793138,35.395905000415496],[139.14915219192017,35.40105608147303],[139.15005360578937,35.404073027248444],[139.14625333252536,35.40723525220517],[139.14549944164594,35.41076661288895],[139.14786197055355,35.41396719842754],[139.1484664192899,35.42019855951594],[139.14554866334015,35.429567693894],[139.14144836544972,35.43514017118201],[139.14139752227788,35.444152081353536]]]},"properties":{"N03_001":"神奈川県","N03_002":null,"N03_003":"足柄上郡","N03_004":"松田町","N03_007":"14363"}},{"type":"Feature","geometry":{"type":"Polygon","coordinates":[[[139.06603822258592,35.509408225409345],[139.06008124465382,35.50749936040722],[139.0533384436144,35.50882910787709],[139.05140233455018,35.510578027554004],[139.04601922210952,35.509663054606335],[139.04393338491786,35.49943972166585],[139.0369350316265,35.49094864036749],[139.0306202719081,35.488701999897444],[139.02787444834723,35.48452783798939],[139.02754944145363,35.480967802422185],[139.02095027203745,35.478793081635445],[139.01485830047022,35.47991089217396],[139.00814136123495,35.47455891965848],[138.99779661442233,35.47497364022138],[138.98882158185063,35.47364058594434],[138.98503518782377,35.46854669457434],[138.97876933863415,35.46374169422387],[138.97346347525922,35.46654502763096],[138.96923014245715,35.4635152791069],[138.95925230824753,35.4622291712393],[138.95448255502595,35.45983666702864],[138.93210961057014,35.44284889266231],[138.92740374788468,35.437644721027084],[138.92672758810772,35.43048722550509],[138.93064452682347,35.42632917135421],[138.93016978011133,35.42087055902914],[138.92672586230879,35.42002555963194],[138.925663605591,35.41531083862435],[138.9180663038169,35.411339171665475],[138.9157679118597,35.40431527942667],[138.91640291776048,35.40061361322773],[138.93132050583677,35.40110802721375],[138.93773413702093,35.39914858613838],[138.94573391688687,35.39971941461937],[138.94803669303906,35.40127025232033],[138.966408780341,35.40190133357976],[138.96945992193787,35.40490272108377],[138.98006191982176,35.4046460545718],[138.98407082950519,35.40177189235902],[138.99359535684027,35.40346966759114],[138.99817732802137,35.40257074844135],[139.00179705608934,35.39893519860061],[139.00095783393692,35.391909919607144],[138.99861749670015,35.38404046859279],[138.99929693900265,35.38209353259049],[139.00591586292683,35.37538461350914],[139.00526583654914,35.37403655943973],[139.0068391042413,35.36138572157387],[139.01229219203105,35.358091000399384],[139.00811488969043,35.35030350550244],[139.0109171079382,35.343884333595156],[139.0108209731095,35.33816294656276],[139.0185284948942,35.32984572130306],[139.02275741832023,35.331645440984346],[139.03155552456792,35.332305721431965],[139.02992247624138,35.336364333047584],[139.03653277566718,35.3418934684089],[139.0435792220036,35.34257072086211],[139.04931508362426,35.344982108137856],[139.05027233460066,35.349246279592194],[139.0593168344044,35.3514771351617],[139.0634721393278,35.34840550520994],[139.0711818932299,35.347197198591914],[139.08100136132384,35.350131108164135],[139.08582778172683,35.34855502739265],[139.09145250243114,35.350386135212034],[139.09345861202542,35.34677617108349],[139.09725199648256,35.34654905449531],[139.10210224352375,35.35096980241451],[139.11248197036673,35.35220153187527],[139.11448697739218,35.35197125237147],[139.1154992219116,35.35722153224799],[139.12261868960093,35.362699054617735],[139.12458763830898,35.37442210869341],[139.12163347600415,35.38107764042081],[139.11686569409653,35.382398171638386],[139.09997627768314,35.39018250541835],[139.09938185458896,35.397453333504586],[139.10138158169468,35.401217225594564],[139.10027383906652,35.40637583847422],[139.10611827493847,35.40931086500444],[139.10182525233358,35.414691694066505],[139.10088053161132,35.418349440974],[139.10759416224084,35.42677419817073],[139.1157186115248,35.431145333190614],[139.11791027194158,35.435591171295584],[139.1232363934448,35.43784313575219],[139.1280694679317,35.442075360589456],[139.12974031026715,35.44607758651148],[139.14139752227788,35.444152081353536],[139.15475172441256,35.44516019798482],[139.1575211929487,35.44910158656904],[139.16087953306408,35.449775468363214],[139.16338841764139,35.454025468300756],[139.16530063531616,35.45679046810568],[139.1662414790611,35.46534930612563],[139.16283391635227,35.474549224966836],[139.15751783398093,35.47847977492171],[139.15105308623106,35.476763640030015],[139.1483905839583,35.4777355859286],[139.14667005138188,35.4832144680733],[139.14013089462514,35.48621222501424],[139.13017671888053,35.48474889224764],[139.1265830864404,35.47812583863657],[139.11707641964108,35.477886919345906],[139.11454444856747,35.47695774790179],[139.10837055775505,35.478961360078756],[139.10237693874478,35.47896355892118],[139.09666386504534,35.486561054049446],[139.0910496888921,35.48811577502306],[139.08664077784965,35.49303074807062],[139.07434325573672,35.496146865685375],[139.07337658885854,35.49980213496059],[139.0675851617259,35.50414710870217],[139.06603822258592,35.509408225409345]]]},"properties":{"N03_001":"神奈川県","N03_002":null,"N03_003":"足柄上郡","N03_004":"山北町","N03_007":"14364"}},{"type":"Feature","geometry":{"type":"Polygon","coordinates":[[[139.1430643833147,35.323490838331566],[139.13799691222778,35.33034166773382],[139.13559416294038,35.33672191968088],[139.1341727754533,35.340979973047354],[139.1290541886999,35.34680410852286],[139.118938079229,35.35094822498064],[139.11448697739218,35.35197125237147],[139.11248197036673,35.35220153187527],[139.1065903623554,35.34474705413328],[139.1100499220663,35.33966925253401],[139.11457230866517,35.33867380195443],[139.11695219179023,35.331011586215766],[139.12080664111363,35.32444853267367],[139.12061469431274,35.321546612885925],[139.1259110509543,35.31810522487626],[139.13065549905207,35.317675252710785],[139.13554466875155,35.31887444110265],[139.13621661430534,35.32256083861188],[139.1430643833147,35.323490838331566]]]},"properties":{"N03_001":"神奈川県","N03_002":null,"N03_003":"足柄上郡","N03_004":"開成町","N03_007":"14366"}},{"type":"Feature","geometry":{"type":"Polygon","coordinates":[[[139.0600503628341,35.271822748021464],[139.05603422799732,35.27422441452518],[139.04940252830409,35.28168830637031],[139.03651219198412,35.27817886486275],[139.03064269740264,35.27407969472216],[139.02607683487804,35.27744469431724],[139.0174853829442,35.27916972170533],[139.01604011665813,35.281549693863326],[139.01071172436662,35.28246972100089],[139.0099403362775,35.285144694172345],[139.00461224346031,35.28989802757195],[138.9972083004228,35.28870164056832],[138.9859520880185,35.278279441443146],[138.98224119297674,35.27332391886381],[138.98152785972297,35.269619748053],[138.97547111460028,35.26375280215018],[138.97437413685702,35.25616391892976],[138.97557997393676,35.251914505350214],[138.9744558105873,35.247828387070456],[138.97601136163507,35.241878386978044],[138.97873968888564,35.239393387494886],[138.97604994794676,35.235693108050555],[138.97951442245267,35.23321727895433],[138.9806110503597,35.22821508156079],[138.9836455248212,35.22167564061834],[138.98228160761016,35.217584802696535],[138.98780775542366,35.212662586509225],[138.98643435755957,35.20555897296828],[138.9877446428011,35.20082425193772],[138.9930543840527,35.19881286512168],[139.00113691233867,35.190709504939775],[139.00302355329438,35.18775561333092],[139.0106758108401,35.18264033338471],[139.02162783385756,35.18191144096028],[139.02166335887694,35.17951533316614],[139.0265353047606,35.175426441377226],[139.03540953232414,35.176074197866],[139.0408545774768,35.17778725257972],[139.0461735277861,35.18128780249015],[139.04938910502324,35.185297532355264],[139.05686639406895,35.18971808152429],[139.06411977980406,35.19284558635479],[139.07036094710008,35.19674502696148],[139.07477403369478,35.201255305987615],[139.07672430528248,35.20018002708662],[139.08168461675177,35.202868919065395],[139.08372213966504,35.20708061327974],[139.0850224379352,35.214698387220835],[139.09223527863526,35.2206534145235],[139.10070863789338,35.22507983806412],[139.11045503157447,35.2261012520712],[139.11563197083888,35.22781683837644],[139.11413810608883,35.2321718386595],[139.12034450109786,35.236683559298854],[139.11784897505026,35.240057999976784],[139.10915258032742,35.23874405449459],[139.10352092045423,35.240382639946915],[139.0998539689856,35.23977261361529],[139.09759535674038,35.24231344121239],[139.09189702922458,35.24345564046547],[139.09122980511142,35.240034532167954],[139.0867693386341,35.235065360578005],[139.08354505775833,35.23391838772346],[139.07251452662422,35.242066946032764],[139.06706282648827,35.241279414213636],[139.05891369531082,35.24771661303134],[139.06490481150786,35.25086330669632],[139.06894316499518,35.25512638727298],[139.0649006359556,35.2564638653152],[139.06315369568654,35.26507802692947],[139.0600503628341,35.271822748021464]]]},"properties":{"N03_001":"神奈川県","N03_002":null,"N03_003":"足柄下郡","N03_004":"箱根町","N03_007":"14382"}},{"type":"Feature","geometry":{"type":"Polygon","coordinates":[[[139.10302258092747,35.18709755960475],[139.10450953258896,35.18430199993742],[139.11572477278014,35.177747559202544],[139.12044444905212,35.17147144155382],[139.12914719748528,35.165593108435246],[139.1267105059851,35.159312000448494],[139.133212969503,35.154169775015134],[139.1373576390439,35.148573387451904],[139.14256344924388,35.14501755891325],[139.1476506604497,35.14453230632091],[139.15071977949424,35.14064813530325],[139.1553822822666,35.141850694354105],[139.16181250234513,35.141605333219616],[139.1575731386895,35.147332278961585],[139.1492357713139,35.14762169428582],[139.1436097277068,35.151876054136665],[139.1442313355078,35.15974630644695],[139.1404921918612,35.16325802773582],[139.14521041482885,35.16734017101214],[139.14339344974792,35.17283466718618],[139.13719762537016,35.17881601854447],[139.13124752275507,35.178003441505666],[139.1256031122939,35.18198953269081],[139.11066674367532,35.186420360211514],[139.10302258092747,35.18709755960475]]]},"properties":{"N03_001":"神奈川県","N03_002":null,"N03_003":"足柄下郡","N03_004":"真鶴町","N03_007":"14383"}},{"type":"Feature","geometry":{"type":"Polygon","coordinates":[[[139.07672430528248,35.20018002708662],[139.07477403369478,35.201255305987615],[139.07036094710008,35.19674502696148],[139.06411977980406,35.19284558635479],[139.05686639406895,35.18971808152429],[139.04938910502324,35.185297532355264],[139.0461735277861,35.18128780249015],[139.0408545774768,35.17778725257972],[139.03540953232414,35.176074197866],[139.0265353047606,35.175426441377226],[139.02912418853055,35.17029864017019],[139.02944775560945,35.1647772524683],[139.0263732811021,35.160554748402944],[139.03052577204676,35.15874919841684],[139.02841130943443,35.15487419868538],[139.03042795098918,35.14975280244994],[139.03961577125085,35.150668054187406],[139.04860055786946,35.149626667137056],[139.05141442233776,35.14716361291045],[139.06033836532333,35.146124171093675],[139.06613197061404,35.14412583793711],[139.07282533052467,35.14518444160876],[139.0835864454582,35.14111194625934],[139.0900989750877,35.14018527942716],[139.10124372192024,35.14036944169641],[139.10851150490214,35.141872225023235],[139.1121253828802,35.14137946848774],[139.12005272325462,35.14917033314441],[139.13182744428116,35.15083986516771],[139.1373576390439,35.148573387451904],[139.133212969503,35.154169775015134],[139.1267105059851,35.159312000448494],[139.12914719748528,35.165593108435246],[139.12044444905212,35.17147144155382],[139.11572477278014,35.177747559202544],[139.10450953258896,35.18430199993742],[139.10302258092747,35.18709755960475],[139.09367204902594,35.189640613023926],[139.09114177677168,35.193323108374784],[139.08698955832153,35.19350950545936],[139.07831955870074,35.196126135113104],[139.07672430528248,35.20018002708662]]]},"properties":{"N03_001":"神奈川県","N03_002":null,"N03_003":"足柄下郡","N03_004":"湯河原町","N03_007":"14384"}},{"type":"Feature","geometry":{"type":"Polygon","coordinates":[[[139.24813063562044,35.54251930622104],[139.245508053354,35.53410180205657],[139.24765136172107,35.52857127904133],[139.25090299547696,35.52446210843959],[139.26152491604216,35.51829155950793],[139.26412024525314,35.51102202734472],[139.27053105076743,35.50706058657687],[139.27598150444294,35.507354054246264],[139.2781787550456,35.51298625191407],[139.28418319110142,35.51238069431366],[139.28960985680953,35.51511066732348],[139.29541352731246,35.52049038752142],[139.30228936326353,35.520824532426275],[139.30741408609128,35.522699802354055],[139.31106627788643,35.520629252737876],[139.31151905236243,35.51721369415674],[139.31556070006627,35.51376341455],[139.31619538311054,35.51050925190049],[139.3226023089495,35.50598758655792],[139.32711924745536,35.50617008148413],[139.33453224396794,35.50450119787206],[139.3438796624165,35.49824653265142],[139.34768549888668,35.49891680186897],[139.34667141345506,35.50654622562786],[139.35025836573107,35.509131775611024],[139.34733844331458,35.51693397352409],[139.35449510966168,35.51914980232158],[139.3510287546734,35.52369174827561],[139.35450513530384,35.52746702758134],[139.3435449158652,35.533112559497056],[139.32536880702492,35.54397644175941],[139.3172480539546,35.53818589236511],[139.31282836543676,35.54191422526134],[139.30736530506488,35.54466369467383],[139.3035547723349,35.54830730603737],[139.30316175061432,35.551509531939416],[139.29778730134296,35.553552305994174],[139.29443678263146,35.55651230669764],[139.2865731907002,35.55622983863617],[139.2767398046983,35.545850667574314],[139.26722011661514,35.5499895859507],[139.26230319024012,35.55014902765555],[139.24983622596108,35.546929865720756],[139.24813063562044,35.54251930622104]]]},"properties":{"N03_001":"神奈川県","N03_002":null,"N03_003":"愛甲郡","N03_004":"愛川町","N03_007":"14401"}},{"type":"Feature","geometry":{"type":"Polygon","coordinates":[[[139.16283391635227,35.474549224966836],[139.1662414790611,35.46534930612563],[139.16530063531616,35.45679046810568],[139.16338841764139,35.454025468300756],[139.17338094677336,35.45277664002998],[139.17667374789517,35.45148722535521],[139.1789779503722,35.447430585952816],[139.1938543575926,35.45103702743694],[139.19697966268131,35.449685919269825],[139.20221189406368,35.45486727960133],[139.20366050582777,35.45991141418045],[139.20749522672338,35.45921866730771],[139.21610328104168,35.461230865312245],[139.2218029692317,35.458610306520484],[139.22873627725744,35.457048081603716],[139.22830099909186,35.45222644109742],[139.23059683427653,35.45239891937467],[139.23694128331363,35.459128054316295],[139.24567544686442,35.46287441412295],[139.24909430595756,35.46009830589213],[139.2657286899272,35.4614160546073],[139.2729528656822,35.46120050509927],[139.28105700377773,35.46243522570518],[139.2854441889982,35.46107327890877],[139.2962194673546,35.46484800063479],[139.29631394293415,35.46968908088644],[139.2984728653305,35.471789919669106],[139.29872955882217,35.4779226943769],[139.29549208758988,35.480880198562375],[139.2906090530654,35.48181797292119],[139.28720522703964,35.48935544100084],[139.2817994417909,35.49476766719414],[139.2832797537577,35.49735072155863],[139.27884172446602,35.500422945962214],[139.27598150444294,35.507354054246264],[139.27053105076743,35.50706058657687],[139.26412024525314,35.51102202734472],[139.26152491604216,35.51829155950793],[139.25090299547696,35.52446210843959],[139.24765136172107,35.52857127904133],[139.245508053354,35.53410180205657],[139.24813063562044,35.54251930622104],[139.24092224386652,35.5384481985256],[139.23832778160192,35.53416764052423],[139.23179080390253,35.531999586411814],[139.2297258363783,35.53643819846411],[139.22011275010345,35.534597081190384],[139.21756994759505,35.53267153196566],[139.2227696630896,35.52863013517265],[139.21736435807873,35.52496264051348],[139.2154354462889,35.52116708149566],[139.21084208789216,35.52062319850188],[139.2093723348654,35.515486802474015],[139.20447814425097,35.51395846850858],[139.19953977983698,35.506933198508364],[139.1921947468901,35.50628233306327],[139.18129827499547,35.49720872130547],[139.17559710742069,35.48996897288981],[139.1667025803598,35.483086171689536],[139.16570338500333,35.47873841454623],[139.16283391635227,35.474549224966836]]]},"properties":{"N03_001":"神奈川県","N03_002":null,"N03_003":"愛甲郡","N03_004":"清川村","N03_007":"14402"}}]}