{"type":"FeatureCollection","features":[{"type":"Feature","geometry":{"type":"Polygon","coordinates":[[[139.3278803374077,36.239876387085644],[139.3279732814418,36.23735763964339],[139.31514871614036,36.23661402711571],[139.309256719622,36.23743513512346],[139.30144250316903,36.239786748060055],[139.29497880762597,36.24358661303182],[139.28631966372154,36.24513308092702],[139.27264939035717,36.24924141425993],[139.2668151888354,36.25042058577022],[139.26701072656385,36.24262197322554],[139.2616929444739,36.242703360072085],[139.2538940344822,36.245843639772204],[139.24374871682983,36.24451113498094],[139.23747399582828,36.24620474815066],[139.2334867831886,36.24891058605476],[139.23101204946659,36.25262502712337],[139.22400403475842,36.25830169356834],[139.21214535752233,36.25633644107393],[139.21197316522944,36.26017338689235],[139.2082534505364,36.26246450513287],[139.19800175117996,36.26224755897772],[139.18055116770233,36.26910033271423],[139.17136756256298,36.27372172118055],[139.16947005240104,36.27475283797315],[139.1639033856328,36.278911721298925],[139.15902338542094,36.27782366752831],[139.15087697828994,36.27854950495572],[139.13611749732468,36.27842061322076],[139.1296638881651,36.283397558703875],[139.12943167373282,36.28333283794018],[139.12699635549745,36.278535054649126],[139.1177804673947,36.26875644095702],[139.11333046722734,36.2667833877432],[139.107711556006,36.261354224626324],[139.11119513674623,36.258497000236446],[139.10747428081345,36.252617559153066],[139.09651474755765,36.23824783806731],[139.08898192087906,36.22843280183241],[139.0817260053509,36.214887251845255],[139.07196455342148,36.20381833314963],[139.06531564250292,36.19868999954389],[139.06332282764535,36.19571219810097],[139.06457700412545,36.189375251666604],[139.0630494687581,36.18581050455117],[139.05768277613925,36.18372272122667],[139.05638583773634,36.180519667049055],[139.05871661517972,36.164281586426114],[139.06297885938693,36.16128630621813],[139.06376466900429,36.158852667017015],[139.06056131085586,36.15226322466816],[139.04901600508458,36.15242846789954],[139.0471690530095,36.14933374785426],[139.042722088054,36.14802736027451],[139.04101092104253,36.13554177539319],[139.0431998052269,36.13091535985603],[139.0424042541531,36.1284595316821],[139.03683061044433,36.12619061320629],[139.03119783451257,36.12772699970134],[139.02658949425467,36.13278841457149],[139.021087808056,36.13133117039723],[139.01562194629582,36.134069251694655],[139.00673219283647,36.12955033288159],[139.00195800325935,36.12532950515259],[138.99682741954985,36.12566505389918],[138.99304241227753,36.1244647746297],[138.98929600570614,36.11791669390038],[138.9856907000658,36.11557141398964],[138.97649289315757,36.117210585544015],[138.97001204901687,36.1242389737497],[138.9642445276629,36.1259048023648],[138.9596181452613,36.12399230590023],[138.9572833856198,36.118082586442256],[138.9562719711746,36.111916721179796],[138.9580291960906,36.10962117108022],[138.95655335915023,36.10570200024716],[138.95153250352223,36.103065333698225],[138.95043888564612,36.09959366731397],[138.9447952530985,36.09448866751802],[138.9381038654011,36.09289338712017],[138.93107632910937,36.088119532090786],[138.92093658905242,36.09143066769121],[138.9163140863261,36.093749027295814],[138.9112335283047,36.09088430616583],[138.90797630436305,36.092033198173624],[138.89785878115788,36.090654613020035],[138.88671294434698,36.08417797353468],[138.8804368356915,36.083318000425436],[138.86433291862932,36.077085802068154],[138.86152319104247,36.07140802765838],[138.8547117771269,36.068514694597525],[138.8506012197705,36.069154973223476],[138.84603705606537,36.06662500044348],[138.84513508461657,36.06087722550359],[138.8428270303432,36.05581777547002],[138.83727061045033,36.04976138737817],[138.83219280255582,36.04772944116081],[138.8291116730653,36.041312504968175],[138.82839472238814,36.037302532195895],[138.8156799223906,36.03537586520406],[138.8140740605695,36.033676171718014],[138.80219063668858,36.0334022795916],[138.79097552510052,36.029399802758746],[138.78632358036896,36.03309397310841],[138.78181050624994,36.03429233322464],[138.78063219202215,36.03685066702474],[138.77295105095027,36.03881538712045],[138.76914131052308,36.0388126136113],[138.75979788596374,36.034852919326795],[138.75441119332197,36.03452597349491],[138.75357085601024,36.02829013558136],[138.75065527911795,36.025052640067315],[138.74854856056766,36.01841322509034],[138.74918491627596,36.01672183851685],[138.74475680927935,36.01367905444488],[138.74376983121283,36.01009989209638],[138.73668588854298,36.006466027585134],[138.73737085622102,36.0042979733784],[138.73216802913134,35.99833213541979],[138.72606544736254,35.9944774414808],[138.71680902771448,35.99290438692799],[138.71255005254295,35.98533300001799],[138.7114468613836,35.971281640735185],[138.7141837483814,35.96551525252693],[138.71947788639545,35.96288719788595],[138.72104119319658,35.95909000030332],[138.72559977930644,35.957611107466676],[138.73046944181135,35.95030110761007],[138.7311354995038,35.945145279031465],[138.7392543316222,35.93910805369376],[138.7374595851918,35.935792801896355],[138.73917066049762,35.933259748039006],[138.7385070039951,35.929019198177514],[138.73377525342528,35.92317113533966],[138.73239355391945,35.91955783742429],[138.72910683581188,35.91722810859039],[138.73061878143164,35.91463227935628],[138.72901128322096,35.909220613482134],[138.73488797739833,35.90400089252722],[138.73918438415205,35.90584394604133],[138.74910697840437,35.901607532161904],[138.7535717508357,35.902866693643034],[138.75829011679548,35.902408360457514],[138.7656671080507,35.89910836026269],[138.77083992212476,35.90050030574457],[138.77715525291262,35.90041917070823],[138.78911505801364,35.89324166706933],[138.7911186638953,35.89080777515875],[138.79156031105958,35.88399777497739],[138.79278810598635,35.88193277507759],[138.79180752299885,35.87597530611555],[138.79697033751108,35.87213000019938],[138.80449341104213,35.86975583856116],[138.80840488997376,35.87001953237558],[138.81360486447295,35.862367774853],[138.81968241217038,35.86523322528067],[138.8285024381371,35.86573777467862],[138.83242669373703,35.86225041422529],[138.84172119337848,35.86491300013489],[138.8454486907074,35.86739086519646],[138.85662841856674,35.86461638663701],[138.85685588858848,35.86025555964642],[138.8588111676014,35.857574441407394],[138.86266147914398,35.858761107639054],[138.86943150535978,35.857249171012484],[138.87398066117862,35.85177694654891],[138.8797026336697,35.84692246819742],[138.88564795099217,35.84713330615722],[138.89203849568014,35.839845252456485],[138.89440905373488,35.84079302727645],[138.89916131064604,35.846720531727215],[138.90467438411565,35.84847497324148],[138.91094608339506,35.852727467898376],[138.92262333320036,35.85068661299687],[138.92637613575016,35.848918279654924],[138.9351467191458,35.85101546808943],[138.94393341119803,35.854818802645696],[138.94286758866838,35.86016213537431],[138.9465359403814,35.86435825243143],[138.94514372240496,35.86792853217605],[138.94926216681563,35.86901905458575],[138.95439461751766,35.87417853261326],[138.96008325663706,35.87678210860747],[138.96520408629965,35.87778572143395],[138.96802189429502,35.88221350564879],[138.97248747161962,35.881979892358174],[138.97892778209155,35.88501069398836],[138.9852588851894,35.88118486558915],[138.9887513879662,35.88114680268285],[138.99588085611663,35.88444708166753],[139.0007628024614,35.884000414487616],[139.00665703019786,35.88962455962576],[139.00680511076735,35.893637892175036],[139.0105478867756,35.89709983868664],[139.0183993000877,35.89842400046729],[139.02356044169494,35.89735844141622],[139.029329585592,35.89290846825128],[139.03761072645398,35.889094027067756],[139.04832652454957,35.8812087479854],[139.04984208814187,35.87883291900408],[139.05781985710075,35.87749738709476],[139.06144680942282,35.873706559410266],[139.0725529447626,35.87172380251155],[139.0777618558251,35.875340198591346],[139.08253938998098,35.87487299988908],[139.09165671958203,35.869033946459524],[139.09909136277622,35.86867441459259],[139.1002819203744,35.86718874806235],[139.11173416340102,35.864680278971775],[139.11601306125385,35.86445500059784],[139.12919671955308,35.86556086544164],[139.13536063598463,35.86538700040978],[139.13891175117647,35.86401117167827],[139.14754316538483,35.862710640483726],[139.1594006618111,35.85706510856795],[139.16353066161082,35.85086817082947],[139.17435761321337,35.8483120808379],[139.18362817110324,35.84357458629819],[139.19244150557108,35.84027153200566],[139.20313791248475,35.841199054093124],[139.20746766520062,35.8464198919645],[139.21264936457658,35.846611279387105],[139.21933267276472,35.84252099994427],[139.2325348903729,35.836636000151316],[139.23721352878135,35.840210721647566],[139.2409610253311,35.840154892634246],[139.24252795100415,35.83678710873812],[139.2522554733115,35.8382490538508],[139.26050435818968,35.83600127933562],[139.2718918940957,35.8396882254313],[139.28184577216473,35.83951961333952],[139.2828843848066,35.8371685049226],[139.29091050671457,35.83795710783431],[139.2963141120067,35.83513961370227],[139.3011685606806,35.83495989228527],[139.30118547333097,35.829771000131586],[139.30259182954933,35.82405017157822],[139.30677739306225,35.82302933313724],[139.3114724126218,35.825278774995525],[139.31615907927812,35.823667667428936],[139.31610600690752,35.81876600108639],[139.31502486420618,35.814269054173565],[139.31675208863805,35.81268877536672],[139.32224586355585,35.79960797342926],[139.32572944235994,35.795211865135514],[139.33036583781325,35.7936168653261],[139.33278330720395,35.791890198473936],[139.33849946827593,35.79459408125189],[139.34268111524136,35.79403186557818],[139.34670783419926,35.7964051980415],[139.3502647212399,35.793405748576504],[139.35665474701898,35.79347713496185],[139.3598422186435,35.79162158626724],[139.3687144236318,35.79028880268612],[139.36749486469637,35.78437827923426],[139.36991070001886,35.78154164033447],[139.38013739372582,35.778746640045426],[139.3814793000297,35.774270802355716],[139.37902566800028,35.77119691960223],[139.3802231395863,35.766374973326435],[139.38484425465867,35.7652177482006],[139.38960150550508,35.767135802475366],[139.39168455299978,35.76335413528517],[139.39845041535443,35.764404973310945],[139.4002815564487,35.76775136053692],[139.40488491620602,35.769159694364475],[139.40950907908075,35.768689414584856],[139.41956075212704,35.76590497323599],[139.4222124382535,35.76780302748779],[139.43155358033357,35.76634386577683],[139.43826972816544,35.767955532721714],[139.44077194606848,35.76700219829286],[139.44496834011682,35.766659972979426],[139.4513491964084,35.76932746828811],[139.45856116746393,35.76967663996504],[139.4612528662269,35.77338161297109],[139.46984649811748,35.774206613244644],[139.47115511061997,35.77340383791682],[139.47949933982272,35.77993744135989],[139.48498491652072,35.78080161340381],[139.48957936399654,35.77914717110514],[139.49349411286312,35.78170019800581],[139.49677910517164,35.77870022513531],[139.49938053268545,35.78217269461419],[139.50670302232663,35.78277019788635],[139.5119050068107,35.785081306257325],[139.51403975453115,35.78850072113141],[139.52028282749052,35.788369613466955],[139.5292637227427,35.79412877562254],[139.53685992284727,35.80394346831645],[139.54169522752602,35.80730680226478],[139.54429189415566,35.80663625166176],[139.54719936365973,35.802658197717676],[139.54408655015425,35.79649569412106],[139.53757900097014,35.7907587748976],[139.54379289182862,35.78819433290221],[139.54297894883197,35.77980741406552],[139.53223444876085,35.77341519815292],[139.52304914449857,35.771936306158835],[139.51637491616953,35.76557327898371],[139.52137827458773,35.76756994569649],[139.5303018939484,35.76834910848328],[139.54783752258368,35.77398046792433],[139.5469796628812,35.76030272119368],[139.54458435818162,35.75476077498985],[139.54715824935374,35.75338410809019],[139.5577844237123,35.75958300005544],[139.56278583779624,35.76159522503963],[139.56999613532395,35.76536797330391],[139.574590894754,35.76622797284273],[139.57816508472766,35.770851305718104],[139.58224258123016,35.771207135001305],[139.58398486480974,35.77483183811887],[139.58876099951829,35.77852850473742],[139.59414352840122,35.778703504962834],[139.59720075211305,35.77836600019083],[139.59693849541532,35.776412107932515],[139.60438380007236,35.77501738714278],[139.6031665245156,35.77085964055999],[139.61723297082506,35.77034822489071],[139.61772905305338,35.76664797332535],[139.6229921140948,35.766871864944676],[139.62471391741337,35.77982569430043],[139.6278748122728,35.78465764013805],[139.6316923615134,35.7863359459472],[139.6342310253416,35.79033538756812],[139.63941022010567,35.79284872109167],[139.64056834005692,35.7976920271654],[139.64630169976374,35.7978692520644],[139.653362309523,35.80022591919089],[139.66976630427155,35.80024146846904],[139.67838189400925,35.7988225864932],[139.6878324772871,35.80084091967274],[139.69685968942315,35.798904000319396],[139.697671920223,35.79844455916913],[139.7052580290349,35.79340789256025],[139.70919552535327,35.7920173329336],[139.71742552536773,35.79191653242208],[139.72224108915498,35.790726532403596],[139.72446216639594,35.78727430666396],[139.73387163446841,35.79004708110796],[139.7385369134479,35.787403747884696],[139.73804907980127,35.780220694529476],[139.74261827521332,35.78169625267998],[139.74885581104695,35.78599958601211],[139.7550008300243,35.786895694780526],[139.75559613535347,35.790029027217884],[139.75996978038108,35.79433764046979],[139.76076924800248,35.797410414359206],[139.75529871606295,35.80318402772076],[139.7506556683245,35.80666874866387],[139.75077319172942,35.81017069432215],[139.7612743324446,35.812888171252155],[139.76761494227583,35.81768400031643],[139.77175522762172,35.8168748380034],[139.77923433239857,35.808248721701204],[139.7924310254715,35.805290918940784],[139.79884102519327,35.80619397317338],[139.80230383955063,35.808553135019224],[139.81329775658628,35.8083208922954],[139.8196536449998,35.811779775716104],[139.82105561612389,35.81507700060314],[139.82492697809766,35.81190450538867],[139.82075192046477,35.80553533308921],[139.82048630479915,35.79753925213481],[139.82605016927994,35.793360360692134],[139.83276549962818,35.795679505404905],[139.8380077566527,35.80080644146415],[139.84338666746078,35.79979808111659],[139.84674775680355,35.79650641403981],[139.8526480297828,35.79215697336571],[139.85648525349177,35.790959468504695],[139.85879917044542,35.79443891942066],[139.8638486128233,35.79482777548151],[139.87077061007562,35.79731666723046],[139.87474810644005,35.79654027891081],[139.87660503199675,35.793827505435104],[139.87155469569268,35.78797889221215],[139.8713410896197,35.78557669420911],[139.87454243868262,35.78177586516409],[139.87724939017437,35.78116610867878],[139.88723972833088,35.784019170948056],[139.89377805411402,35.78274638743591],[139.88852341162624,35.796450801763115],[139.89083483835714,35.80056663993855],[139.88883933896443,35.80748494637322],[139.8903735284157,35.810856054163594],[139.89153416287138,35.819338559526955],[139.88799224414686,35.82433269449831],[139.8885145011434,35.830197973058034],[139.88984289243558,35.83637186566909],[139.89003630423213,35.84400238750021],[139.89614055873983,35.85293264012927],[139.90033869027843,35.86417486537778],[139.89920927398884,35.86685650522361],[139.89485044169464,35.87655538682168],[139.89305191991025,35.88542483808584],[139.88991972871258,35.89256094593094],[139.88313338519765,35.90185177543913],[139.88023036374034,35.904605108339126],[139.87475566793978,35.912940080820135],[139.87186569474613,35.91587119799743],[139.8674207523659,35.925545919308775],[139.86091966301206,35.932493693828974],[139.8492910251607,35.9383484143479],[139.84645824974848,35.94098925195249],[139.83777330699263,35.95390591952264],[139.8350086120579,35.96024619840341],[139.8353072247487,35.96434119838767],[139.83333141363966,35.96896702735347],[139.82723444961027,35.971360946550476],[139.82523586374418,35.97553066670696],[139.8267447732527,35.98314591894905],[139.81730564194186,35.99432205391969],[139.81425924786606,35.997061225195466],[139.81691233513618,36.002389532051325],[139.81340155633677,36.02313227903153],[139.81727243807268,36.02972919834389],[139.81536938988552,36.03682750498541],[139.80694910458948,36.04316777515093],[139.79469966335887,36.05594580205718],[139.79135769090476,36.05813580232547],[139.78951160806704,36.06182886549314],[139.78333632910835,36.069501919078334],[139.77986722399328,36.08275717150633],[139.7762172247452,36.09076741408495],[139.77313944253126,36.088904667216696],[139.77186021987336,36.08223800008369],[139.76576102495142,36.08042774844188],[139.75647211459648,36.0825588655992],[139.74675849580797,36.087079440963464],[139.73176732879926,36.08651777567485],[139.7283054227571,36.090139440882524],[139.7270605065372,36.1075394410924],[139.72637856052222,36.11251913564962],[139.72204608375978,36.1181577481816],[139.71358472145778,36.12624917166198],[139.7101339177614,36.135944693277814],[139.7030308944258,36.1451010810473],[139.6961173026715,36.15639638738344],[139.69402510997088,36.16636025242377],[139.69196817159389,36.16983997313628],[139.69088791228475,36.175255252068105],[139.69364686141364,36.1916752255313],[139.68786411273868,36.19635580197871],[139.68794383943668,36.19968133302717],[139.6865729965466,36.20330910822884],[139.68231605744018,36.20098302704514],[139.67733547345335,36.20148135937728],[139.6749110514039,36.20828802667114],[139.67216216655083,36.209208026829],[139.66863658940713,36.2069360812352],[139.66442547345684,36.20706080191451],[139.66127325615594,36.20839691928245],[139.66353994880967,36.21235080214785],[139.6599746692956,36.2149013604095],[139.6493984954443,36.21119110838299],[139.65002457827177,36.202775559344616],[139.65150430657854,36.19837417113115],[139.64880788637493,36.19613030596889],[139.63724535768722,36.19720891955603],[139.6290203372189,36.19516977516503],[139.6264091961276,36.19324977565668],[139.62504000079548,36.18701341433763],[139.61862083068684,36.18980286491035],[139.6098836067431,36.19680813488759],[139.6037864200074,36.2034153604306],[139.594359728119,36.208887892462315],[139.58793221859708,36.21034205394267],[139.58300469551034,36.20923874856942],[139.5734652277381,36.2042201709242],[139.56487988310016,36.20207380216431],[139.5547379127246,36.2008285325108],[139.53521861244906,36.192942891901],[139.52821664118505,36.19150177508692],[139.52116966334938,36.19122036013158],[139.51171658894953,36.19294672121424],[139.5015492999603,36.1935139191321],[139.4955167834728,36.192578640392014],[139.49346844430497,36.19216613574037],[139.47442500600926,36.189457505459586],[139.46239275062499,36.18951166712981],[139.45434856043778,36.19141027896126],[139.44420464302993,36.19678969428901],[139.42926022008317,36.20831219864908],[139.4239707783288,36.21087497330143],[139.41935769150427,36.21129386491998],[139.4190718941527,36.21644525264634],[139.41686632898185,36.21795802765642],[139.40869994824413,36.223423000671005],[139.4076932813199,36.22264689204047],[139.3934315823018,36.22762413504586],[139.3829188335157,36.23786910800596],[139.37667299656164,36.24450494584664],[139.36781744521898,36.24680883805746],[139.36154328179703,36.25209189192731],[139.35823299605602,36.25332800018714],[139.35358408653644,36.25151302710458],[139.35059547300273,36.25415136009724],[139.34730158280183,36.25365135952268],[139.3458612843708,36.248982467966584],[139.33948121948276,36.245987748036214],[139.34024871620534,36.24386413482199],[139.3333792483537,36.242888305650865],[139.3278803374077,36.239876387085644]]]},"properties":{"N03_001":"埼玉県","prefectureCode":"11"}},{"type":"Feature","geometry":{"type":"MultiPolygon","coordinates":[[[[140.08317906586126,35.588210720748236],[140.0815908172625,35.58828782951974],[140.08610173840452,35.5694457394294],[140.11173076556247,35.57043326068646],[140.10947123241147,35.57661339639117],[140.10510621368087,35.57762358595977],[140.10296201048845,35.58737982901596],[140.08317906586126,35.588210720748236]]],[[[140.11548909264752,35.55060136056437],[140.11234272453714,35.54989438731616],[140.09804306153808,35.55501133280683],[140.0923308044231,35.55448461337426],[140.08580255554352,35.548885251753006],[140.0880932564986,35.545942278813186],[140.0916369783639,35.548427892533255],[140.0941508955475,35.545386693840896],[140.09008053249067,35.54285100047332],[140.1010588336983,35.538462054380375],[140.0960886899411,35.535401585914485],[140.08703486416766,35.540069802079756],[140.07394836592437,35.549977441505746],[140.07225758831714,35.55011989231923],[140.06448518854063,35.542806613534424],[140.06130830103734,35.54372683852284],[140.05394866399968,35.53509413468663],[140.060677638862,35.53006458621172],[140.05772172557727,35.52657725183877],[140.05007552496556,35.5309368377649],[140.03774105150842,35.5162749188525],[140.04585780799152,35.51166602736532],[140.04223391696178,35.507327305710646],[140.03385905325274,35.51184300045418],[140.02522966341826,35.501652026919544],[140.03622596635535,35.495293026851755],[140.03304147958067,35.49167402723464],[140.0265871342889,35.495307612956026],[140.02191153019305,35.49678374847127],[140.01211844461056,35.48518827941564],[140.01786182906028,35.48051083800482],[140.01637063619592,35.47875102753795],[140.0198334109832,35.474295108032834],[140.0183519712665,35.47257597300279],[140.02274140119482,35.46755105423779],[140.01601464316127,35.47141772085121],[140.01256644638443,35.47606602692565],[140.00653204941466,35.47932222474094],[139.99803408650394,35.47447458573362],[140.0033217772783,35.46828222554433],[139.99927608352448,35.4659637481285],[139.994686420442,35.472445332985785],[139.9890965889365,35.469856135352416],[139.99477452702286,35.459365837763244],[139.99230649864603,35.45733619830696],[139.98202619994925,35.47479186475283],[139.96572461729727,35.468540802216296],[139.96722654986547,35.4629052788556],[139.96942425462566,35.460692441203264],[139.97446055790851,35.44847219783372],[139.96844988325552,35.446172098963245],[139.96766275073537,35.44812710817956],[139.9548589750617,35.445170693972386],[139.9559856682041,35.44846053182812],[139.96502817151293,35.4507461084462],[139.9621514399371,35.458731892163144],[139.9510922833822,35.45613817093988],[139.94860434491466,35.442208062751945],[139.93982680886018,35.443043532033414],[139.92445661538056,35.439815919169405],[139.9217649166177,35.4398522787597],[139.9126315305208,35.43592566693604],[139.90822216622007,35.432665135287834],[139.90327027240517,35.43145994571995],[139.90276544696792,35.42735144151584],[139.8999615299008,35.42365741415841],[139.89694805460908,35.42320689248413],[139.89817422805822,35.41280977545085],[139.897232529058,35.41078886481432],[139.90100572013796,35.40685227950917],[139.90159849567408,35.40117610769124],[139.90679374873264,35.38947641440507],[139.91328464337164,35.39137219786869],[139.91785121905855,35.38567258612102],[139.91768147921698,35.3824387751294],[139.91458608288144,35.37991250485828],[139.91095085589734,35.380706973148335],[139.89761583720122,35.375029586346386],[139.8991026719508,35.37269438693647],[139.9044783919643,35.374983837833895],[139.9074193639126,35.370340693868],[139.9023475886703,35.36817927945026],[139.89984282748458,35.37211172067941],[139.8946595336107,35.36989080171918],[139.8927060829194,35.37297253195686],[139.88781483848402,35.37088805454016],[139.89137321750002,35.365270081449125],[139.89706247715162,35.35839425179336],[139.8940824125733,35.35714158611535],[139.89132383932383,35.36148946826438],[139.88751966300208,35.36148964902816],[139.88271403402553,35.36128761273318],[139.86230533122614,35.36763000052417],[139.84589035035947,35.37543969428651],[139.8391084575893,35.36729020697754],[139.84148221812995,35.3642151083406],[139.8517468740191,35.35828863091564],[139.8591648123063,35.348053837914335],[139.85215750986129,35.34931310821344],[139.84708525348174,35.34679840502241],[139.83776832744638,35.35895339628229],[139.82296778253715,35.344458820518184],[139.82881579861032,35.33673001807591],[139.83709166045185,35.337804721410805],[139.83938328141335,35.33370222467801],[139.82440821047055,35.32631633283256],[139.81648989659152,35.32404065775023],[139.81900343695906,35.32078747716042],[139.81973319093413,35.316476837735934],[139.80675247724514,35.314546523003685],[139.78596193309681,35.313670945757565],[139.79247669304505,35.311087467812456],[139.8122681065879,35.30621169441423],[139.8261938782449,35.30159556788118],[139.83865089512278,35.296091027179216],[139.84716719790788,35.290620441280396],[139.8528421925132,35.28440419779554],[139.85179507138548,35.277990685321925],[139.84704678318258,35.27166322537761],[139.85799525297864,35.262276413925406],[139.8643664721351,35.25417361312179],[139.8687553049134,35.24254363977718],[139.8706910515508,35.230665612727876],[139.8689546432422,35.22346425187379],[139.86671044173352,35.21938427956093],[139.85443263365914,35.21431846772316],[139.8486609736251,35.21294319836994],[139.84406983115787,35.20848600002893],[139.83757036328166,35.206806278686884],[139.8312375622637,35.203630197875384],[139.82794169895033,35.19900133334488],[139.8240436450982,35.197772441245206],[139.8190477825292,35.19025553256682],[139.81706442308473,35.1856966667678],[139.81670009153606,35.16890023395871],[139.82189334630095,35.16654917140721],[139.81877461705494,35.161997027141126],[139.81815180326316,35.1548765324261],[139.82815763966346,35.15138458632964],[139.82997736746165,35.145335748046364],[139.83323708252544,35.14287774800971],[139.83672097339422,35.13804750548803],[139.83895136221565,35.12941398236944],[139.8361642804573,35.12557669390935],[139.83154674468653,35.123219747993005],[139.83169286653265,35.12000697304342],[139.8246939430711,35.11338866695348],[139.8281815697237,35.11112652307065],[139.82606116708928,35.107612000393544],[139.82633395664686,35.10243119854101],[139.828341140931,35.09970619788277],[139.83606826254038,35.09966699103887],[139.8410272502075,35.09247866675713],[139.84244808011488,35.08640243242638],[139.83835804258968,35.07884554078913],[139.82727858653766,35.07545513534626],[139.82159442334398,35.07244402707022],[139.82142022016706,35.067648224985646],[139.8276579772339,35.05620210814084],[139.8274743581552,35.05227269402968],[139.83227963729553,35.05008353192949],[139.8326088071508,35.04511602678326],[139.82971876830652,35.04102341449902],[139.8230899356521,35.03754847728044],[139.81833961138398,35.03941941427462],[139.816188495103,35.0429130268148],[139.81357683510294,35.04257330611324],[139.81036763945508,35.03753386509584],[139.81701347649084,35.03548580212811],[139.82476902746873,35.031191945851674],[139.82649627798094,35.03254025173129],[139.83303962467903,35.03226685603062],[139.8404677432918,35.02804712637385],[139.84141819719207,35.025446144024386],[139.84914906627648,35.0253454145593],[139.8544594424494,35.02008660371382],[139.85803453986216,35.01102136014771],[139.8584020622054,35.001800666967256],[139.8575853833588,34.99532887392843],[139.85547516194924,34.99043138729871],[139.84967919593817,34.98540676620934],[139.84175038966885,34.986221152684095],[139.84138312633024,34.991859999939095],[139.8289782755271,34.99092093685181],[139.82142879430353,34.979170865343235],[139.81786972820544,34.9780220722609],[139.81231863859432,34.97903765776175],[139.79689988352288,34.9738057123638],[139.78616625187112,34.97281589243954],[139.78194435844546,34.97662102743851],[139.77680911804646,34.97509164036694],[139.77423792573973,34.97625539636948],[139.76287730204592,34.97609040494831],[139.75529237404385,34.97661980256191],[139.7535430613633,34.972116513966],[139.7555226985138,34.9692162974942],[139.75344997433695,34.965349955536055],[139.75898508389457,34.9616820184105],[139.75911594064826,34.959366738983874],[139.76691413747756,34.95823007235998],[139.77133355440003,34.95467092802096],[139.7796984823991,34.956113495441514],[139.79351919615408,34.95125018035162],[139.80710769146685,34.94577845950835],[139.81589748438148,34.94096486523637],[139.82509098655987,34.93259015351282],[139.82745022035147,34.92725026069104],[139.82429062321376,34.92230127888098],[139.8227074063218,34.914679359964566],[139.82451739356293,34.9112622068854],[139.824455824177,34.911249378056425],[139.8242767322854,34.91121204539962],[139.8296810255589,34.90836216218406],[139.83963350248416,34.90447327871891],[139.8461409995076,34.90298022515731],[139.85283988305423,34.90494744087175],[139.86473377414438,34.90686966710149],[139.86843211465043,34.906108532183055],[139.87351652446807,34.90285935987163],[139.88334955973448,34.90253766697981],[139.89347511028814,34.90583013535252],[139.90266202313387,34.903694278768],[139.90765949459012,34.90435205370437],[139.90846089575382,34.90712482904769],[139.91661822335243,34.90629422509846],[139.91968404728107,34.91043647726167],[139.92933335914722,34.912258359835505],[139.94190472122602,34.917472225263054],[139.94207627859748,34.92213770299264],[139.95220891131225,34.92861413473457],[139.95464033728183,34.93370858638218],[139.96113258090395,34.93807941383392],[139.9613345146762,34.940639324145536],[139.96500457869843,34.94575441433483],[139.96498284028587,34.95239155042975],[139.96286046723685,34.955310387364534],[139.96295393017976,34.96022578399277],[139.9605152268963,34.96478666697118],[139.962519416438,34.97177502699594],[139.96598944245886,34.97632364052362],[139.96680447554616,34.979644198321125],[139.97142115426288,34.98646622513621],[139.97210591425664,34.992550027261984],[139.976014306715,35.00333527909993],[139.980248223177,35.01005941381095],[139.99253046760703,35.02256291934333],[140.00270102563184,35.030864802168935],[140.0090693903402,35.03507477508083],[140.01310802891248,35.03645323432937],[140.0171639299715,35.03560041442762],[140.0248468876738,35.0435263599536],[140.03798610957142,35.05152989179112],[140.05513783394395,35.05909958617701],[140.07529167337213,35.05754483822375],[140.07542333322033,35.06234925221628],[140.08071930045537,35.06210150518035],[140.08296080399793,35.063872135390795],[140.0790140860313,35.068445134935075],[140.0850790797358,35.070105305915206],[140.09462644625353,35.07595989243515],[140.09799297019947,35.07485636043276],[140.10269092154886,35.07839638698374],[140.0994729701016,35.07980850515844],[140.09821610908625,35.084108531683455],[140.1016540859673,35.08699302710659],[140.0998352790749,35.08944661327064],[140.1044707005625,35.0908378923549],[140.10580527919035,35.09562205451425],[140.10517208812144,35.101941108495396],[140.10881345028054,35.106853306235166],[140.1142806610237,35.11132894607408],[140.12186739306583,35.116032225007245],[140.13442403414194,35.12168705411432],[140.14562766498477,35.117612108112326],[140.15158263293222,35.117033720829625],[140.15351968898256,35.12138069376408],[140.1573145276434,35.12104574846256],[140.1601902205024,35.123253387134184],[140.16809680902054,35.12368827949058],[140.17292572054566,35.120028667389136],[140.17820355475033,35.121460558957665],[140.1830624775514,35.118157613483106],[140.18566189418118,35.124552892202246],[140.19023756201398,35.12714374818546],[140.19686072624154,35.120873171259916],[140.19575933912222,35.11624569438334],[140.20270430595906,35.10973900045457],[140.20764810587548,35.11390313492177],[140.21180521393956,35.114466477446],[140.22006294454934,35.11661072110792],[140.23251302225822,35.115134802329294],[140.23765252904104,35.11832336033484],[140.2343482228922,35.12184901841749],[140.24188610915667,35.12562969455479],[140.24503144034873,35.12493413550203],[140.24712891117042,35.127950721548586],[140.24763831415692,35.13308658607713],[140.25316102566092,35.13389433285721],[140.25786968973443,35.137945865009726],[140.26038433267092,35.13826038670754],[140.26669819756387,35.13598874778256],[140.2741559407441,35.137267278861884],[140.2767976129196,35.13429953229763],[140.27536972873008,35.130664054402644],[140.28585236139747,35.13421294647037],[140.29070708256586,35.141536694263095],[140.2906116087388,35.14511327915454],[140.29501197172522,35.146408802024666],[140.2972154735154,35.150525919036],[140.30439308687153,35.15121222496424],[140.31247700461017,35.147152721221175],[140.31251311328958,35.138582973525445],[140.3178350583413,35.137655080917284],[140.32519486445153,35.13965972101937],[140.3273655769599,35.15122953241706],[140.3294183406839,35.15185213486819],[140.33276603102752,35.157603865026374],[140.33198752300586,35.16169505368384],[140.33514177727125,35.166762504985684],[140.34459141446223,35.17272489233994],[140.3467718036759,35.17614375682899],[140.34927191986333,35.18014172086379],[140.3530813365345,35.181954333225974],[140.35939508451565,35.18240313539644],[140.36782311344598,35.17885063974529],[140.37446839200277,35.179645135014994],[140.3775609212995,35.183004171205596],[140.38443703064456,35.18761436041444],[140.38477691322407,35.19233882917371],[140.38925425458024,35.19925533336698],[140.39369147897867,35.20269042342437],[140.392233463004,35.210640630860496],[140.3952647736504,35.213268775433676],[140.39558402128557,35.21800772147924],[140.39766381323443,35.22387957678109],[140.4005790402905,35.22843608096042],[140.39921971501792,35.22982181122768],[140.40486153003565,35.23722122527937],[140.40534106473842,35.240468505417255],[140.4036514922227,35.24623926972657],[140.40526824933033,35.25189662233129],[140.40094083035513,35.25450407170558],[140.40006002624932,35.26943643204578],[140.40355745821023,35.28064689234026],[140.4046755250555,35.286652531689015],[140.41150316543883,35.30116927933881],[140.4144869909819,35.30432713538903],[140.41482418908515,35.308839333568415],[140.41330645902588,35.31421912571216],[140.40552739347447,35.32636141404805],[140.39765118045773,35.33050550532488],[140.39503469559475,35.33536664045812],[140.39191994854684,35.354406585895276],[140.39127472095163,35.378065108518],[140.39233863871732,35.383062811099876],[140.39177376105033,35.38571400889447],[140.3922944100591,35.396819297072966],[140.39420483808283,35.40868872120757],[140.39703273737098,35.41876833349187],[140.39806542258123,35.42347874854545],[140.4041178860317,35.442997775427045],[140.4128790796059,35.4655791080894],[140.41592010472914,35.47162268533873],[140.42348780801603,35.486317864777675],[140.43048179060224,35.49813874800486],[140.44755144014687,35.52208538733083],[140.45222883299436,35.525547748429915],[140.45331883289793,35.528393108055525],[140.45855016945484,35.533637838215725],[140.4637940866279,35.53527741382163],[140.46519308729125,35.539636774917255],[140.47009003972357,35.547212802329],[140.47849352795402,35.55811455953932],[140.49551311313974,35.57622010847126],[140.50755133642508,35.58718541447536],[140.52562490366643,35.602120279427425],[140.55547230969944,35.6253459727385],[140.55944189472768,35.62790498192942],[140.58162661557594,35.643711414050586],[140.58462007825403,35.64472708138976],[140.59080150538523,35.650104640516815],[140.6115603889009,35.66454510856994],[140.62498192057922,35.67265851417915],[140.6441986124761,35.68332327934593],[140.6646031136429,35.691676838115654],[140.66676075270664,35.69123277537233],[140.6741780290928,35.69465186469188],[140.6833396377142,35.69742586491179],[140.69252191995076,35.699411801813255],[140.7056415303324,35.70055538692162],[140.7145596376173,35.70043250535588],[140.71993399515782,35.69893233276099],[140.7240366933388,35.69363605436047],[140.73892277636514,35.692291973495855],[140.7501204150252,35.69322297326164],[140.76100456530855,35.69782055037814],[140.78015046707048,35.703822198535704],[140.8028611411288,35.710144080884675],[140.80666522751835,35.71160653231567],[140.81929394296117,35.71341472091268],[140.83094930056984,35.713576838100664],[140.83810885913658,35.71084225246801],[140.84102197098719,35.70263777521319],[140.84382216665972,35.70332933318224],[140.84494939040212,35.69815772150167],[140.85290780864852,35.69750346831046],[140.85782252898662,35.69469150500902],[140.86514418945285,35.693996505334496],[140.86298708188838,35.698227640193466],[140.86386224454702,35.705151667215716],[140.8698093641109,35.70826305439647],[140.86608795149778,35.71006786513993],[140.86655708194382,35.714601919542986],[140.87116175111396,35.71840310831686],[140.86751061062625,35.727498838001],[140.86793121905055,35.731059135270925],[140.87070888490723,35.73333477527973],[140.8655359404314,35.741250973054036],[140.8608084445541,35.74298461324935],[140.85557907931116,35.74296384700398],[140.85197438431044,35.744667072127754],[140.8499022177133,35.741439080649116],[140.8460032807269,35.73989466680547],[140.83765927365664,35.73913553197929],[140.82195907934806,35.73944530615603],[140.81535153004916,35.74151450499045],[140.80097705604635,35.74966010812756],[140.78820121871138,35.758422639892956],[140.75150819754538,35.7790302790242],[140.74166666728297,35.78514872033725],[140.72895111510195,35.79664702663899],[140.72586700435886,35.800747613211854],[140.7207021663719,35.81347261277091],[140.71722671923771,35.822767892124546],[140.71305403401652,35.829418467688186],[140.7065757460739,35.836255413356696],[140.69717775604863,35.842378774860606],[140.68683639428423,35.84776383793081],[140.6758427497432,35.85126938717252],[140.66639216646536,35.85319719819222],[140.6478334761341,35.85571250482826],[140.64106788627396,35.856406414524486],[140.63068616113753,35.85912419812331],[140.62878403475543,35.8646600271386],[140.61648555126726,35.88138417154232],[140.61329535739492,35.88887610784616],[140.6079929186384,35.89581194656415],[140.60274680891814,35.89916358583088],[140.59886128442076,35.903165801860325],[140.58854097308745,35.906026919406884],[140.58790961123964,35.9104638650154],[140.58468321695693,35.91115080226774],[140.58124352866594,35.91645053226631],[140.57062661552595,35.92406441394161],[140.55726185535036,35.93078666727092],[140.55068683542913,35.932855586416224],[140.53735124566356,35.93872033347668],[140.53240652394197,35.94178286498726],[140.5269260050312,35.947858135244815],[140.51124464342558,35.95873541380837],[140.50388367089477,35.951005721037234],[140.49969552542825,35.94439772117795],[140.49725289210733,35.93388136033656],[140.4949567195404,35.93060110828452],[140.49062505859968,35.93189919788972],[140.48717639417532,35.92859200042051],[140.4872980032004,35.92456227952562],[140.49064291823618,35.91540117092734],[140.49812538288018,35.909187802575104],[140.4975934114069,35.90626280168698],[140.48454033736675,35.90965317115695],[140.47423202298955,35.916126558693804],[140.4711309474353,35.919719054390896],[140.45843817148454,35.92654022505138],[140.4564473027009,35.925003585846866],[140.44846577187798,35.91501866677811],[140.43480263399914,35.911753747751135],[140.42610505820198,35.90769519777518],[140.41795530469358,35.90637774763502],[140.40764027238072,35.909221693526376],[140.3964771730831,35.9090084139072],[140.39025654989996,35.90736619789175],[140.37896147868935,35.903129837971676],[140.375885331443,35.90236789186474],[140.36371581163542,35.89938566711487],[140.35695849553815,35.89563455888782],[140.35308038954838,35.89193955936321],[140.34838834044956,35.88320927908501],[140.34190243794717,35.878670945707654],[140.33496788615912,35.872387333108975],[140.32305277646458,35.86605930569243],[140.31705299619887,35.86433069450601],[140.30828741932896,35.86448736000369],[140.29995596589515,35.86669038695186],[140.28936316537784,35.871425946150566],[140.2811450840784,35.87411150434252],[140.27623557711024,35.873551224909136],[140.2656890790878,35.869305666723164],[140.2436174192086,35.8553998375325],[140.24056433237809,35.854383720532326],[140.23258758774705,35.854110108095085],[140.2277875624461,35.85536427833881],[140.21689330738025,35.86103230589623],[140.21364577184713,35.86200508099447],[140.2054318031353,35.861320333566596],[140.19911924855455,35.85911283788721],[140.1866304667227,35.851757837754064],[140.17789455309116,35.84938005454592],[140.1677794679482,35.84545702741991],[140.15674664084486,35.84270869385119],[140.15073022042338,35.84337730651754],[140.1464696633443,35.845718134784136],[140.14120494215445,35.85211699999962],[140.13424386486258,35.858919225541854],[140.12714172531048,35.870855891985855],[140.12173175101952,35.873663107766276],[140.1117307259923,35.876042332587645],[140.10275577166158,35.88073735934171],[140.09282335951048,35.883864612362004],[140.08813002617978,35.88403019733579],[140.07432586354787,35.87662689191757],[140.06659868977772,35.880871918604214],[140.0611168353737,35.88805638659301],[140.05560131035224,35.89069972071559],[140.0475393639506,35.891961413788295],[140.031106640733,35.90061230583042],[140.01886080408292,35.91004761290708],[140.0132155248766,35.91109736005518],[139.9986890789379,35.90914544090941],[139.99520294459245,35.90956658615543],[139.98579294468868,35.91480713544098],[139.9774590792731,35.92270827946356],[139.96546269874466,35.92672664012241],[139.95189992224368,35.935846946479444],[139.938639339534,35.94057055908411],[139.93358630436455,35.94643836024221],[139.93165522700724,35.950766693827916],[139.93804360612762,35.96201474848192],[139.93676197148784,35.9659075323068],[139.9340383655711,35.968375306852046],[139.9323097544916,35.96949086481163],[139.9236622442172,35.97044363986214],[139.91671805439478,35.970330586087755],[139.89937527894608,35.977520026428124],[139.8960288854248,35.97943864008124],[139.88416364493628,35.9888280811511],[139.88233308750205,35.9914497209279],[139.8782445266636,36.00760497309108],[139.85708369565612,36.029426612448276],[139.84735783439658,36.03386050485847],[139.8372350582514,36.04110102669108],[139.82017031091118,36.057179359839665],[139.81367058403032,36.06242546776116],[139.8083275228969,36.070410171392325],[139.80378535750833,36.08685513475672],[139.8000239952113,36.09369653206937],[139.7974462261625,36.096359305937256],[139.78677566846238,36.1040998921963],[139.7779697803811,36.09855741449314],[139.77641836621467,36.09645713508877],[139.7762172247452,36.09076741408495],[139.77986722399328,36.08275717150633],[139.78333632910835,36.069501919078334],[139.78951160806704,36.06182886549314],[139.79135769090476,36.05813580232547],[139.79469966335887,36.05594580205718],[139.80694910458948,36.04316777515093],[139.81536938988552,36.03682750498541],[139.81727243807268,36.02972919834389],[139.81340155633677,36.02313227903153],[139.81691233513618,36.002389532051325],[139.81425924786606,35.997061225195466],[139.81730564194186,35.99432205391969],[139.8267447732527,35.98314591894905],[139.82523586374418,35.97553066670696],[139.82723444961027,35.971360946550476],[139.83333141363966,35.96896702735347],[139.8353072247487,35.96434119838767],[139.8350086120579,35.96024619840341],[139.83777330699263,35.95390591952264],[139.84645824974848,35.94098925195249],[139.8492910251607,35.9383484143479],[139.86091966301206,35.932493693828974],[139.8674207523659,35.925545919308775],[139.87186569474613,35.91587119799743],[139.87475566793978,35.912940080820135],[139.88023036374034,35.904605108339126],[139.88313338519765,35.90185177543913],[139.88991972871258,35.89256094593094],[139.89305191991025,35.88542483808584],[139.89485044169464,35.87655538682168],[139.89920927398884,35.86685650522361],[139.90033869027843,35.86417486537778],[139.89614055873983,35.85293264012927],[139.89003630423213,35.84400238750021],[139.88984289243558,35.83637186566909],[139.8885145011434,35.830197973058034],[139.88799224414686,35.82433269449831],[139.89153416287138,35.819338559526955],[139.8903735284157,35.810856054163594],[139.88883933896443,35.80748494637322],[139.89083483835714,35.80056663993855],[139.88852341162624,35.796450801763115],[139.89377805411402,35.78274638743591],[139.8934174448592,35.77831555901588],[139.88284741967277,35.77353474773048],[139.87946153062524,35.76752446787992],[139.88266649856007,35.76200558568928],[139.88320841833388,35.75862336047976],[139.88998228375544,35.75076502688455],[139.8904439174529,35.75027586493928],[139.8994505584966,35.74438558612593],[139.90088581173086,35.73745753193958],[139.89793856071606,35.731871694323274],[139.89720797756615,35.726750306181714],[139.8986543320318,35.72345113516184],[139.90398236099725,35.719589748468195],[139.90812345033703,35.71386225234113],[139.91621092129708,35.70800138675463],[139.918735032296,35.69770944093801],[139.9138525292709,35.690929720929944],[139.90864586291627,35.68550555893444],[139.90378863803528,35.6831158381255],[139.89355836592586,35.68200280208771],[139.88794500635697,35.67999336050525],[139.88562330756963,35.67486169401201],[139.8860707787435,35.671136414314105],[139.8872332568094,35.66879086550608],[139.88738922263462,35.656165586372765],[139.88349438475814,35.645118639913335],[139.87413180373983,35.640012559132344],[139.87499687420643,35.637245784065726],[139.87244297046675,35.633026225280105],[139.87258141390123,35.62553188328985],[139.88838144015142,35.62183758613577],[139.89349527938373,35.62488277512],[139.89614102548796,35.61741458631417],[139.89761144041574,35.61662338705969],[139.90577277629268,35.62135344150818],[139.90690800310188,35.62309205405512],[139.89950574629324,35.629000667346986],[139.90473267257482,35.628599973510006],[139.9100450839136,35.624421225059564],[139.93949152991024,35.64047030595992],[139.93683669345864,35.64324138698049],[139.91828197093628,35.6554605322778],[139.92080191987282,35.66052919856372],[139.9303523611726,35.66648210796296],[139.9409309991663,35.66770102748046],[139.94766143992354,35.669552837693345],[139.9450926982695,35.67295800011169],[139.9298359146958,35.66945650501373],[139.9332106611431,35.67311936007047],[139.93664805436424,35.67329872085935],[139.94673769139138,35.68091117081394],[139.95308447506852,35.67177950512013],[139.95928486440505,35.67944674806904],[139.9632494420082,35.681449702841576],[139.97510019531785,35.68340697295349],[139.98276150543916,35.6816129459807],[139.98381961088637,35.677134332983144],[139.99154399495944,35.674944973032154],[139.9920067321251,35.67228843236529],[139.984580947253,35.671450134716],[139.98586897517316,35.663835838453224],[140.00194346371995,35.66559613545331],[140.00294914408778,35.659778440922366],[139.99697739299233,35.65910277487319],[139.99472577207678,35.66104010791469],[139.98649836660638,35.66010874842004],[139.98746119337943,35.65446753235079],[140.0047591439194,35.656418721247064],[140.00799891112092,35.65887038735855],[140.01367902736524,35.657521666891455],[140.01965190710985,35.65247782908858],[140.02872538307008,35.64415641388746],[140.05557603130887,35.62233150549463],[140.0666407007078,35.61222158605739],[140.06966367104167,35.610753892478215],[140.08390708234606,35.59679686488346],[140.0866282105236,35.601894251918225],[140.07792247724058,35.610415314814986],[140.0831436964245,35.6132684679655],[140.09412537008984,35.60368598202251],[140.09856831417642,35.60636506329706],[140.09983028513966,35.60470972977026],[140.0956987421033,35.601333117229615],[140.09664586311612,35.598742360171855],[140.0918957465915,35.59740076593266],[140.0889733987035,35.594530423140554],[140.10551703028682,35.59344760432356],[140.10761456496027,35.59198982037395],[140.11253863824766,35.59432724290798],[140.11695094692868,35.593289999933575],[140.11057409891555,35.58954093676488],[140.11415835322543,35.572516414301106],[140.1160616469275,35.56919774777788],[140.12690961118972,35.56941069374858],[140.12679680922543,35.56758151407564],[140.09682335961043,35.56639556820096],[140.09102316498718,35.564488422702595],[140.09120739290688,35.56118057682221],[140.11506907957448,35.5528406400835],[140.11548909264752,35.55060136056437]]],[[[139.95852814515786,35.673111332721874],[139.95858258112128,35.67178572123407],[139.97199383894463,35.67089672070716],[139.97945202369203,35.669822027264786],[139.97871725060065,35.673240918733484],[139.97167958524471,35.674410108439815],[139.97123302238617,35.6770826669316],[139.9782689754329,35.67591044111401],[139.97766408602877,35.679503945850456],[139.97115985714174,35.6805817752288],[139.96744880741664,35.678969802514416],[139.9627460446943,35.680734071819984],[139.95852814515786,35.673111332721874]]]]},"properties":{"N03_001":"千葉県","prefectureCode":"12"}},{"type":"Feature","geometry":{"type":"MultiPolygon","coordinates":[[[[139.78959242515032,35.65625936048116],[139.7924186382096,35.65293419815475],[139.7761291442447,35.64241146831466],[139.7801612843159,35.63935438759495],[139.79469761380392,35.64721650553736],[139.79443841839839,35.644898171113766],[139.7788610894678,35.63708577488865],[139.78729878161357,35.62726922509472],[139.79202050654123,35.629870225430636],[139.7985701305072,35.62181515344662],[139.8021927247146,35.62622386483952],[139.8003343323636,35.63106469418034],[139.80136946822643,35.63635896439473],[139.80699046753614,35.63690074837092],[139.80812413761896,35.64046205468014],[139.82041525386092,35.641631081609205],[139.82167289278982,35.64294108086625],[139.83448036377786,35.64406761302996],[139.83367533115165,35.63462508138247],[139.8212470044458,35.63343997367588],[139.8216660057816,35.63197725244828],[139.84025416329905,35.63389222564575],[139.8409838181546,35.6430569069122],[139.84944116697636,35.64276150513939],[139.85798810606627,35.6391690544084],[139.86177319157957,35.638489505086625],[139.87413180373983,35.640012559132344],[139.88349438475814,35.645118639913335],[139.88738922263462,35.656165586372765],[139.8872332568094,35.66879086550608],[139.8860707787435,35.671136414314105],[139.88562330756963,35.67486169401201],[139.88794500635697,35.67999336050525],[139.89355836592586,35.68200280208771],[139.90378863803528,35.6831158381255],[139.90864586291627,35.68550555893444],[139.9138525292709,35.690929720929944],[139.918735032296,35.69770944093801],[139.91621092129708,35.70800138675463],[139.90812345033703,35.71386225234113],[139.90398236099725,35.719589748468195],[139.8986543320318,35.72345113516184],[139.89720797756615,35.726750306181714],[139.89793856071606,35.731871694323274],[139.90088581173086,35.73745753193958],[139.8994505584966,35.74438558612593],[139.8904439174529,35.75027586493928],[139.88998228375544,35.75076502688455],[139.88320841833388,35.75862336047976],[139.88266649856007,35.76200558568928],[139.87946153062524,35.76752446787992],[139.88284741967277,35.77353474773048],[139.8934174448592,35.77831555901588],[139.89377805411402,35.78274638743591],[139.88723972833088,35.784019170948056],[139.87724939017437,35.78116610867878],[139.87454243868262,35.78177586516409],[139.8713410896197,35.78557669420911],[139.87155469569268,35.78797889221215],[139.87660503199675,35.793827505435104],[139.87474810644005,35.79654027891081],[139.87077061007562,35.79731666723046],[139.8638486128233,35.79482777548151],[139.85879917044542,35.79443891942066],[139.85648525349177,35.790959468504695],[139.8526480297828,35.79215697336571],[139.84674775680355,35.79650641403981],[139.84338666746078,35.79979808111659],[139.8380077566527,35.80080644146415],[139.83276549962818,35.795679505404905],[139.82605016927994,35.793360360692134],[139.82048630479915,35.79753925213481],[139.82075192046477,35.80553533308921],[139.82492697809766,35.81190450538867],[139.82105561612389,35.81507700060314],[139.8196536449998,35.811779775716104],[139.81329775658628,35.8083208922954],[139.80230383955063,35.808553135019224],[139.79884102519327,35.80619397317338],[139.7924310254715,35.805290918940784],[139.77923433239857,35.808248721701204],[139.77175522762172,35.8168748380034],[139.76761494227583,35.81768400031643],[139.7612743324446,35.812888171252155],[139.75077319172942,35.81017069432215],[139.7506556683245,35.80666874866387],[139.75529871606295,35.80318402772076],[139.76076924800248,35.797410414359206],[139.75996978038108,35.79433764046979],[139.75559613535347,35.790029027217884],[139.7550008300243,35.786895694780526],[139.74885581104695,35.78599958601211],[139.74261827521332,35.78169625267998],[139.73804907980127,35.780220694529476],[139.7385369134479,35.787403747884696],[139.73387163446841,35.79004708110796],[139.72446216639594,35.78727430666396],[139.72224108915498,35.790726532403596],[139.71742552536773,35.79191653242208],[139.70919552535327,35.7920173329336],[139.7052580290349,35.79340789256025],[139.697671920223,35.79844455916913],[139.69685968942315,35.798904000319396],[139.6878324772871,35.80084091967274],[139.67838189400925,35.7988225864932],[139.66976630427155,35.80024146846904],[139.653362309523,35.80022591919089],[139.64630169976374,35.7978692520644],[139.64056834005692,35.7976920271654],[139.63941022010567,35.79284872109167],[139.6342310253416,35.79033538756812],[139.6316923615134,35.7863359459472],[139.6278748122728,35.78465764013805],[139.62471391741337,35.77982569430043],[139.6229921140948,35.766871864944676],[139.61772905305338,35.76664797332535],[139.61723297082506,35.77034822489071],[139.6031665245156,35.77085964055999],[139.60438380007236,35.77501738714278],[139.59693849541532,35.776412107932515],[139.59720075211305,35.77836600019083],[139.59414352840122,35.778703504962834],[139.58876099951829,35.77852850473742],[139.58398486480974,35.77483183811887],[139.58224258123016,35.771207135001305],[139.57816508472766,35.770851305718104],[139.574590894754,35.76622797284273],[139.56999613532395,35.76536797330391],[139.56278583779624,35.76159522503963],[139.5577844237123,35.75958300005544],[139.54715824935374,35.75338410809019],[139.54458435818162,35.75476077498985],[139.5469796628812,35.76030272119368],[139.54783752258368,35.77398046792433],[139.5303018939484,35.76834910848328],[139.52137827458773,35.76756994569649],[139.51637491616953,35.76557327898371],[139.52304914449857,35.771936306158835],[139.53223444876085,35.77341519815292],[139.54297894883197,35.77980741406552],[139.54379289182862,35.78819433290221],[139.53757900097014,35.7907587748976],[139.54408655015425,35.79649569412106],[139.54719936365973,35.802658197717676],[139.54429189415566,35.80663625166176],[139.54169522752602,35.80730680226478],[139.53685992284727,35.80394346831645],[139.5292637227427,35.79412877562254],[139.52028282749052,35.788369613466955],[139.51403975453115,35.78850072113141],[139.5119050068107,35.785081306257325],[139.50670302232663,35.78277019788635],[139.49938053268545,35.78217269461419],[139.49677910517164,35.77870022513531],[139.49349411286312,35.78170019800581],[139.48957936399654,35.77914717110514],[139.48498491652072,35.78080161340381],[139.47949933982272,35.77993744135989],[139.47115511061997,35.77340383791682],[139.46984649811748,35.774206613244644],[139.4612528662269,35.77338161297109],[139.45856116746393,35.76967663996504],[139.4513491964084,35.76932746828811],[139.44496834011682,35.766659972979426],[139.44077194606848,35.76700219829286],[139.43826972816544,35.767955532721714],[139.43155358033357,35.76634386577683],[139.4222124382535,35.76780302748779],[139.41956075212704,35.76590497323599],[139.40950907908075,35.768689414584856],[139.40488491620602,35.769159694364475],[139.4002815564487,35.76775136053692],[139.39845041535443,35.764404973310945],[139.39168455299978,35.76335413528517],[139.38960150550508,35.767135802475366],[139.38484425465867,35.7652177482006],[139.3802231395863,35.766374973326435],[139.37902566800028,35.77119691960223],[139.3814793000297,35.774270802355716],[139.38013739372582,35.778746640045426],[139.36991070001886,35.78154164033447],[139.36749486469637,35.78437827923426],[139.3687144236318,35.79028880268612],[139.3598422186435,35.79162158626724],[139.35665474701898,35.79347713496185],[139.3502647212399,35.793405748576504],[139.34670783419926,35.7964051980415],[139.34268111524136,35.79403186557818],[139.33849946827593,35.79459408125189],[139.33278330720395,35.791890198473936],[139.33036583781325,35.7936168653261],[139.32572944235994,35.795211865135514],[139.32224586355585,35.79960797342926],[139.31675208863805,35.81268877536672],[139.31502486420618,35.814269054173565],[139.31610600690752,35.81876600108639],[139.31615907927812,35.823667667428936],[139.3114724126218,35.825278774995525],[139.30677739306225,35.82302933313724],[139.30259182954933,35.82405017157822],[139.30118547333097,35.829771000131586],[139.3011685606806,35.83495989228527],[139.2963141120067,35.83513961370227],[139.29091050671457,35.83795710783431],[139.2828843848066,35.8371685049226],[139.28184577216473,35.83951961333952],[139.2718918940957,35.8396882254313],[139.26050435818968,35.83600127933562],[139.2522554733115,35.8382490538508],[139.24252795100415,35.83678710873812],[139.2409610253311,35.840154892634246],[139.23721352878135,35.840210721647566],[139.2325348903729,35.836636000151316],[139.21933267276472,35.84252099994427],[139.21264936457658,35.846611279387105],[139.20746766520062,35.8464198919645],[139.20313791248475,35.841199054093124],[139.19244150557108,35.84027153200566],[139.18362817110324,35.84357458629819],[139.17435761321337,35.8483120808379],[139.16353066161082,35.85086817082947],[139.1594006618111,35.85706510856795],[139.14754316538483,35.862710640483726],[139.13891175117647,35.86401117167827],[139.13536063598463,35.86538700040978],[139.12919671955308,35.86556086544164],[139.11601306125385,35.86445500059784],[139.11173416340102,35.864680278971775],[139.1002819203744,35.86718874806235],[139.09909136277622,35.86867441459259],[139.09165671958203,35.869033946459524],[139.08253938998098,35.87487299988908],[139.0777618558251,35.875340198591346],[139.0725529447626,35.87172380251155],[139.06144680942282,35.873706559410266],[139.05781985710075,35.87749738709476],[139.04984208814187,35.87883291900408],[139.04832652454957,35.8812087479854],[139.03761072645398,35.889094027067756],[139.029329585592,35.89290846825128],[139.02356044169494,35.89735844141622],[139.0183993000877,35.89842400046729],[139.0105478867756,35.89709983868664],[139.00680511076735,35.893637892175036],[139.00665703019786,35.88962455962576],[139.0007628024614,35.884000414487616],[138.99588085611663,35.88444708166753],[138.9887513879662,35.88114680268285],[138.9852588851894,35.88118486558915],[138.97892778209155,35.88501069398836],[138.97248747161962,35.881979892358174],[138.96802189429502,35.88221350564879],[138.96520408629965,35.87778572143395],[138.96008325663706,35.87678210860747],[138.95439461751766,35.87417853261326],[138.94926216681563,35.86901905458575],[138.94514372240496,35.86792853217605],[138.9465359403814,35.86435825243143],[138.94286758866838,35.86016213537431],[138.94393341119803,35.854818802645696],[138.9485475880009,35.84954435978443],[138.947338949533,35.843297135554394],[138.95326199784301,35.83651738766736],[138.96219533154942,35.82960764008055],[138.9692967192683,35.831382918886675],[138.9704792225382,35.827357081264324],[138.96977002616586,35.81585264068684],[138.97205946799062,35.81369735994576],[138.97032167300688,35.80458430632075],[138.97179610970272,35.79899819800846],[138.97710525290518,35.79275177507441],[138.97687581156947,35.78902899998843],[138.9850452530361,35.7852676134097],[138.98642522761477,35.7822528917007],[138.98377299652668,35.76947541395924],[138.98936214005084,35.7634895857758],[138.99243155677095,35.75551763992718],[138.99882819706374,35.75113819786958],[139.00515542228493,35.75045153221248],[139.00568985700136,35.74813291899909],[139.01187678348685,35.7389876672471],[139.01229092128904,35.73866905453332],[139.0137948125806,35.73498933359093],[139.02089949451613,35.72728074790825],[139.02252836639104,35.72199133313359],[139.02897752349395,35.71676800054286],[139.03477778196918,35.71495883798002],[139.0387150066923,35.71128691955573],[139.04667277652743,35.709484134984905],[139.05202221835077,35.704904440887276],[139.06311778216002,35.70046277473733],[139.06486053248761,35.69815474834303],[139.0706066670641,35.69762613493822],[139.07210941621668,35.69540836000783],[139.08166027210393,35.69551669414017],[139.08812749748608,35.69162838714038],[139.09224500660184,35.69057061354306],[139.09710752309377,35.69226589225718],[139.10562474768403,35.69101591914938],[139.11261503225796,35.6849636940193],[139.11633586300968,35.68388510831113],[139.11934725007563,35.68051317134581],[139.1268511410674,35.67686291938827],[139.13134138859425,35.671994586081325],[139.1367314132242,35.672412081052755],[139.14716031139926,35.6668171081231],[139.15359780789254,35.666021559747264],[139.16160367077703,35.66790658629515],[139.16716894898786,35.661831585958964],[139.16933749682812,35.65147522530145],[139.17524613440162,35.649731613423285],[139.17916280152212,35.64556774875268],[139.18405642016774,35.64508858636924],[139.19153394303714,35.64739802739712],[139.19255894893638,35.65037386516178],[139.1980300780258,35.65294858640817],[139.20526538289118,35.65157805468351],[139.21146121896015,35.64911666690068],[139.21573483779264,35.645559721404084],[139.21446341135743,35.641396667022605],[139.21545924864552,35.636943360048065],[139.22143396840295,35.62946641454346],[139.22023228349315,35.6255716944782],[139.22544980466478,35.62375310791964],[139.22887450035796,35.62022589221118],[139.22988144067597,35.61456755934546],[139.23797977994298,35.60935008134123],[139.2386375620739,35.60697674797859],[139.24687000099948,35.60522053147396],[139.25222367118485,35.60166733340045],[139.25770533136185,35.60423066714225],[139.2647750578244,35.602458694317086],[139.26584199641104,35.60735146849555],[139.26879949431427,35.609354532116015],[139.27987949354383,35.61148089272905],[139.2828737089834,35.613266440889554],[139.2926051226284,35.61180827922874],[139.2968447335976,35.6094427483842],[139.2991999222387,35.6062286496325],[139.30477195809692,35.60468808133172],[139.31403478617653,35.604352568516276],[139.32056363130664,35.606515973133696],[139.3294851092504,35.60368164908891],[139.33789106342192,35.60434692796838],[139.3567272890332,35.59900931492797],[139.36135975358948,35.59905049452752],[139.3727821660642,35.59497777560392],[139.37704542200868,35.591713523460385],[139.38532958549206,35.58819265786491],[139.38861814451184,35.588533080937],[139.39108452712924,35.58525950552183],[139.39914758779105,35.58465033354611],[139.40124348929567,35.577533676238204],[139.40324756282484,35.57556525183497],[139.40897686029393,35.575329999979544],[139.41342705598692,35.56624713479113],[139.4181936711011,35.561765802549814],[139.4224411925071,35.55943541451285],[139.42391167308529,35.55589264053299],[139.42871897570024,35.550377306167775],[139.43600693907737,35.546829558672854],[139.44069500547016,35.54296930628851],[139.44509747107145,35.541130721505624],[139.44865050631586,35.535247639966656],[139.4582498563459,35.52804994654787],[139.45482308771534,35.522741360025805],[139.45576625171122,35.52046769402892],[139.46328486370555,35.51783827961299],[139.46484814532573,35.51090161351868],[139.4682678335937,35.50620553275917],[139.4677225287718,35.50237330658291],[139.47638308730973,35.5013536129789],[139.48486422882937,35.50404750473479],[139.48113089527465,35.50531138721078],[139.47698678331346,35.511214135124305],[139.4832832175465,35.51915302729043],[139.4864709994372,35.520301081130015],[139.48779771709098,35.52788246850116],[139.4857730221073,35.53135244146205],[139.48681635522033,35.53552550541464],[139.48163722437846,35.53994577567704],[139.48033252932282,35.543146333336665],[139.48239338514668,35.54741633329718],[139.48199036386427,35.555629387386375],[139.47972761383835,35.55938855893493],[139.47040983164845,35.56040519844123],[139.46829177714392,35.56329602689016],[139.46992625274697,35.56989325203626],[139.47325182960833,35.573851027103274],[139.47324046757353,35.57667353225776],[139.47600632982835,35.58073161327337],[139.48220299597153,35.58172050509728],[139.48498302254848,35.58460883792759],[139.48986941604073,35.583578559303135],[139.4862974455707,35.57853522512062],[139.48286795109516,35.57138383869324],[139.48641350128207,35.56894605451686],[139.49103097320096,35.56142577517943],[139.49626710854034,35.564640225565995],[139.50060185519158,35.5704427215544],[139.50657494267955,35.57171577486315],[139.50701330695907,35.57582189227267],[139.5054574451051,35.57478689220136],[139.49921635515068,35.580969946206096],[139.49392664180118,35.5827816133808],[139.4944594424494,35.58630717163874],[139.48188586344511,35.59536827918203],[139.47929447515992,35.595743559118034],[139.4768836454639,35.59954466695285],[139.4711922445265,35.6010602251493],[139.47027505834728,35.603486054637756],[139.4637981067973,35.609161054639],[139.45737725045979,35.60721217160449],[139.4528719716642,35.607447999925284],[139.44928058437554,35.61177605353112],[139.45241422753463,35.61578300028526],[139.46415819749768,35.62451441412777],[139.46786208826484,35.62052164056132],[139.47623652389655,35.61888744110257],[139.476711776927,35.615327999987244],[139.48126844478293,35.61005661302232],[139.48655121896365,35.60843410834747],[139.48906897445363,35.60466689236324],[139.49403927379353,35.60578410844988],[139.49757483790847,35.60486880275312],[139.50002347600264,35.60728046791934],[139.49578099889402,35.612358532120595],[139.4948813099246,35.6173907479847],[139.50341910470797,35.62286158659299],[139.51458027239758,35.62472738674304],[139.517455862598,35.63066069443556],[139.5232597804146,35.63217013544346],[139.5211831387909,35.63677041412336],[139.52538875538687,35.64264761319686],[139.53088763935318,35.64195844112919],[139.53595097355867,35.63948233324311],[139.54772094706414,35.636693468129124],[139.54942817147298,35.634374586018396],[139.55856396865227,35.63374597339799],[139.5619706356957,35.63259069474666],[139.5711175232551,35.62441074795771],[139.57734557663707,35.62182130570875],[139.58638639371713,35.620455224728914],[139.5902355514296,35.618430775260094],[139.5966230609991,35.61849883854404],[139.60006805429737,35.61839855884648],[139.60473722464326,35.6158246676743],[139.61219167270758,35.61585302689571],[139.61794055831024,35.6138774681707],[139.62487472159114,35.609761919576954],[139.63116641999432,35.60723802711334],[139.64324391667344,35.59815636012797],[139.6551386387373,35.590146360366305],[139.66332978014393,35.589866081244665],[139.669309222043,35.58471883850365],[139.67125894954097,35.578521639961764],[139.6764066932144,35.56603830622288],[139.68114250332394,35.561437468164684],[139.6896177565543,35.55728689187663],[139.69778358004828,35.55612908129211],[139.70307581060024,35.55332213530835],[139.70353355383054,35.54941102689742],[139.6984460314593,35.54540161359364],[139.6979426728161,35.541451613101515],[139.70347180278156,35.53659130624385],[139.7107515305588,35.5365435324581],[139.71730238749524,35.53800405394401],[139.72611189444842,35.5434704139285],[139.7346380034412,35.54098346831245],[139.73940664150336,35.545124559450926],[139.74677719810927,35.54382844122961],[139.75648691319856,35.54455313558262],[139.76781592331227,35.53945383491903],[139.77649638150285,35.53447000069002],[139.7820741126303,35.53869369455839],[139.78441691311014,35.53538033313589],[139.7949075884145,35.53213574826623],[139.80916625222085,35.53907017145133],[139.8012550843547,35.5483044416967],[139.7854365239765,35.57056055882276],[139.77099666746233,35.568973721260306],[139.76373325608495,35.56046253202027],[139.7585917770889,35.56436780203251],[139.75296447533037,35.56338230604865],[139.7502376652361,35.56737805415395],[139.75635525309247,35.569070640297866],[139.74784455308372,35.58869072129983],[139.74654131043314,35.590169062852],[139.74771572070404,35.60271850485515],[139.75040387883598,35.60740799987934],[139.7518310255814,35.62475046865927],[139.750252970798,35.624823523287034],[139.75198985754594,35.626342837951654],[139.75262586349288,35.63442333287054],[139.7555330227309,35.639047135117266],[139.76042577263138,35.63677833355331],[139.7603540211212,35.644978135232805],[139.76134413782177,35.65235902684765],[139.7645739045621,35.65616703607992],[139.76731097322295,35.65105472119848],[139.77278775634989,35.6460388019492],[139.78852608371187,35.656176027501715],[139.78959242515032,35.65625936048116]]],[[[139.75350734119093,35.624048559493474],[139.75313241203128,35.61899108167313],[139.7597495597944,35.619353027320415],[139.75941297053225,35.62800006365205],[139.75919975476495,35.63359583787769],[139.75525591462883,35.63361046804869],[139.75400544779325,35.63091905437091],[139.75350734119093,35.624048559493474]]],[[[139.76873246413197,35.62643567586582],[139.76765686147507,35.622077134951894],[139.770626148578,35.61873586486831],[139.77344089528117,35.620266467823285],[139.77316786020867,35.61850458621774],[139.7867298318164,35.60184044997686],[139.79262811909246,35.609578910238554],[139.78099193323123,35.62388285670852],[139.7849473674271,35.626349441673426],[139.7823763423944,35.62950860443857],[139.7771665895665,35.6314191080055],[139.76873246413197,35.62643567586582]]],[[[139.80694883342198,35.59774385639389],[139.80561418914363,35.59615904500396],[139.80442583758236,35.59763961327758],[139.79447687430832,35.592182251909435],[139.80583247708716,35.58544774801521],[139.81342616178802,35.57872846784454],[139.83219442293432,35.588935972717024],[139.82146479956089,35.60561853246935],[139.82032177742815,35.60739517105037],[139.80559618741415,35.59940543211508],[139.80694883342198,35.59774385639389]]],[[[139.8172709469967,35.60973433287319],[139.81059313906223,35.613184387649426],[139.79894792580615,35.606873558867676],[139.79114053250964,35.59713417090529],[139.79214618769652,35.594252973296136],[139.81870443666048,35.60866667662589],[139.8172709469967,35.60973433287319]]],[[[139.79762758884226,35.61737969441742],[139.7898781451603,35.62762264067237],[139.78528814573144,35.62513336041633],[139.79437802982227,35.613942107842036],[139.79762758884226,35.61737969441742]]],[[[139.84011577202534,35.63116013563183],[139.8370119976057,35.6317727753933],[139.82585131028975,35.63069908109776],[139.82741705605235,35.61979777534708],[139.83062998748403,35.61848560422732],[139.8355243327818,35.61249013531153],[139.83868391732904,35.61420733320193],[139.84011577202534,35.63116013563183]]],[[[139.82480875502006,35.639673775524386],[139.82043736729076,35.63908730603441],[139.82115836636558,35.63406094655551],[139.82554944205322,35.63448394627716],[139.82512396919594,35.63746405402293],[139.83276849526987,35.63820544162786],[139.83295380057746,35.640359387176034],[139.82480875502006,35.639673775524386]]],[[[139.74947498168513,35.58886186498313],[139.75407408674982,35.57834010820949],[139.7559181061357,35.577066748231914],[139.78300533183062,35.57709925242858],[139.78753457845812,35.58001846797799],[139.77853352849957,35.586484279625836],[139.77314888541275,35.59575684750058],[139.76347875514045,35.60871722571943],[139.76194630407872,35.614649332900456],[139.75798944265875,35.61767917135671],[139.75301861271885,35.61764781109764],[139.75174622670704,35.60466583835779],[139.7490758112997,35.60071191951954],[139.74947498168513,35.58886186498313]]],[[[139.81666666733292,35.53325913550077],[139.8260277824562,35.54157017162618],[139.82308749759,35.54384372161053],[139.81980192072217,35.54238325228533],[139.80708869059072,35.531106748477725],[139.81096442326964,35.52819808107665],[139.81666666733292,35.53325913550077]]],[[[139.76422891113543,35.57500000005001],[139.75760844397462,35.57446038703728],[139.75847966310607,35.56844191885949],[139.7656105584806,35.564896333598995],[139.7734699748595,35.57488433284573],[139.76422891113543,35.57500000005001]]],[[[139.36109136257642,34.799072946259514],[139.35878172549633,34.79321353217881],[139.35370089498042,34.78925633351304],[139.35232557706377,34.78425094622423],[139.35039527941865,34.78387630664628],[139.34933620000572,34.77500319783934],[139.35197461753467,34.76951902768104],[139.3489148127685,34.76604425234041],[139.34909866477165,34.759030252644095],[139.35313338499782,34.75033441460158],[139.35322552503806,34.74617046809266],[139.35623097298105,34.74326080244413],[139.35683594062618,34.73505744124799],[139.35310255533875,34.73086249510811],[139.3525039692828,34.719165225494805],[139.35351605732023,34.71724269439488],[139.3610460574297,34.71030158654901],[139.35919221834627,34.702000081438655],[139.3725734118335,34.699620748698635],[139.37660844412449,34.69585077539301],[139.38066795146483,34.695854667658864],[139.38469483859603,34.6920120003536],[139.39099552572304,34.687779892428125],[139.3940900002534,34.686986586062176],[139.39572516198666,34.68393138762349],[139.3994212451944,34.68409497340434],[139.40198902727184,34.6819432518796],[139.40647197140447,34.68117733346719],[139.41609661576626,34.68110744085578],[139.4252652795691,34.68266816210604],[139.4312058880414,34.67853130587514],[139.43868489029546,34.67866880232344],[139.44077953364865,34.68199358603522],[139.44474019560357,34.68453510790897],[139.44429878136373,34.68858446819871],[139.44954108964964,34.6982755589699],[139.44370406059397,34.70297953217971],[139.44489717316605,34.710687721261365],[139.44869185534492,34.713129694479846],[139.44878289281633,34.71959794598848],[139.44482063636337,34.725205360139284],[139.44388180350245,34.731985748343675],[139.4480775887098,34.73828205397365],[139.4481315300461,34.74442236050356],[139.44337428009896,34.747696640087895],[139.44051569414398,34.753573559472215],[139.44099258124265,34.75583533283441],[139.43679311331164,34.76763122570054],[139.43320099982634,34.77236497366465],[139.42469830108575,34.778673613496494],[139.42334771722346,34.780863775642786],[139.41794230968992,34.7819485324988],[139.4119816346448,34.78682758662387],[139.40797258106977,34.78619349533358],[139.39800666737392,34.78787608101635],[139.39161652468295,34.78973043271333],[139.38422036347902,34.78999805386712],[139.38049978004085,34.794333892295356],[139.37583944283608,34.79494300041921],[139.3723020234197,34.79843627931092],[139.3667893006857,34.796420721439176],[139.36109136257642,34.799072946259514]]],[[[153.9839205066262,24.297550441100043],[153.97776348979323,24.290803279247996],[153.97244426698944,24.28656573941737],[153.97150939024618,24.284308694690537],[153.97756444914012,24.28324019847645],[153.9844279904595,24.280863604172055],[153.98655361905435,24.283960171424837],[153.9839205066262,24.297550441100043]]],[[[142.1259994168397,26.71429341430968],[142.1226001171018,26.71061189202527],[142.12327849550627,26.7057544414144],[142.1287038652912,26.698995748455104],[142.13080572030776,26.689075495138013],[142.13648411255178,26.684285053912163],[142.1364521920151,26.681528081455838],[142.14322155632988,26.67677369405078],[142.14501771739378,26.674463775482877],[142.1428681452487,26.666338306367777],[142.14777247751783,26.667589667129505],[142.1492403374716,26.662061333064116],[142.1452136068226,26.65824097344222],[142.14702005253343,26.65683408122794],[142.14639929998782,26.65286189266226],[142.14891294467668,26.650923305965875],[142.1516946691737,26.645597197952384],[142.15401216632847,26.637275027320698],[142.15643422855692,26.635679162363488],[142.16070841845885,26.639918919022932],[142.16183433278832,26.63032627883473],[142.1695434112994,26.632271667103794],[142.17324489043938,26.62568630587839],[142.17614572024888,26.623859414080755],[142.17786155656563,26.61549480264307],[142.17362763920426,26.609934135252217],[142.17882282751157,26.607977559416895],[142.1816180031684,26.610079945932796],[142.18091941609828,26.614179802256103],[142.18185941627905,26.622669414062273],[142.18024538321788,26.624284467853954],[142.18044505879254,26.631081054646984],[142.17721856018852,26.634116586711173],[142.17272577207677,26.63612713535906],[142.17325050670559,26.63919410862127],[142.17122980561112,26.64343369440951],[142.1745703634316,26.64796064057117],[142.17434014328308,26.654371134919984],[142.18027627852746,26.653115666954534],[142.1884266156958,26.655438225493754],[142.18827671939516,26.658689414085245],[142.18198089580176,26.659389225132657],[142.17921119344192,26.655460613216803],[142.1726639697664,26.656197946677935],[142.167571414789,26.657925162116612],[142.16353581142857,26.66256982953405],[142.16164416304775,26.672881829332994],[142.1655700527158,26.68003505397462],[142.1670345537018,26.680953224911434],[142.16491330750318,26.68684697330923],[142.15932070068982,26.68686544088746],[142.15374447502757,26.68403761354506],[142.14974547317513,26.683683441637584],[142.14715185537386,26.687357495052424],[142.1457999746891,26.693383468072625],[142.15092666703208,26.69424122525237],[142.1512541893294,26.69723100071019],[142.159815447425,26.701170775011292],[142.16322038950943,26.70013827955802],[142.1650186387992,26.70257400068965],[142.15868869043084,26.703639441007454],[142.1548545783761,26.70864105384163],[142.15293338546746,26.70638849493315],[142.14237902737023,26.708363666949708],[142.14132408663738,26.701372441684896],[142.13625703013793,26.700428108570406],[142.1310549422319,26.70392282907534],[142.13149313959673,26.70622944083607],[142.1275346432093,26.709770441352816],[142.1259994168397,26.71429341430968]]],[[[141.46214138881408,24.24506889241553],[141.45859693939735,24.244792224981268],[141.4550374973827,24.241873612876986],[141.45361000080095,24.236406667433812],[141.45328389133863,24.229202495298978],[141.45565306173944,24.225262225471397],[141.45924944250783,24.224754162474653],[141.4688086126274,24.227181946189887],[141.47200805422835,24.233132225072154],[141.4729191699838,24.239568333012187],[141.4709650061302,24.241851387031943],[141.46214138881408,24.24506889241553]]],[[[141.32347778237386,24.812615829057336],[141.32152416350937,24.808420279472386],[141.31377444913164,24.805339441362207],[141.30888871664104,24.80070664049913],[141.30533116769925,24.798638495670104],[141.29656919621152,24.795586252403666],[141.28739330725534,24.79000097326633],[141.29142703013338,24.78556572108124],[141.29331189402876,24.781496694416944],[141.29352603160112,24.770851946360267],[141.29055780839622,24.760686775274507],[141.28592027260254,24.754677775159223],[141.28521508450865,24.750654559060706],[141.2881743585599,24.74612372153257],[141.29472972829444,24.752551613266405],[141.30405980511603,24.757281558896864],[141.319162581588,24.76607338697727],[141.32506902751368,24.77041753244322],[141.33627610905523,24.77073944117234],[141.3430080543783,24.77477972100735],[141.34620778286296,24.778758891909376],[141.34633294421008,24.78196702725654],[141.3435555517474,24.793559000647406],[141.34098749717532,24.799592775286385],[141.33581583783075,24.806165829289625],[141.32993416373074,24.810674162182863],[141.32347778237386,24.812615829057336]]],[[[141.2841094166164,25.44877121631862],[141.28013496805443,25.447968721579286],[141.2737169131051,25.441669829499062],[141.27280968961554,25.439423440839164],[141.27222581107242,25.429387883643983],[141.2761441374421,25.419432054046126],[141.28177608329963,25.41892372125278],[141.29047552582495,25.422378721400946],[141.29328080446567,25.425717613676966],[141.29227608367444,25.43314177527276],[141.2931780290429,25.436470387398515],[141.2906352535142,25.440518721561773],[141.2881477431239,25.44733316259544],[141.2841094166164,25.44877121631862]]],[[[142.21255944256427,26.564463613105318],[142.205881115721,26.561696667167496],[142.20156583759342,26.556655279117876],[142.20156610918866,26.553498333181608],[142.21528749732022,26.55681361285798],[142.21789972838985,26.561681107996776],[142.21255944256427,26.564463613105318]]],[[[142.1549947215292,26.56454305471823],[142.15216888528585,26.563506387309985],[142.15482917072973,26.549304441047184],[142.15129167307236,26.5466144411036],[142.15598306116942,26.543363054661313],[142.161113606208,26.549078054708502],[142.15901360649286,26.555853332965],[142.16130583719473,26.55936638704918],[142.15677360661675,26.561950279581765],[142.1549947215292,26.56454305471823]]],[[[142.23067277602786,26.575648613592705],[142.22653610955388,26.57096333369094],[142.2258286120009,26.566426387068134],[142.228645279656,26.563807775308646],[142.2316241634245,26.566569162536894],[142.24017138849888,26.56898305442445],[142.23496666737788,26.571037775073307],[142.23067277602786,26.575648613592705]]],[[[142.1614391706812,26.588464721669595],[142.15464500666178,26.58775944094549],[142.1479169392154,26.583031387488575],[142.1505769395742,26.5817674955735],[142.15476555178884,26.584390279288016],[142.15816527960408,26.583367775302634],[142.1614391706812,26.588464721669595]]],[[[142.13105722471118,26.61062472105408],[142.12748000040176,26.61042333317033],[142.12266778209255,26.604291667326663],[142.1263347209707,26.602357495402146],[142.1274119460046,26.599288054400233],[142.12525861199538,26.595594441630226],[142.12892917064482,26.595007225702943],[142.1329180542249,26.59639416196103],[142.13593027226432,26.601396387233535],[142.13381666760517,26.60839610839372],[142.13105722471118,26.61062472105408]]],[[[142.17401027285587,27.044093892219394],[142.17400861270733,27.036650279187086],[142.17772000057766,27.036808333238014],[142.17401027285587,27.044093892219394]]],[[[142.24130749754306,27.095826945956844],[142.24573888534132,27.090312224929278],[142.24855610967677,27.09305222537995],[142.24626416316062,27.094920000357774],[142.24130749754306,27.095826945956844]]],[[[142.1932890791278,27.10582825247195],[142.19095282751107,27.104487252684635],[142.1871160570604,27.10552008088706],[142.1829796370007,27.10313200044152],[142.18169097325983,27.100407081621597],[142.18257403466407,27.09313777518821],[142.19040635536908,27.089266441093457],[142.19218097317344,27.093001586354205],[142.1981504417895,27.096051586711383],[142.20374608381474,27.093649332950406],[142.20196542256622,27.08743786486565],[142.2063880033038,27.08622882889739],[142.20720535754128,27.082481054457162],[142.20580428034327,27.074863225657396],[142.20202058428265,27.072928694004077],[142.19876111563303,27.075162440893962],[142.19221622659768,27.075421468126308],[142.1866588597187,27.072717613227326],[142.18378031151224,27.07526494652012],[142.18171403457507,27.07281986524464],[142.18444608322022,27.070531864953637],[142.187179144502,27.071640225416104],[142.1932828027592,27.067153747847215],[142.19485403438625,27.06285964065995],[142.1929023877351,27.059357532224396],[142.18820780884334,27.061531081194516],[142.1876491967531,27.056082333532913],[142.18951968948215,27.055513918832332],[142.18894396958854,27.048599829318732],[142.18511910526252,27.045741666944423],[142.19459133612133,27.041960721010526],[142.19833369664286,27.045526639942523],[142.2062846172414,27.044120081376718],[142.2081371343213,27.040355585841667],[142.21454102584778,27.039770108303912],[142.21736985773282,27.04160513536874],[142.2205341637208,27.040456387252505],[142.21955958550654,27.036267945909003],[142.2293891439939,27.035945667558565],[142.2284367835308,27.038890081212344],[142.2227401953038,27.0442296673653],[142.22630258169886,27.049822135683087],[142.2250594425393,27.05355602728889],[142.2296792742792,27.054547802339243],[142.23528610926655,27.049542495090122],[142.2372339958523,27.053916441390697],[142.23186133623176,27.056815829586924],[142.23014422827362,27.059492801951308],[142.2317753052862,27.06279219870106],[142.23077219248273,27.069040946382643],[142.23276888527585,27.07291382910995],[142.23285503223406,27.077508162371828],[142.22840978048703,27.081299225678777],[142.22590000018488,27.080677892171025],[142.22314953342425,27.085933558986596],[142.22476605760755,27.08983016223226],[142.21953705658996,27.09582113543712],[142.21767297063116,27.100132306360877],[142.21480335898787,27.100438613651136],[142.21143752302328,27.103454892129605],[142.2055179514923,27.10339508091829],[142.2044042544528,27.10545780193604],[142.1975825810713,27.104508134942535],[142.1932890791278,27.10582825247195]]],[[[142.16841778205503,27.12156916268674],[142.1651622182618,27.121363613639915],[142.163847497564,27.115166387219062],[142.17048861225976,27.11498110799181],[142.17177749723373,27.116358613059617],[142.16841778205503,27.12156916268674]]],[[[142.19166666708304,27.144172919045047],[142.18898527904742,27.136968612911232],[142.19311055830565,27.13351277549424],[142.18794944261276,27.12975999992409],[142.19080972828635,27.12477333292304],[142.19840083013423,27.123188053885656],[142.2019477823643,27.11993361334561],[142.20634083026516,27.11801749531122],[142.20572194651072,27.116040000345777],[142.2005847213079,27.111270828985596],[142.20674444959673,27.109143613087326],[142.21261805407994,27.109616946065273],[142.22003778201804,27.108878054078957],[142.2260383401973,27.11113777518824],[142.233884449308,27.109100279254562],[142.23534389160739,27.11416582938955],[142.22898111528627,27.11450110833954],[142.22606861227666,27.116940279270523],[142.2266169397201,27.12406277497712],[142.22255778221597,27.12629582938905],[142.21645693973608,27.13254110838551],[142.20502917085958,27.128862775097048],[142.20688416377322,27.134058613614172],[142.20219861227622,27.13312416225034],[142.1945758372052,27.137841667558973],[142.19402221815096,27.143642774994134],[142.19166666708304,27.144172919045047]]],[[[142.18921610983568,27.190032225306993],[142.18507666715448,27.1872347213054],[142.18757472119648,27.182096108448718],[142.18567583776974,27.179973891881673],[142.18755221836022,27.176693612919962],[142.18768722458583,27.17231194593961],[142.18557834046806,27.171438613401335],[142.18326666732287,27.16604861305308],[142.18444555172096,27.1568841625741],[142.18635111531182,27.154653054295068],[142.1811900005182,27.1508183333994],[142.18064111549518,27.146450000667073],[142.18726861265645,27.144722495646704],[142.18792111576693,27.150184440859334],[142.19239138845182,27.150618892547925],[142.1962572240917,27.15456555925323],[142.19774444914708,27.159866108534118],[142.20033111518887,27.162633612950913],[142.2021613884374,27.169135829155266],[142.19511610942095,27.173288053900592],[142.1952908306074,27.179121946120972],[142.1999202725026,27.181373892591125],[142.19580834008286,27.18461194658414],[142.18918333314434,27.187081108106725],[142.18921610983568,27.190032225306993]]],[[[140.8750460444395,27.25401232400958],[140.87114317831504,27.250821505108433],[140.87115731565768,27.246919955591522],[140.86929451483002,27.242961648961],[140.87459975407546,27.237724296838906],[140.88406338561686,27.237157215832895],[140.88667101215754,27.238924369264282],[140.89001630400924,27.245655396379505],[140.88602604446646,27.251266279215486],[140.88039507167525,27.253372414105684],[140.8750460444395,27.25401232400958]]],[[[142.2114083400229,27.502242225698183],[142.2098280540215,27.500103054212616],[142.20532027241268,27.500447495455603],[142.20543055807389,27.49638138709139],[142.21147083031462,27.49473861349628],[142.21199555145358,27.49006082944379],[142.21510277657194,27.48961222512412],[142.2114083400229,27.502242225698183]]],[[[142.17506666779252,27.63588666723598],[142.1712844493179,27.630986108522166],[142.1734480544842,27.6243561085476],[142.17565972841385,27.62305666733141],[142.17904610939047,27.624954162204858],[142.1854186127788,27.619457495067422],[142.1872441636873,27.622508892071778],[142.18309416386467,27.630383054634308],[142.17958693918592,27.63040694602381],[142.17820194636283,27.63367277557819],[142.17506666779252,27.63588666723598]]],[[[142.1312466677996,27.688738333707192],[142.12521277624865,27.686991108353027],[142.12720944206217,27.681737495589005],[142.13145167365587,27.679396387633233],[142.13542250334592,27.6800861082873],[142.13889555108892,27.678903613111288],[142.13781306142369,27.67445555907682],[142.13966306130135,27.67207500056088],[142.14567639435018,27.670588054295308],[142.1488138915479,27.673546387655733],[142.14812693900706,27.683622774971127],[142.14319389138507,27.686365829519445],[142.1362458371757,27.687362775671602],[142.13265888579906,27.68552972171932],[142.1312466677996,27.688738333707192]]],[[[139.5323773933021,34.12463334215505],[139.52747761340117,34.12520253207123],[139.51923143997908,34.12385474869774],[139.51752994874823,34.12201219790467],[139.5110100788521,34.120348306429264],[139.5065414798055,34.122683441087986],[139.49851038914323,34.12181333351856],[139.49279119375865,34.11962736041443],[139.48921230930068,34.11253513498855],[139.49395111505203,34.10554336023796],[139.49296321697898,34.10249646793767],[139.4883415560181,34.10072816247475],[139.48838822363768,34.095983694591894],[139.4832518941597,34.09193758625065],[139.48096038921062,34.08678782899517],[139.48168566815912,34.08316961358685],[139.47400736714633,34.07834744158123],[139.47455386536865,34.0739361356442],[139.48017503285155,34.070641918989395],[139.47761355412229,34.0601984410053],[139.48237824955663,34.05149027955281],[139.48470525344476,34.052551332977714],[139.48981131084338,34.05142938735639],[139.49337783411977,34.048298829327564],[139.49684680973257,34.04833136050394],[139.5011132816527,34.045780134945346],[139.51233036365545,34.048815198462705],[139.52172380041316,34.047177891846275],[139.52535496875691,34.04943844123113],[139.52862819703375,34.04676746824413],[139.533404475736,34.048883748386345],[139.53455333356953,34.053153305880414],[139.54040403411898,34.05622149502602],[139.55099092159378,34.058768613380835],[139.55520394320752,34.06336489187629],[139.56271963780114,34.06870116222893],[139.56389339876137,34.079442054107574],[139.56162500638902,34.082668414216016],[139.5616748648032,34.08701255968191],[139.56524500605224,34.09375753258411],[139.56532736776387,34.09795153263718],[139.5633556428487,34.105490108681636],[139.55895902733732,34.110892306534765],[139.55126180368939,34.11622200014523],[139.54764050630433,34.11676127950949],[139.54675958528674,34.11979580253433],[139.53933505856617,34.123814252226],[139.5323773933021,34.12463334215505]]],[[[139.6036233072699,33.901140252021094],[139.59086124574992,33.89778759562108],[139.58299805401703,33.88927194664308],[139.57826444904515,33.88284055924447],[139.57658917035394,33.87779416197105],[139.57725666786098,33.87496666737786],[139.57669888584496,33.866057225060956],[139.5794480539846,33.859572495274506],[139.5923833330245,33.854369999975575],[139.60131527907697,33.85458582917272],[139.62078083047106,33.85231416236877],[139.62370700407507,33.85511016270391],[139.63170722460882,33.868578333223525],[139.6299883404896,33.87394249515006],[139.625312477389,33.88376238682474],[139.61852500612417,33.892425279103406],[139.61657444945138,33.89277861284273],[139.60959944256024,33.89893361339557],[139.6036233072699,33.901140252021094]]],[[[139.27565162142525,34.53228621583622],[139.2718774977484,34.53089027916309],[139.26870000050474,34.52732333320529],[139.26738555140219,34.522956666916684],[139.26806306106153,34.51745972098939],[139.27221360677265,34.51268361315829],[139.27633277603684,34.51105082923243],[139.28088944209412,34.511811946164414],[139.29079444920455,34.520503054672304],[139.2931113887796,34.52461833346939],[139.29088389127867,34.528833333591535],[139.2849274970065,34.532330559607715],[139.27565162142525,34.53228621583622]]],[[[139.2128729702115,34.336931559044274],[139.2060878605664,34.33468089230939],[139.20880124558107,34.33120374815451],[139.20435861265992,34.326720748263995],[139.20072177768793,34.32657616245996],[139.19392338505622,34.32026669435254],[139.19784625210286,34.31610063983271],[139.20092433199238,34.31613325194809],[139.20283674481993,34.32098833284533],[139.20746875517898,34.32112453247123],[139.20808124565303,34.31749455932652],[139.21344686178327,34.316223252501175],[139.2165135283767,34.31710482912462],[139.21797147960012,34.32029474870376],[139.2266452275952,34.327721586681946],[139.22550605725883,34.33093008085859],[139.21694953319445,34.333577360307004],[139.2128729702115,34.336931559044274]]],[[[139.27929953334683,34.43138991930937],[139.28174233574032,34.42403291908403],[139.27955119333296,34.41802494599449],[139.27643347672358,34.415773000423656],[139.27248177741217,34.41668108096718],[139.26868819780213,34.415385892644906],[139.26611338572422,34.41008613566669],[139.2671233855359,34.408260413887035],[139.26077727635027,34.404550053941875],[139.25571999997806,34.400280360650186],[139.25519891120086,34.39619946833085],[139.25727442327604,34.39246161341276],[139.25559416324006,34.383833360321375],[139.25245861217525,34.376440693882955],[139.24585153052374,34.367872748428624],[139.2433368354267,34.36788122543828],[139.24204189441798,34.36386333332621],[139.2452401435179,34.358959973224216],[139.24572944216004,34.35433755953079],[139.2444882491335,34.34849177557504],[139.24916169935295,34.345073829293824],[139.2525595853566,34.339299054008166],[139.26090649813648,34.33414133325596],[139.2718513886307,34.330888721037695],[139.27318652483837,34.34075289263194],[139.27585936481785,34.34341908122565],[139.27627752348894,34.34781680200388],[139.27580847038462,34.369620972929624],[139.27654313915457,34.38186261296926],[139.277882192809,34.39035425184727],[139.28523586374422,34.40008464029398],[139.28984620044184,34.40257338725206],[139.289339689675,34.40609435986687],[139.29136243852577,34.40816816233087],[139.2866040860098,34.41151300002497],[139.28676486410723,34.41416797317345],[139.2915594161342,34.41844638719107],[139.29059972799507,34.42414755926251],[139.2885195592304,34.42686366742436],[139.27929953334683,34.43138991930937]]],[[[139.2865069394437,34.478353333139864],[139.29180527909045,34.47108861324898],[139.2946600006586,34.46977777492441],[139.29742639441258,34.472999162681276],[139.2865069394437,34.478353333139864]]],[[[140.30396083042808,30.495761667267175],[140.2983483405036,30.495095279523582],[140.2920672244229,30.492308053873614],[140.28647277669734,30.483314720997612],[140.29040527908046,30.478823054340523],[140.2982136067726,30.472913613672404],[140.30890333352204,30.47464277524392],[140.31384693918494,30.48193916206276],[140.31433360641086,30.48722777554144],[140.30706749706735,30.495093891869658],[140.30396083042808,30.495761667267175]]],[[[139.1433114144902,34.24373633346505],[139.13713542286155,34.241235468142406],[139.1375904150657,34.23774836039854],[139.13605447553368,34.23343053269298],[139.13688688712023,34.225972748143874],[139.13417500667128,34.22345646844133],[139.128429364024,34.221146865535445],[139.13276435798878,34.210725197909596],[139.1331176917281,34.20505689246164],[139.13164389175222,34.20123033291361],[139.12570749750307,34.200705613573234],[139.1217827895441,34.199018081619215],[139.12017190770746,34.19301700003456],[139.13038345053587,34.18473508125902],[139.13326472099016,34.18701819823133],[139.13941269873715,34.18615810821018],[139.14437192022797,34.1887583333305],[139.1463282757294,34.195509081678836],[139.15529228351215,34.19520427895435],[139.15648438434687,34.19748191905535],[139.15342418927503,34.20118546843469],[139.15727839218414,34.20505755885932],[139.16848658978438,34.20861555926069],[139.17038286607647,34.20487997333214],[139.17465635540657,34.20660163995376],[139.1732924777657,34.213753135199056],[139.17510131027734,34.216283721316756],[139.17174097366706,34.21975453244579],[139.1703480542194,34.23111682887861],[139.16769644633405,34.234145973058276],[139.158204527517,34.23776255889504],[139.15652861210583,34.23927425270466],[139.14875555132767,34.23969153183879],[139.1433114144902,34.24373633346505]]],[[[139.68585583757692,33.136620829487754],[139.6765174977844,33.1347558289184],[139.67540250302318,33.13075861311955],[139.680654163359,33.12581000003155],[139.6838255515081,33.11857416186814],[139.68883000080393,33.11616805451217],[139.693804721211,33.11761638748635],[139.69817138839892,33.116756945876375],[139.69998500620318,33.118377775114254],[139.69901500643743,33.124547494871024],[139.6952572243415,33.12924555953498],[139.6895333335965,33.131651666890946],[139.68585583757692,33.136620829487754]]],[[[139.76001391730847,33.15897735142369],[139.7491447605223,33.15699058624659],[139.7438345911935,33.153334387072334],[139.7413639826617,33.1473323423138],[139.73898837941022,33.14552012655264],[139.7383235411985,33.13848276606683],[139.73981348940106,33.13141666684572],[139.7445787163348,33.12265510814677],[139.7509766543492,33.11580960452966],[139.7518336587964,33.11011875757464],[139.7551333981878,33.10397483846805],[139.7575659662964,33.10261852322634],[139.76701229668026,33.10173361371534],[139.77883082997892,33.09585591911542],[139.78010900132938,33.08948919836786],[139.7802697803262,33.07563824311046],[139.78428477302396,33.069707559556264],[139.79300972841634,33.065932865709215],[139.79619713439035,33.06255830632085],[139.80208403445067,33.063850135675295],[139.8076144756276,33.05934044120846],[139.81228063684193,33.05963149509745],[139.820010337707,33.057906161939854],[139.8322184186452,33.04539755905017],[139.83691291839648,33.050631532419345],[139.83346730267397,33.05474367617978],[139.8343409994376,33.06257300933697],[139.83315105157988,33.06572241445792],[139.83741024618598,33.070123829651095],[139.84003046773194,33.076002802187645],[139.8454090278044,33.07562471191096],[139.8499487425405,33.07800897293578],[139.85480802956693,33.077451811451965],[139.85749894951698,33.078921604048844],[139.85925422830007,33.08375769396247],[139.8546482883878,33.09076637866548],[139.8543725427587,33.093572279637044],[139.85739788640342,33.098386486347295],[139.85155564217916,33.1046283605105],[139.84896461712344,33.11164027018236],[139.84487027274497,33.11628635133411],[139.83606361934062,33.11814112661176],[139.83040588812128,33.11712172169018],[139.82395433252645,33.11933284703332],[139.817043580397,33.12022216232299],[139.81696632953253,33.12335487422814],[139.8144736588323,33.12830676624429],[139.809985940199,33.13006389223489],[139.80556880755444,33.12943961344746],[139.80284538340777,33.132894413946076],[139.79803323074907,33.133517377924704],[139.79677924846362,33.13562226995185],[139.79607736717685,33.14247399148155],[139.78890190769698,33.14529840499745],[139.78347617458587,33.14886983857224],[139.77595003976262,33.156259153237386],[139.77089357997477,33.15819100041438],[139.7681305325981,33.15750252352268],[139.76001391730847,33.15897735142369]]],[[[139.75843693901356,32.47347305453786],[139.75518416311866,32.471755279282775],[139.7546855510974,32.466146946024764],[139.7546186127588,32.45133361365538],[139.76105416311918,32.44608889248843],[139.76734583724067,32.44300749499996],[139.77006722442297,32.44316777487296],[139.77911416318818,32.44725249560622],[139.781091673442,32.450335278950035],[139.78080605775347,32.457150495199244],[139.7773100008559,32.46164361336213],[139.77420722468378,32.46331889205328],[139.76991722470018,32.46896944128673],[139.75843693901356,32.47347305453786]]]]},"properties":{"N03_001":"東京都","prefectureCode":"13"}},{"type":"Feature","geometry":{"type":"MultiPolygon","coordinates":[[[[139.69474936369227,35.465281333566736],[139.69239697733872,35.472012054013135],[139.67258571935554,35.46522638768772],[139.6731092740738,35.46061700067412],[139.67719817035936,35.45816002766321],[139.69548822240358,35.44982519817438],[139.70224785965104,35.45512069416475],[139.6980736707634,35.46091697313983],[139.68842697772288,35.45700117116718],[139.68469286578318,35.45886046823608],[139.69486785926438,35.46376691930794],[139.69474936369227,35.465281333566736]]],[[[139.72532833943137,35.46979643205975],[139.74184357941772,35.47702513500201],[139.73506619944567,35.487359694294526],[139.73895678262943,35.48906372161349],[139.73411713409848,35.49459786529928],[139.7144968480511,35.48619182029631],[139.70218700342753,35.480537251992644],[139.7002663285283,35.47868505417199],[139.70594557692687,35.47453533313916],[139.7127073923324,35.464253865323656],[139.72532833943137,35.46979643205975]]],[[[139.71145665390156,35.49080085657431],[139.7313681053538,35.499063613495025],[139.73006069974156,35.511222279384754],[139.73240783405436,35.50992417096376],[139.73381208765784,35.50060380232367],[139.7487711407756,35.506844198001374],[139.74905372125227,35.509275459394985],[139.7460543833032,35.518980892554225],[139.75587610869547,35.527786468570696],[139.75637311272908,35.53034394621619],[139.76095819646366,35.5302740275244],[139.77011133526992,35.51386735999074],[139.77623763845634,35.50955605416863],[139.7801899214278,35.51331144136998],[139.79074566807822,35.50787810808828],[139.79419785964353,35.511779332949914],[139.7915601948472,35.513378440862425],[139.79611180311724,35.518582027038974],[139.79017344924534,35.52001546813938],[139.78761124476318,35.5244652524695],[139.77446404677835,35.53222429731352],[139.7764963806036,35.53447000069002],[139.76781592331227,35.53945383491903],[139.75648691319856,35.54455313558262],[139.74677719810927,35.54382844122961],[139.73940664150336,35.545124559450926],[139.7346380034412,35.54098346831245],[139.72611189444842,35.5434704139285],[139.71730238749524,35.53800405394401],[139.7107515305588,35.5365435324581],[139.70347180278156,35.53659130624385],[139.6979426728161,35.541451613101515],[139.6984460314593,35.54540161359364],[139.70353355383054,35.54941102689742],[139.70307581060024,35.55332213530835],[139.69778358004828,35.55612908129211],[139.6896177565543,35.55728689187663],[139.68114250332394,35.561437468164684],[139.6764066932144,35.56603830622288],[139.67125894954097,35.578521639961764],[139.669309222043,35.58471883850365],[139.66332978014393,35.589866081244665],[139.6551386387373,35.590146360366305],[139.64324391667344,35.59815636012797],[139.63116641999432,35.60723802711334],[139.62487472159114,35.609761919576954],[139.61794055831024,35.6138774681707],[139.61219167270758,35.61585302689571],[139.60473722464326,35.6158246676743],[139.60006805429737,35.61839855884648],[139.5966230609991,35.61849883854404],[139.5902355514296,35.618430775260094],[139.58638639371713,35.620455224728914],[139.57734557663707,35.62182130570875],[139.5711175232551,35.62441074795771],[139.5619706356957,35.63259069474666],[139.55856396865227,35.63374597339799],[139.54942817147298,35.634374586018396],[139.54772094706414,35.636693468129124],[139.53595097355867,35.63948233324311],[139.53088763935318,35.64195844112919],[139.52538875538687,35.64264761319686],[139.5211831387909,35.63677041412336],[139.5232597804146,35.63217013544346],[139.517455862598,35.63066069443556],[139.51458027239758,35.62472738674304],[139.50341910470797,35.62286158659299],[139.4948813099246,35.6173907479847],[139.49578099889402,35.612358532120595],[139.50002347600264,35.60728046791934],[139.49757483790847,35.60486880275312],[139.49403927379353,35.60578410844988],[139.48906897445363,35.60466689236324],[139.48655121896365,35.60843410834747],[139.48126844478293,35.61005661302232],[139.476711776927,35.615327999987244],[139.47623652389655,35.61888744110257],[139.46786208826484,35.62052164056132],[139.46415819749768,35.62451441412777],[139.45241422753463,35.61578300028526],[139.44928058437554,35.61177605353112],[139.4528719716642,35.607447999925284],[139.45737725045979,35.60721217160449],[139.4637981067973,35.609161054639],[139.47027505834728,35.603486054637756],[139.4711922445265,35.6010602251493],[139.4768836454639,35.59954466695285],[139.47929447515992,35.595743559118034],[139.48188586344511,35.59536827918203],[139.4944594424494,35.58630717163874],[139.49392664180118,35.5827816133808],[139.49921635515068,35.580969946206096],[139.5054574451051,35.57478689220136],[139.50701330695907,35.57582189227267],[139.50657494267955,35.57171577486315],[139.50060185519158,35.5704427215544],[139.49626710854034,35.564640225565995],[139.49103097320096,35.56142577517943],[139.48641350128207,35.56894605451686],[139.48286795109516,35.57138383869324],[139.4862974455707,35.57853522512062],[139.48986941604073,35.583578559303135],[139.48498302254848,35.58460883792759],[139.48220299597153,35.58172050509728],[139.47600632982835,35.58073161327337],[139.47324046757353,35.57667353225776],[139.47325182960833,35.573851027103274],[139.46992625274697,35.56989325203626],[139.46829177714392,35.56329602689016],[139.47040983164845,35.56040519844123],[139.47972761383835,35.55938855893493],[139.48199036386427,35.555629387386375],[139.48239338514668,35.54741633329718],[139.48033252932282,35.543146333336665],[139.48163722437846,35.53994577567704],[139.48681635522033,35.53552550541464],[139.4857730221073,35.53135244146205],[139.48779771709098,35.52788246850116],[139.4864709994372,35.520301081130015],[139.4832832175465,35.51915302729043],[139.47698678331346,35.511214135124305],[139.48113089527465,35.50531138721078],[139.48486422882937,35.50404750473479],[139.47638308730973,35.5013536129789],[139.4677225287718,35.50237330658291],[139.4682678335937,35.50620553275917],[139.46484814532573,35.51090161351868],[139.46328486370555,35.51783827961299],[139.45576625171122,35.52046769402892],[139.45482308771534,35.522741360025805],[139.4582498563459,35.52804994654787],[139.44865050631586,35.535247639966656],[139.44509747107145,35.541130721505624],[139.44069500547016,35.54296930628851],[139.43600693907737,35.546829558672854],[139.42871897570024,35.550377306167775],[139.42391167308529,35.55589264053299],[139.4224411925071,35.55943541451285],[139.4181936711011,35.561765802549814],[139.41342705598692,35.56624713479113],[139.40897686029393,35.575329999979544],[139.40324756282484,35.57556525183497],[139.40124348929567,35.577533676238204],[139.39914758779105,35.58465033354611],[139.39108452712924,35.58525950552183],[139.38861814451184,35.588533080937],[139.38532958549206,35.58819265786491],[139.37704542200868,35.591713523460385],[139.3727821660642,35.59497777560392],[139.36135975358948,35.59905049452752],[139.3567272890332,35.59900931492797],[139.33789106342192,35.60434692796838],[139.3294851092504,35.60368164908891],[139.32056363130664,35.606515973133696],[139.31403478617653,35.604352568516276],[139.30477195809692,35.60468808133172],[139.2991999222387,35.6062286496325],[139.2968447335976,35.6094427483842],[139.2926051226284,35.61180827922874],[139.2828737089834,35.613266440889554],[139.27987949354383,35.61148089272905],[139.26879949431427,35.609354532116015],[139.26584199641104,35.60735146849555],[139.2647750578244,35.602458694317086],[139.25770533136185,35.60423066714225],[139.25222367118485,35.60166733340045],[139.24687000099948,35.60522053147396],[139.2386375620739,35.60697674797859],[139.23797977994298,35.60935008134123],[139.22988144067597,35.61456755934546],[139.22887450035796,35.62022589221118],[139.22544980466478,35.62375310791964],[139.22023228349315,35.6255716944782],[139.22143396840295,35.62946641454346],[139.21545924864552,35.636943360048065],[139.21446341135743,35.641396667022605],[139.21573483779264,35.645559721404084],[139.21146121896015,35.64911666690068],[139.20526538289118,35.65157805468351],[139.1980300780258,35.65294858640817],[139.19255894893638,35.65037386516178],[139.19153394303714,35.64739802739712],[139.18405642016774,35.64508858636924],[139.17916280152212,35.64556774875268],[139.17524613440162,35.649731613423285],[139.16933749682812,35.65147522530145],[139.16716894898786,35.661831585958964],[139.16160367077703,35.66790658629515],[139.15359780789254,35.666021559747264],[139.14716031139926,35.6668171081231],[139.1367314132242,35.672412081052755],[139.13134138859425,35.671994586081325],[139.1300024770328,35.66761319789083],[139.1274924763967,35.667248748530994],[139.12389827468564,35.662918467913016],[139.11981021926624,35.660408198379685],[139.12006741907624,35.657497919393506],[139.11726377360435,35.65489653234914],[139.12696875477667,35.6419004410506],[139.12362094624973,35.63407989257303],[139.12438953292727,35.63075100068986],[139.12346505776623,35.62405961306075],[139.12603810537428,35.6230051984312],[139.12979450071566,35.617932414149664],[139.13371477231897,35.615810747967714],[139.1277853046481,35.61264491942757],[139.13240752297935,35.608919639894374],[139.13301613488682,35.606481586655946],[139.12933328070642,35.59459633355402],[139.12459688693684,35.592647414546605],[139.12143766481643,35.58691825197582],[139.12401211356826,35.582154108725206],[139.12777099823302,35.58100022548007],[139.12810902641047,35.57523161324838],[139.12701788526726,35.571711613700074],[139.12964177694653,35.56703827949303],[139.12841092072745,35.56264772091566],[139.12128586285235,35.55617327937341],[139.11521944192373,35.55371105432175],[139.1119607774266,35.549793558740625],[139.11171383872272,35.54453522562022],[139.11392185510954,35.5384874413424],[139.10663569358246,35.532174360658246],[139.10411455304427,35.52689102709928],[139.0943045008521,35.52187130641573],[139.0857899733287,35.5120863066378],[139.08076053187312,35.51273602724592],[139.07446630414304,35.50993961325178],[139.06855405982208,35.51089072093009],[139.06603822258592,35.509408225409345],[139.06008124518553,35.50749936048971],[139.05333844451366,35.50882910787709],[139.05140233455018,35.510578027554004],[139.04601922210952,35.509663054606335],[139.04393338491786,35.49943972166585],[139.03693503190127,35.49094864041352],[139.0306202719081,35.488701999897444],[139.02787444834723,35.48452783798939],[139.02754944145363,35.480967802422185],[139.02368555104738,35.48097310842229],[139.02095027203745,35.478793081635445],[139.01485830094293,35.47991089204574],[139.00814136123495,35.47455891965848],[138.99779661442233,35.47497364022138],[138.98882158185063,35.47364058594434],[138.98503518782377,35.46854669457434],[138.97876933863415,35.46374169422387],[138.97346347525922,35.46654502763096],[138.96923014245715,35.4635152791069],[138.9592523084435,35.462229171200185],[138.95448255502595,35.45983666702864],[138.940583307074,35.44957027904519],[138.9373152266851,35.44880694637108],[138.93739133524195,35.4470011084145],[138.93210961057014,35.44284889266231],[138.92740374788468,35.437644721027084],[138.92672758810772,35.43048722550509],[138.93064452682347,35.42632917135421],[138.93016978011133,35.42087055902914],[138.92672586230879,35.42002555963194],[138.925663605591,35.41531083862435],[138.9180663038169,35.411339171665475],[138.9157679118597,35.40431527942667],[138.91640291791003,35.40061361320665],[138.93132050583677,35.40110802631443],[138.93773413702093,35.39914858613838],[138.94573391688687,35.39971941371999],[138.94803669303906,35.40127025142101],[138.966408780341,35.40190133357976],[138.96945992193787,35.40490272018445],[138.98006191982176,35.40464605367248],[138.98407082950519,35.40177189235902],[138.99359535684027,35.40346966669182],[138.99817732802137,35.40257074754203],[139.00179705603497,35.39893519778975],[139.00095783393692,35.391909919607144],[138.99861749670015,35.38404046859279],[138.99929693900265,35.38209353259049],[139.00591586292683,35.37538461260982],[139.00526583654914,35.37403655943973],[139.0068391042413,35.36138572157387],[139.01229219207838,35.35809099963572],[139.0118141115321,35.35542600070943],[139.00811488969043,35.35030350550244],[139.0109171079382,35.343884332695836],[139.0108209731095,35.33816294656276],[139.0185284948942,35.32984572130306],[139.01679596626093,35.323176864320885],[139.00963286616388,35.31364853195424],[139.01069591428507,35.31059827888754],[139.0060414137239,35.29799105442229],[139.0066578081114,35.29557108054098],[139.004612244503,35.2898980271904],[138.99720830132208,35.288701639669],[138.99318603131042,35.284884720853256],[138.9859520880185,35.27827944054377],[138.98224119297674,35.27332391886381],[138.98152785972297,35.26961974715368],[138.97547111460028,35.2637528012508],[138.97437413685702,35.25616391892976],[138.97557997393676,35.251914504450895],[138.9744558105873,35.247828387070456],[138.97601136163507,35.241878386978044],[138.97873968888564,35.239393386595566],[138.97607411183083,35.23555283719372],[138.97951442335204,35.23321727895433],[138.98061105071034,35.228215081078915],[138.9836455248212,35.221675639719024],[138.98228160761016,35.217584802696535],[138.98780775632292,35.212662585609905],[138.98643435845895,35.20555897296828],[138.9877446428011,35.20082425193772],[138.9930543840527,35.19881286422236],[139.00159413666017,35.18980533284986],[139.00901191936464,35.18343866696097],[139.01382944187526,35.182367837905474],[139.02162783385756,35.18191144096028],[139.02166335887694,35.17951533316614],[139.0265353047606,35.175426441377226],[139.0291241894298,35.17029863927081],[139.02778666642155,35.16701697355455],[139.02944775560945,35.1647772524683],[139.0263732811021,35.160554747503625],[139.03052577204676,35.15874919751752],[139.0284113103338,35.15487419778606],[139.03042795098918,35.14975280155062],[139.03961577215023,35.150668053288086],[139.04860055786946,35.14962666623774],[139.05141442323713,35.14716361291045],[139.0603383662227,35.146124170194355],[139.06613197061404,35.14412583793711],[139.07282533052467,35.14518444160876],[139.0835864454582,35.14111194625934],[139.0900989750877,35.14018527942716],[139.10124372192024,35.14036944169641],[139.10851150490214,35.141872225023235],[139.11141202257204,35.141434977816324],[139.11329169835324,35.142183919252545],[139.12005272325462,35.14917033314441],[139.12641345002078,35.1494227215814],[139.13182744428116,35.15083986516771],[139.1373576390439,35.148573387451904],[139.14256344924388,35.14501755891325],[139.1476506604497,35.14453230632091],[139.15071977949424,35.14064813530325],[139.1553822822666,35.141850694354105],[139.16181250234513,35.141605333219616],[139.1575731386895,35.147332278961585],[139.1492357713139,35.14762169428582],[139.1436097277068,35.151876054136665],[139.1442313355078,35.15974630644695],[139.1404921918612,35.16325802773582],[139.14521041482885,35.16734017101214],[139.14339344974792,35.17283466718618],[139.13879343636802,35.176060000268876],[139.13719762537016,35.17881601854447],[139.13595505728017,35.18246761318983],[139.1400623087286,35.18788930654631],[139.13773900105411,35.192600694666396],[139.13830403340444,35.19959517098039],[139.14097360524772,35.20277417099123],[139.14240634127964,35.208804919411534],[139.14143783348925,35.215227324381544],[139.14267861192843,35.21833574829623],[139.1417339685479,35.22544200044803],[139.14420849452642,35.23391691013734],[139.1481820878331,35.23864747719938],[139.1576140722317,35.24363377547843],[139.171116743443,35.25399194647122],[139.18643057101406,35.26108789239237],[139.20787492858517,35.27728522563268],[139.21480508358775,35.27984599119958],[139.22145277592494,35.281244090742234],[139.2340808033864,35.28644291950519],[139.2497897795747,35.29280074865568],[139.2598509467639,35.29551510853548],[139.26927477251286,35.29728800953404],[139.31226316491325,35.30594672086454],[139.31754992129186,35.30722074813906],[139.32143661490795,35.30974564064883],[139.3300429434272,35.31211887418675],[139.33833894828388,35.3135892792219],[139.35856143925912,35.31508525198285],[139.36786855998616,35.31417260468203],[139.37436073885704,35.31533260421634],[139.38292900087276,35.31517969428751],[139.38431849480276,35.31620119822679],[139.39711274935394,35.316101306030475],[139.40332610871303,35.318209171216324],[139.4147403364974,35.31612172154024],[139.42347530494146,35.3183589461085],[139.4380448373994,35.31914555072666],[139.45446121851046,35.3178012252464],[139.46872866329727,35.31499700061113],[139.47661635436134,35.31139574821526],[139.482888520389,35.304745387589605],[139.48867009095204,35.307588333434865],[139.5096431651001,35.305010720868154],[139.52583177671522,35.30181869417743],[139.5316667184444,35.30374858622832],[139.53440844379475,35.30860925191547],[139.53951177624754,35.309384721128026],[139.54692749680657,35.30681402704579],[139.5521076646371,35.302883081389155],[139.55190547275947,35.29940577535632],[139.55368036305833,35.29431122568258],[139.5610594155596,35.29286617163655],[139.57104652357827,35.293220892130535],[139.57342344973245,35.28720444113213],[139.56968612181709,35.28502206351749],[139.5686156677789,35.284158532690185],[139.57105603031164,35.27531333344365],[139.56891099884353,35.27227164012413],[139.5709869129157,35.270333802563016],[139.56738089501232,35.26729494660458],[139.57236260674892,35.266144505064915],[139.57696447453088,35.26272538696708],[139.57984289143633,35.25584174849797],[139.57659077744245,35.253081783997175],[139.5775993383388,35.253304477719496],[139.57805348877753,35.253370541017716],[139.58076116669451,35.253717892466796],[139.58591461656636,35.25149361363941],[139.59983505794162,35.238887387542945],[139.59967861187852,35.235011559535906],[139.6040691434763,35.23159980238904],[139.6026588329388,35.22541336063813],[139.60856374731918,35.222128279296726],[139.61293250273286,35.2231245590512],[139.62146302200097,35.220038748589445],[139.62670038851218,35.21674989189404],[139.62700608246485,35.21319213520894],[139.62305513588592,35.20760977527095],[139.617119169714,35.20818902770151],[139.6140949412286,35.209934559632245],[139.60900713377225,35.2089049734858],[139.60501608282607,35.203694775493545],[139.60519486355213,35.199463667614225],[139.5991824118389,35.19638972100887],[139.60131938987797,35.19355544103081],[139.60581591377343,35.194061135213246],[139.61027705564163,35.19013789224999],[139.61571665360077,35.18993414454519],[139.61788403412095,35.18460438708286],[139.6161670556652,35.18089922521909],[139.6184604662776,35.17902136074724],[139.62016880674514,35.17347889203728],[139.61676944135672,35.171590468625254],[139.6168605579685,35.16694217154401],[139.62257788546106,35.16557305445298],[139.61643744493222,35.16161089242877],[139.61388871589156,35.15571789226698],[139.61006413665064,35.15278255906787],[139.61608031065782,35.14733927928438],[139.61133296944104,35.14642713560386],[139.60762097272982,35.142732694558276],[139.61497338461402,35.139099387626686],[139.6230459394186,35.13902541389177],[139.6274986375521,35.13723564071228],[139.6301347204411,35.139892801911344],[139.63993050578824,35.141068171758775],[139.64606055734896,35.13774044096863],[139.65189102495094,35.142209694721714],[139.65280619934674,35.13952466712976],[139.65699542130176,35.13906113496347],[139.6642845523902,35.140233946239675],[139.6633486639098,35.143091225479736],[139.66539069962118,35.14648364000806],[139.66893055799892,35.144664748579316],[139.6690991700907,35.141972252117796],[139.67702007761454,35.139374468656854],[139.68099138754258,35.151041225172435],[139.67937033707142,35.15673227897156],[139.67694530438234,35.15789744151374],[139.66839208802446,35.15761125205768],[139.66336542187673,35.15940386529621],[139.66043411134524,35.16432244102788],[139.65999055761824,35.171205505729574],[139.65579647123025,35.17343363995059],[139.6549869123162,35.18079094594543],[139.6594536704506,35.18867072117689],[139.66478269766344,35.19306018887664],[139.66711841778078,35.19555622573927],[139.68546391662653,35.207088279100844],[139.69270405984457,35.20941280265879],[139.70337710776732,35.21025466701934],[139.71476175055443,35.21181261296175],[139.71681241166357,35.21066569406656],[139.72497741857308,35.21191197365869],[139.72276344957356,35.21827855950795],[139.71597891099805,35.21833336059615],[139.71340849480623,35.22393077518518],[139.71766085546415,35.228347000413805],[139.72133191953253,35.227238532032686],[139.72260308696298,35.2241821087174],[139.72673807979857,35.22453277506759],[139.7292728270794,35.22914044167811],[139.7277156932247,35.233172414475405],[139.72015980433162,35.240312892126326],[139.72718011636937,35.239646972929506],[139.73321972760846,35.24083994610669],[139.7341782097567,35.24596325250218],[139.73781105083935,35.24952925237312],[139.7464177813556,35.25333646840335],[139.7462158107112,35.25631277561416],[139.73955219138054,35.261406747923104],[139.73316038854114,35.26155550568211],[139.72735919567037,35.264145532490375],[139.72108092054816,35.26317155951989],[139.70319625140598,35.26395608130815],[139.69458927357618,35.265082694410864],[139.69099486412176,35.266484224867156],[139.69015992184302,35.271090081142404],[139.68458975401404,35.2735914141125],[139.6857701168974,35.275584586059836],[139.67732014271053,35.280051198504054],[139.67413457764872,35.286909721606435],[139.68001569326964,35.28934613521602],[139.6774256673607,35.292211081176504],[139.6798041367516,35.295822000385044],[139.67420722398424,35.30046083839704],[139.66871713358887,35.301832838714574],[139.66179094639517,35.300666054694716],[139.66541771705408,35.29260833330801],[139.65751403334605,35.29095810793041],[139.66073549844452,35.28719180206008],[139.66083121868587,35.28290438762741],[139.6552070816416,35.28477022546559],[139.65229610837878,35.28802022515333],[139.64965230840733,35.2880503335561],[139.64683593932716,35.295535171511006],[139.6424442799796,35.29918946861915],[139.63894379931696,35.29497197287827],[139.63536469452515,35.296159468284884],[139.63244386469262,35.301439081348576],[139.6389560049157,35.300677306112846],[139.64495975388957,35.30867480260014],[139.64490097240207,35.31268244154148],[139.64822527857382,35.31262113565691],[139.65310619969148,35.31740850569804],[139.65569241157561,35.32157050517475],[139.6612245776522,35.32225953245154],[139.66066856010605,35.328174414018065],[139.64899208731504,35.327420441300376],[139.64073238629067,35.330373468660696],[139.63773521390908,35.32564466696783],[139.6374439945448,35.3253095768755],[139.63725268446387,35.325122378494996],[139.63689333246134,35.32470118910862],[139.6368379764915,35.324625396045235],[139.63580142689443,35.32343884762474],[139.63214486349477,35.32219158597297],[139.631602723387,35.32520484722596],[139.62346900029422,35.33011010849475],[139.62979360579038,35.32959658661321],[139.63495005130392,35.33267044148772],[139.63380306046292,35.33596608086998],[139.6390168863203,35.340642387336345],[139.6457894935903,35.33968046797929],[139.65695333302995,35.34193486510202],[139.65692741906525,35.35349394668833],[139.65483525244497,35.35366908156294],[139.65097797655244,35.35983810794238],[139.65093605645393,35.36641650571721],[139.65651364458904,35.3665399736409],[139.6565051361032,35.37268472102312],[139.65415702962332,35.37476883871096],[139.6504750576778,35.37323561333295],[139.64589321689846,35.37809333374042],[139.65106914352623,35.38276810866131],[139.65320557657617,35.38738727939949],[139.64568069990446,35.390539225105215],[139.63968330643945,35.38537441409801],[139.63381280191936,35.38284569407358],[139.62930090771079,35.383981613360845],[139.62742933849324,35.38620708109198],[139.63653002524052,35.39029480196359],[139.63130233453512,35.39455861368913],[139.6246195326654,35.39166517091098],[139.62217910448214,35.396085505142025],[139.62602330693016,35.40163680249651],[139.6321003362616,35.40039619852581],[139.64536403332352,35.4028274680133],[139.64176136179742,35.40692289247755],[139.6312990007483,35.404807441510286],[139.6277168607446,35.40914066740794],[139.63104658892905,35.411027360524315],[139.63381250244515,35.40838505432686],[139.64239228297754,35.41160052364529],[139.65257868975482,35.41301919787776],[139.66319844385316,35.40661927955614],[139.66588846987702,35.40853202693154],[139.6688684697042,35.40644891918231],[139.66955455260063,35.40287694601432],[139.6794462776237,35.41085517092944],[139.68126219139708,35.41495661365684],[139.67800581101937,35.41619100061422],[139.68121763898296,35.42642191933618],[139.68539383875475,35.42665713521865],[139.69061389061858,35.4392239737075],[139.68534869009,35.44200413518274],[139.67830619987126,35.43037953258943],[139.67534610833627,35.43158835991494],[139.6814994676264,35.44157572154239],[139.67528108825172,35.445709054229496],[139.6711509985198,35.43884280235352],[139.66854588738283,35.440225278873584],[139.67431577125592,35.449712441176246],[139.67035758783243,35.45130227887711],[139.66406686069718,35.44284138692052],[139.66028077783574,35.44125880225198],[139.65697714707778,35.444339784253714],[139.66362705534436,35.44675753243422],[139.66160396834857,35.44934269391024],[139.6571441116115,35.45133413556198],[139.6518557715267,35.44512519816942],[139.64668464278213,35.44811736042789],[139.64413433183404,35.453850559156024],[139.63850238687576,35.456801532464794],[139.63551168601555,35.45543257725171],[139.6380740856506,35.457380279476354],[139.6383878600118,35.46378397315192],[139.63347451383777,35.46497233370627],[139.63812250245155,35.465178559043295],[139.64197124467728,35.473437946204285],[139.6446565492604,35.47597861372208],[139.65156525273426,35.47639755929998],[139.64832352770873,35.48038446796886],[139.65145182843924,35.481516198214024],[139.65388452694947,35.47665180213903],[139.66914955910488,35.477486559157455],[139.6672489615704,35.483517495536034],[139.6731400515722,35.47513213494011],[139.66790469504565,35.47356286563377],[139.6684178598964,35.46782941419616],[139.67459364468107,35.469574586398096],[139.67566678229628,35.47124769412585],[139.68177438408065,35.47289041466098],[139.6817719837901,35.478356360058],[139.68646972739612,35.47980013526808],[139.68948905277762,35.47891461331881],[139.69280077743394,35.48140638739494],[139.688330194483,35.48976186531786],[139.69321373442642,35.492413036132746],[139.69630099909193,35.48404436065874],[139.71145665390156,35.49080085657431]]],[[[139.64570038876195,35.47471097343271],[139.64204588750772,35.47169061293147],[139.65291552453186,35.463611467894964],[139.6522790005755,35.46697302758321],[139.65596116677455,35.4702240812764],[139.65039221752693,35.47444605474169],[139.64570038876195,35.47471097343271]]],[[[139.69213811827956,35.41008125214813],[139.68887761271174,35.41279391950383],[139.68417275007243,35.40897677495826],[139.68018891078964,35.410188441443495],[139.6711553827148,35.40291336046329],[139.67638191958997,35.399762252026335],[139.682250441105,35.40450202724679],[139.68537309948897,35.40190943197473],[139.6792783912848,35.395155973069734],[139.682371893648,35.3931590545468],[139.68921206158745,35.39883242317785],[139.68543644593535,35.4046824861079],[139.69213811827956,35.41008125214813]]],[[[139.63430175072529,35.330393108055546],[139.62954238647205,35.328801865613684],[139.63357632878456,35.323093775057714],[139.63810050593372,35.32701953252547],[139.63430175072529,35.330393108055546]]],[[[139.64579286604794,35.33869350520115],[139.6416777167533,35.33566164057231],[139.64581391647914,35.33433941413273],[139.64579286604794,35.33869350520115]]],[[[139.77120311223393,35.506218251870905],[139.76118858568475,35.505732251941936],[139.73628328074892,35.49445366710313],[139.7404452523466,35.48816455964675],[139.7456105840613,35.48501325245968],[139.77867639390047,35.49955291933179],[139.77609121893465,35.50345622522468],[139.77120311223393,35.506218251870905]]],[[[139.7569597800699,35.52665889229411],[139.7489675617037,35.519949721402554],[139.74851561550327,35.51834608090695],[139.7517724113677,35.50946786574946],[139.75382827505496,35.50857541452382],[139.76495924787105,35.51160746801031],[139.7660327497117,35.5135635860907],[139.758900803929,35.526395613067166],[139.7569597800699,35.52665889229411]]],[[[139.65184241209772,35.307418441607865],[139.6437032804821,35.30032536002739],[139.64853282692843,35.294704306758376],[139.65277379947133,35.296785360456056],[139.6518453303977,35.29911802737513],[139.65643461666434,35.3018695859127],[139.65184241209772,35.307418441607865]]],[[[139.48266654972156,35.30279253224961],[139.4742401170878,35.29858510801637],[139.47673530499037,35.29742617148071],[139.48717383850192,35.29859155975271],[139.48266654972156,35.30279253224961]]],[[[139.60977124454735,35.137860865586504],[139.61015994772345,35.13282508121256],[139.62189894857772,35.13234483874339],[139.6254118542737,35.130365278934505],[139.62716005179504,35.13380280255734],[139.62115997385376,35.1364335057018],[139.60977124454735,35.137860865586504]]]]},"properties":{"N03_001":"神奈川県","prefectureCode":"14"}}]}